Tweet_ID,true_label,TF-IDF + LogReg_correct,LSTM_correct,CNN_correct,TCN_correct,Transformer_correct,n_models_correct
ID_00395QYM,sexual_violence,True,True,True,True,True,5
ID_005VM1DJ,sexual_violence,True,True,True,True,True,5
ID_00AWI88Y,sexual_violence,True,True,True,True,True,5
ID_00BXFFCR,sexual_violence,True,True,True,True,True,5
ID_00MIXY6E,sexual_violence,True,True,True,True,True,5
ID_00NQLUCP,sexual_violence,True,True,True,True,True,5
ID_00SF8ERO,Physical_violence,True,True,True,True,True,5
ID_018FTDXZ,sexual_violence,True,True,True,True,True,5
ID_01B5G98D,sexual_violence,True,True,True,True,True,5
ID_01CFO9SR,sexual_violence,True,True,True,True,True,5
ID_01DF0C5S,sexual_violence,True,True,True,True,True,5
ID_01MUXTVA,sexual_violence,True,True,True,True,True,5
ID_01N1ZAXZ,emotional_violence,True,True,True,True,True,5
ID_01YR7ASW,Physical_violence,True,True,True,True,True,5
ID_027BTSLC,sexual_violence,True,True,True,True,True,5
ID_0296YCM7,Physical_violence,True,True,True,True,True,5
ID_02IBHRQ8,sexual_violence,True,True,True,True,True,5
ID_02N5D8KX,sexual_violence,True,True,True,True,True,5
ID_02OH5M24,sexual_violence,True,True,True,True,True,5
ID_032V99WD,sexual_violence,True,True,True,True,True,5
ID_03358677,Physical_violence,True,True,True,True,True,5
ID_03JXE0R4,sexual_violence,True,True,True,True,True,5
ID_0467KPT1,Physical_violence,True,True,True,True,True,5
ID_0486Z6UX,sexual_violence,True,True,True,True,True,5
ID_04BG2ETJ,sexual_violence,True,True,True,True,True,5
ID_04H6EDL2,sexual_violence,True,True,True,True,True,5
ID_04J0QDOR,sexual_violence,True,True,True,True,True,5
ID_04QVJZ4F,Physical_violence,True,True,True,True,True,5
ID_04QZBN65,sexual_violence,True,True,True,True,True,5
ID_054TPAOF,Physical_violence,True,True,True,True,True,5
ID_0557YSMX,sexual_violence,True,True,True,True,True,5
ID_058OQ45J,sexual_violence,True,True,True,True,True,5
ID_05AB8CRE,sexual_violence,True,True,True,True,True,5
ID_05G9F711,sexual_violence,True,True,True,True,True,5
ID_05GHB0IM,sexual_violence,True,True,True,True,True,5
ID_05RV4APP,sexual_violence,True,True,True,True,True,5
ID_061SOMG8,sexual_violence,True,True,True,True,True,5
ID_06L1363H,Physical_violence,True,True,True,True,True,5
ID_06N0H7F1,sexual_violence,True,True,True,True,True,5
ID_076LPV7S,sexual_violence,True,True,True,True,True,5
ID_07F3OJNQ,sexual_violence,True,True,True,True,True,5
ID_07HDKUKY,sexual_violence,True,True,True,True,True,5
ID_07JPRHYS,sexual_violence,True,True,True,True,True,5
ID_07WJ9ZB1,sexual_violence,True,True,True,True,True,5
ID_07Y2LNPP,sexual_violence,True,True,True,True,True,5
ID_08BG31HG,Physical_violence,True,True,True,True,True,5
ID_08OYD6PO,sexual_violence,True,True,True,True,True,5
ID_08S8OU7I,Physical_violence,True,True,True,True,True,5
ID_090FGT4F,sexual_violence,True,True,True,True,True,5
ID_092793L6,sexual_violence,True,True,True,True,True,5
ID_096NW3CU,sexual_violence,True,True,True,True,True,5
ID_09C4OIQT,sexual_violence,True,True,True,True,True,5
ID_09DX2Q7T,sexual_violence,True,True,True,True,True,5
ID_09IOX654,Physical_violence,True,True,True,True,True,5
ID_09MJWEYB,sexual_violence,True,True,True,True,True,5
ID_09XB1W0W,sexual_violence,True,True,True,True,True,5
ID_0A5TZZJV,sexual_violence,True,True,True,True,True,5
ID_0A62GRVI,sexual_violence,True,True,True,True,True,5
ID_0ACXTA4O,sexual_violence,True,True,True,True,True,5
ID_0ADBABUD,sexual_violence,True,True,True,True,True,5
ID_0AI4ITSC,Physical_violence,True,True,True,True,True,5
ID_0APS0HTV,Physical_violence,True,True,True,True,True,5
ID_0ASZX9GU,sexual_violence,True,True,True,True,True,5
ID_0B15SIJZ,sexual_violence,True,True,True,True,True,5
ID_0B8EU9BK,sexual_violence,True,True,True,True,True,5
ID_0BKA00K8,sexual_violence,True,True,True,True,True,5
ID_0BN1HFSH,sexual_violence,True,True,True,True,True,5
ID_0BTQ0PFE,sexual_violence,True,True,True,True,True,5
ID_0BVSG5VD,sexual_violence,True,True,True,True,True,5
ID_0BW40ASA,sexual_violence,True,True,True,True,True,5
ID_0BXDKDJ8,sexual_violence,True,True,True,True,True,5
ID_0C5YL9K0,sexual_violence,True,True,True,True,True,5
ID_0C60IY1V,sexual_violence,True,True,True,True,True,5
ID_0CF605CY,sexual_violence,True,True,True,True,True,5
ID_0CJ6N60E,sexual_violence,True,True,True,True,True,5
ID_0CUEQFW9,sexual_violence,True,True,True,True,True,5
ID_0CXLC2N5,sexual_violence,True,True,True,True,True,5
ID_0D60UQFA,sexual_violence,True,True,True,True,True,5
ID_0DBFGFZV,sexual_violence,True,True,True,True,False,4
ID_0DBI7008,sexual_violence,True,True,True,True,True,5
ID_0DE21HWX,Physical_violence,True,True,True,True,True,5
ID_0DH63KAQ,sexual_violence,True,True,True,True,True,5
ID_0DKF8T08,sexual_violence,True,True,True,True,True,5
ID_0DWDKO7U,sexual_violence,True,True,True,True,True,5
ID_0DXGR6F3,sexual_violence,True,True,True,True,True,5
ID_0E0IRC3Z,sexual_violence,True,True,True,True,True,5
ID_0E2G57VU,sexual_violence,True,True,True,True,True,5
ID_0EQ2RZXG,sexual_violence,True,True,True,True,True,5
ID_0EVKMRQ8,sexual_violence,True,True,True,True,True,5
ID_0EY35GXT,sexual_violence,True,True,True,True,True,5
ID_0FAXYGT3,sexual_violence,True,True,True,True,True,5
ID_0FE6S2EJ,sexual_violence,True,True,True,True,True,5
ID_0FJZHF7Z,sexual_violence,True,True,True,True,True,5
ID_0FNZJF6B,sexual_violence,True,True,True,True,True,5
ID_0FP6JEZQ,sexual_violence,True,True,True,True,True,5
ID_0FT4JYK4,sexual_violence,True,True,True,True,True,5
ID_0FTD5CZ8,sexual_violence,True,True,True,True,True,5
ID_0FUETCQW,sexual_violence,True,True,True,True,True,5
ID_0G0R7MXQ,sexual_violence,True,True,True,True,True,5
ID_0GAUSAO8,sexual_violence,True,True,True,True,True,5
ID_0GEKCZKY,sexual_violence,True,True,True,True,True,5
ID_0GESMT3M,sexual_violence,True,True,True,True,True,5
ID_0GLSRMQT,sexual_violence,True,True,True,True,True,5
ID_0GU04YLM,Physical_violence,True,True,True,True,True,5
ID_0GVGIX26,sexual_violence,True,True,True,True,True,5
ID_0H9EZOT2,Physical_violence,True,True,True,True,True,5
ID_0H9TTS0K,sexual_violence,True,True,True,True,True,5
ID_0HI1Z63C,sexual_violence,True,True,True,True,True,5
ID_0HS9O153,sexual_violence,True,True,True,True,True,5
ID_0HX8TOSL,sexual_violence,True,True,True,True,True,5
ID_0IBRJMXK,Physical_violence,True,True,True,True,True,5
ID_0IFAI49W,sexual_violence,True,True,True,True,True,5
ID_0IFEEUW5,sexual_violence,True,True,True,True,True,5
ID_0IOI9P3K,sexual_violence,True,True,True,True,True,5
ID_0IPDUBD2,emotional_violence,True,True,True,True,True,5
ID_0ISQ6OYQ,sexual_violence,True,True,True,True,True,5
ID_0IXRVV4E,Physical_violence,True,True,True,True,True,5
ID_0J2DOODF,sexual_violence,True,True,True,True,True,5
ID_0J6WUU6Y,sexual_violence,True,True,True,True,True,5
ID_0JHBZK2E,sexual_violence,True,True,True,True,True,5
ID_0JK1JVJ7,Physical_violence,True,True,True,True,True,5
ID_0JM29738,sexual_violence,True,True,True,True,True,5
ID_0JOUSB83,sexual_violence,True,True,True,True,True,5
ID_0JPNUTOM,sexual_violence,True,True,True,True,True,5
ID_0JQYBZEE,emotional_violence,True,True,True,True,True,5
ID_0JSZ0XE8,sexual_violence,True,True,True,True,True,5
ID_0K0AVMR7,Physical_violence,True,True,True,True,True,5
ID_0K2C240N,sexual_violence,True,True,True,True,True,5
ID_0K81TLHM,Harmful_Traditional_practice,True,True,True,False,True,4
ID_0KKZW3WA,sexual_violence,True,True,True,True,True,5
ID_0KL8JM1Q,sexual_violence,True,True,True,True,True,5
ID_0KNA5MWU,sexual_violence,True,True,True,True,True,5
ID_0KT9UQPK,Physical_violence,True,True,True,True,True,5
ID_0KWM5ULH,sexual_violence,True,True,True,True,True,5
ID_0L4OX1D9,sexual_violence,True,True,True,True,True,5
ID_0L8I11MB,sexual_violence,True,True,True,True,True,5
ID_0LB2JYJH,sexual_violence,True,True,True,True,True,5
ID_0LCXQTYD,sexual_violence,True,True,True,True,True,5
ID_0LDKPE72,sexual_violence,True,True,True,True,True,5
ID_0LKYZUER,sexual_violence,True,True,True,True,True,5
ID_0LZDC8Z8,sexual_violence,True,True,True,True,True,5
ID_0MCEM2VW,sexual_violence,True,True,True,True,True,5
ID_0MDK3T2R,sexual_violence,True,True,True,True,True,5
ID_0MXE6RH3,sexual_violence,True,True,True,True,True,5
ID_0N04K9A9,Physical_violence,True,True,True,True,True,5
ID_0N1L97DH,sexual_violence,True,True,True,True,True,5
ID_0N7EBXRY,sexual_violence,True,True,True,True,True,5
ID_0NLBKHK2,sexual_violence,True,True,True,True,True,5
ID_0NWMO5U5,sexual_violence,True,True,True,True,True,5
ID_0O0ENHRD,sexual_violence,True,True,True,True,True,5
ID_0O2JZRRD,sexual_violence,True,True,True,True,True,5
ID_0O6VW1C8,sexual_violence,True,True,True,True,True,5
ID_0OBWI9IH,sexual_violence,True,True,True,True,True,5
ID_0OD30SA1,Physical_violence,True,True,True,True,True,5
ID_0OG0GVXA,sexual_violence,True,True,True,True,True,5
ID_0OL163RK,Physical_violence,True,True,True,True,True,5
ID_0OW1YV2H,sexual_violence,True,True,True,True,True,5
ID_0PAVP28I,Physical_violence,True,True,True,True,True,5
ID_0PCC5PPO,sexual_violence,True,True,True,True,True,5
ID_0PEKO586,sexual_violence,True,True,True,True,True,5
ID_0PFT1OU2,sexual_violence,True,True,True,True,True,5
ID_0PGQ9SEY,sexual_violence,True,True,True,True,True,5
ID_0PL3VPAP,sexual_violence,True,True,True,True,True,5
ID_0PL7ZJJ2,sexual_violence,True,True,True,True,True,5
ID_0PTBX7D4,sexual_violence,True,True,True,True,True,5
ID_0PTOD6VV,sexual_violence,True,True,True,True,True,5
ID_0PUH9WYP,sexual_violence,True,True,True,True,True,5
ID_0PYX79ZE,sexual_violence,True,True,True,True,True,5
ID_0PZGC62M,sexual_violence,True,True,True,True,True,5
ID_0Q11283O,sexual_violence,True,True,True,True,True,5
ID_0Q4AZ9F6,sexual_violence,True,True,True,True,True,5
ID_0Q64TNLY,sexual_violence,True,True,True,True,True,5
ID_0Q6EHB66,sexual_violence,True,True,True,True,True,5
ID_0QE2KXH0,sexual_violence,True,True,True,True,True,5
ID_0QL4F08Y,sexual_violence,True,True,True,True,True,5
ID_0QYTFUHY,sexual_violence,True,True,True,True,True,5
ID_0R1T7LEW,sexual_violence,True,True,True,True,True,5
ID_0RBFBVFA,Harmful_Traditional_practice,False,False,False,True,True,2
ID_0RCKB5ZC,sexual_violence,True,True,True,True,True,5
ID_0RGC4TA3,sexual_violence,True,True,True,True,True,5
ID_0RRTJ0G7,sexual_violence,True,True,True,True,True,5
ID_0RTEJ69Z,sexual_violence,True,True,True,True,True,5
ID_0RYW3APB,sexual_violence,True,True,True,True,True,5
ID_0S4QDO9Y,sexual_violence,True,True,True,True,True,5
ID_0SUMYHPJ,sexual_violence,True,True,True,True,True,5
ID_0SXLH0ZK,sexual_violence,True,True,True,True,True,5
ID_0SXTZOUP,Physical_violence,True,True,True,True,True,5
ID_0T1CQFXL,Physical_violence,True,True,True,True,True,5
ID_0T6S6SAY,sexual_violence,True,True,True,True,True,5
ID_0TOP9L2D,sexual_violence,True,True,True,True,True,5
ID_0TTE3FB5,sexual_violence,True,True,True,True,True,5
ID_0U1NES4K,sexual_violence,True,True,True,True,True,5
ID_0U7GYKXQ,sexual_violence,True,True,True,True,True,5
ID_0U7IM2K7,sexual_violence,True,True,True,True,True,5
ID_0UBSJ9YG,sexual_violence,True,True,True,True,True,5
ID_0UGSGLLY,sexual_violence,True,True,True,True,True,5
ID_0ULM7B7J,sexual_violence,True,True,True,True,True,5
ID_0UY0CPL5,sexual_violence,True,True,True,True,True,5
ID_0V3P8VZS,sexual_violence,True,True,True,True,True,5
ID_0VFGT38M,sexual_violence,True,True,True,True,True,5
ID_0VJU7B2W,Harmful_Traditional_practice,True,True,True,True,True,5
ID_0VPSKJD9,sexual_violence,True,True,True,True,True,5
ID_0VRLLS8C,sexual_violence,True,True,True,True,True,5
ID_0VUKF4DE,sexual_violence,True,True,True,True,True,5
ID_0VXEMR16,sexual_violence,True,True,True,True,True,5
ID_0VYH1176,sexual_violence,True,True,True,True,True,5
ID_0W6WIKZC,sexual_violence,True,True,True,True,True,5
ID_0WKJ322D,economic_violence,True,True,True,True,True,5
ID_0WKZCY4T,sexual_violence,True,False,True,False,True,3
ID_0WPL7P9Y,sexual_violence,True,True,True,True,True,5
ID_0X7RPVEP,sexual_violence,True,False,True,True,True,4
ID_0XBV0QR6,sexual_violence,True,True,True,True,True,5
ID_0XK03MJ7,sexual_violence,True,True,True,True,True,5
ID_0Y70AOSL,sexual_violence,True,True,True,True,True,5
ID_0YDAR98V,sexual_violence,True,True,True,True,True,5
ID_0YQC0S4J,emotional_violence,True,True,True,True,True,5
ID_0YSBOCRI,sexual_violence,True,True,True,True,True,5
ID_0YYAD680,sexual_violence,True,True,True,True,True,5
ID_0YYFQM02,sexual_violence,True,True,True,True,True,5
ID_0ZQ5SMKA,sexual_violence,True,True,True,True,True,5
ID_108MURWU,sexual_violence,True,True,True,True,True,5
ID_10CT46CO,Physical_violence,True,True,True,True,True,5
ID_10DC6BGV,Physical_violence,True,True,True,True,True,5
ID_10FHV8KR,sexual_violence,True,True,True,True,True,5
ID_10L0TWF9,sexual_violence,True,True,True,True,True,5
ID_10OFEWI4,sexual_violence,True,True,True,True,True,5
ID_10SRSDTS,Physical_violence,True,True,True,True,True,5
ID_115J8YGT,sexual_violence,True,True,True,True,True,5
ID_11DH50TR,sexual_violence,True,True,True,True,True,5
ID_11DV6434,sexual_violence,True,True,True,True,True,5
ID_11Q5E3JX,sexual_violence,True,True,True,True,True,5
ID_11TEPPEK,sexual_violence,True,True,True,True,True,5
ID_11UFP194,sexual_violence,True,True,True,True,True,5
ID_11VBTCFU,sexual_violence,True,True,True,True,True,5
ID_11VF48F2,sexual_violence,True,True,True,True,True,5
ID_12G0ENST,sexual_violence,True,True,True,True,True,5
ID_12HTZKPQ,sexual_violence,True,True,True,True,True,5
ID_12INK9IW,sexual_violence,True,True,True,True,True,5
ID_12KGCZGT,sexual_violence,True,True,True,True,True,5
ID_12KIU67B,sexual_violence,True,True,True,True,True,5
ID_12KXY85J,sexual_violence,True,True,True,True,True,5
ID_12MIYRDI,sexual_violence,True,True,True,True,True,5
ID_12MOV6L1,sexual_violence,True,True,True,True,True,5
ID_12Q33OI4,sexual_violence,True,True,True,True,True,5
ID_12SD7TF3,sexual_violence,True,True,True,True,True,5
ID_12VSOV1O,sexual_violence,True,True,True,True,True,5
ID_12WVK5TF,sexual_violence,True,True,True,True,True,5
ID_133HQHMV,sexual_violence,True,True,True,True,True,5
ID_13CUE4US,Physical_violence,True,True,True,True,True,5
ID_13X6X0FI,sexual_violence,True,True,True,True,True,5
ID_1431PLEO,sexual_violence,True,True,True,True,True,5
ID_1498G9DK,sexual_violence,True,True,True,True,True,5
ID_14MTJP3U,sexual_violence,True,True,True,True,True,5
ID_14O51OW4,sexual_violence,True,True,True,True,True,5
ID_14WTOPN8,sexual_violence,True,True,True,True,True,5
ID_159A862P,Physical_violence,True,True,True,True,True,5
ID_15RCHBUO,sexual_violence,True,True,True,True,True,5
ID_15TN1RF0,sexual_violence,True,True,True,True,True,5
ID_162FZRUM,sexual_violence,True,True,True,True,True,5
ID_167CQSE6,sexual_violence,True,True,True,True,True,5
ID_1688L1NL,sexual_violence,True,True,True,True,True,5
ID_16CIW8K4,Physical_violence,True,True,True,True,True,5
ID_16DWP3FY,sexual_violence,True,True,True,True,True,5
ID_16HB80CV,sexual_violence,True,True,True,True,True,5
ID_16MW2S3K,sexual_violence,True,True,True,True,True,5
ID_16NU2S2G,sexual_violence,True,True,True,True,True,5
ID_16WSBAFZ,emotional_violence,True,True,True,True,True,5
ID_16YA1RTZ,sexual_violence,True,True,True,True,True,5
ID_171VMZI8,sexual_violence,True,True,True,True,True,5
ID_17G9CK0J,sexual_violence,True,True,True,True,True,5
ID_17HSA81T,sexual_violence,True,True,True,True,True,5
ID_17MOV8OA,sexual_violence,True,True,True,True,True,5
ID_17SE08O5,sexual_violence,True,True,True,True,True,5
ID_17WWBPQO,sexual_violence,True,True,True,True,True,5
ID_1815T6XS,sexual_violence,True,True,True,True,True,5
ID_18CP8HZL,Physical_violence,True,True,True,True,True,5
ID_18DHZ2HS,Physical_violence,True,True,True,True,True,5
ID_18JZHIGV,sexual_violence,True,True,True,True,True,5
ID_18QXXTD3,sexual_violence,True,True,True,True,True,5
ID_18WK5ZDK,sexual_violence,True,True,True,True,True,5
ID_19FUPKO6,sexual_violence,True,True,True,True,True,5
ID_19G5AKNU,sexual_violence,True,True,True,True,True,5
ID_19M6FO9Q,sexual_violence,True,True,True,True,True,5
ID_19Q70DH0,sexual_violence,True,True,True,True,True,5
ID_19Q81ADL,sexual_violence,True,True,True,True,True,5
ID_1A3M5B3O,sexual_violence,True,True,True,True,True,5
ID_1AIC4UP0,sexual_violence,True,True,True,True,True,5
ID_1AIDFP93,sexual_violence,True,True,True,True,True,5
ID_1AJRQH6O,sexual_violence,True,True,True,True,True,5
ID_1AKZ7J5T,sexual_violence,True,True,True,True,True,5
ID_1AN0U6HN,emotional_violence,True,True,True,True,True,5
ID_1ATW49UF,sexual_violence,True,True,True,True,True,5
ID_1AVJCFHA,Physical_violence,True,True,True,True,True,5
ID_1AY9J44D,sexual_violence,True,True,True,True,True,5
ID_1B5BRXSX,sexual_violence,True,True,True,True,True,5
ID_1B7VIYWJ,sexual_violence,True,True,True,True,True,5
ID_1BDINC20,sexual_violence,True,True,True,True,True,5
ID_1BMB2KH6,sexual_violence,True,True,True,True,True,5
ID_1BO29CRA,Physical_violence,True,True,True,True,True,5
ID_1BZY2AOX,Physical_violence,True,True,True,True,True,5
ID_1C2NSSLQ,Physical_violence,True,True,True,True,True,5
ID_1CBPGC1R,sexual_violence,True,True,True,True,True,5
ID_1CBRYDJY,sexual_violence,True,True,True,True,True,5
ID_1CFVPUR0,sexual_violence,True,True,True,True,True,5
ID_1CG249I8,emotional_violence,True,True,True,True,True,5
ID_1CS2TX6A,sexual_violence,True,True,True,True,True,5
ID_1CV1RVLQ,sexual_violence,True,True,True,True,True,5
ID_1D0E2EN7,sexual_violence,True,True,True,True,True,5
ID_1D3Z0LK4,Physical_violence,True,True,True,True,True,5
ID_1DHXU547,sexual_violence,True,True,True,True,True,5
ID_1ELOLDWC,sexual_violence,True,True,True,True,True,5
ID_1ETBKS3C,Physical_violence,True,True,True,True,True,5
ID_1EYBAVQL,sexual_violence,True,True,True,True,True,5
ID_1F4U9QRH,Physical_violence,True,True,True,True,True,5
ID_1FCGGPZK,sexual_violence,True,True,True,True,True,5
ID_1G5D6V64,sexual_violence,True,True,True,True,True,5
ID_1G65QI7U,Physical_violence,True,True,True,True,True,5
ID_1G6NV8AW,sexual_violence,True,True,True,True,True,5
ID_1G8ZG63X,sexual_violence,True,True,True,True,True,5
ID_1GH2WLOO,sexual_violence,True,True,True,True,True,5
ID_1GPGZ70Z,sexual_violence,True,True,True,True,True,5
ID_1GPX73QT,Physical_violence,True,True,True,True,True,5
ID_1GRLKTVN,sexual_violence,True,True,True,True,True,5
ID_1H0QLU18,Physical_violence,True,True,True,True,True,5
ID_1H51IHUU,sexual_violence,True,True,True,True,True,5
ID_1HD91378,sexual_violence,True,True,True,True,True,5
ID_1HHJ5UNV,sexual_violence,True,True,True,True,True,5
ID_1HPRHHC2,sexual_violence,True,True,True,True,True,5
ID_1HUXD9R4,sexual_violence,True,True,True,True,True,5
ID_1HV2DG7E,sexual_violence,True,True,True,True,True,5
ID_1I0XAT8J,sexual_violence,True,True,True,True,True,5
ID_1I130AWV,sexual_violence,True,True,True,True,True,5
ID_1I8VJV3K,sexual_violence,True,True,True,True,True,5
ID_1IAVEG97,sexual_violence,True,True,True,True,True,5
ID_1IDD7H18,sexual_violence,True,True,True,True,True,5
ID_1ITFO6ZN,sexual_violence,True,True,True,True,True,5
ID_1J2STBW5,sexual_violence,True,True,True,True,True,5
ID_1J5YOBZG,sexual_violence,True,True,True,True,True,5
ID_1JHK54DF,Physical_violence,True,True,True,True,True,5
ID_1JPOQOSB,sexual_violence,True,True,True,True,True,5
ID_1JPTZCMC,sexual_violence,True,True,True,True,True,5
ID_1JT41MSP,sexual_violence,True,True,True,True,True,5
ID_1JU179O8,sexual_violence,True,True,True,True,True,5
ID_1JZGFF62,sexual_violence,True,True,True,True,True,5
ID_1JZHO18A,sexual_violence,True,True,True,True,True,5
ID_1K1Y85GG,sexual_violence,True,True,True,True,True,5
ID_1K226AZG,sexual_violence,True,True,True,True,True,5
ID_1K2CKAYI,sexual_violence,True,True,True,True,True,5
ID_1KK572T1,Physical_violence,True,True,True,True,True,5
ID_1KPCALIX,sexual_violence,True,True,True,True,True,5
ID_1KRHURJ2,sexual_violence,True,True,True,True,True,5
ID_1L33EY84,sexual_violence,True,True,True,True,True,5
ID_1L5QKL5V,sexual_violence,True,True,True,True,True,5
ID_1LF92UMC,sexual_violence,True,True,True,True,True,5
ID_1LH4P772,sexual_violence,True,True,True,True,True,5
ID_1LQFCW5E,sexual_violence,True,True,True,True,True,5
ID_1LSG8914,sexual_violence,True,True,True,True,True,5
ID_1M0HUXN9,sexual_violence,True,True,True,True,True,5
ID_1MBXCSER,sexual_violence,True,True,True,True,True,5
ID_1MGZ3TYT,sexual_violence,True,True,True,True,True,5
ID_1MRTBR1M,sexual_violence,True,True,True,True,True,5
ID_1MXT3OWD,Physical_violence,True,True,True,True,True,5
ID_1N4AMJHI,sexual_violence,True,True,True,True,True,5
ID_1N62BBL0,Physical_violence,True,True,True,True,True,5
ID_1NI45AOP,emotional_violence,True,True,True,False,True,4
ID_1NKCD9U6,sexual_violence,True,True,True,True,True,5
ID_1NM8CEPZ,sexual_violence,True,True,True,True,True,5
ID_1NN2QDPX,sexual_violence,True,True,True,True,True,5
ID_1NTQAI3I,sexual_violence,True,True,True,True,True,5
ID_1NZLTAIK,sexual_violence,True,True,True,True,True,5
ID_1O1BRGNO,sexual_violence,True,True,True,True,True,5
ID_1O7ET6DW,sexual_violence,True,True,True,True,True,5
ID_1O7LX6T6,Physical_violence,True,True,True,True,True,5
ID_1OD1RMQ3,sexual_violence,True,True,True,True,True,5
ID_1OFH7ZZH,Physical_violence,True,True,True,True,True,5
ID_1OG5CIWJ,sexual_violence,True,True,True,True,True,5
ID_1OIZ1LDA,sexual_violence,True,True,True,True,True,5
ID_1OJ3VFHI,Physical_violence,True,True,True,True,True,5
ID_1OPNPBQE,sexual_violence,True,True,True,True,True,5
ID_1OR9OFJE,sexual_violence,True,True,True,True,True,5
ID_1OW9TTF7,sexual_violence,True,True,True,True,True,5
ID_1OXTYJUQ,sexual_violence,True,True,True,True,True,5
ID_1P6VBPMF,sexual_violence,True,True,True,True,True,5
ID_1P7RLQ27,Physical_violence,True,True,True,True,True,5
ID_1P86OL78,sexual_violence,True,True,True,True,True,5
ID_1P8S52X3,sexual_violence,True,True,True,True,True,5
ID_1P9Q5HHU,sexual_violence,True,True,True,True,True,5
ID_1PBGV8W6,sexual_violence,True,True,True,True,True,5
ID_1PLIHAT6,sexual_violence,True,True,True,True,True,5
ID_1PVZCA10,sexual_violence,True,True,True,True,True,5
ID_1PYANST2,sexual_violence,True,True,True,True,True,5
ID_1Q449XBG,sexual_violence,True,True,True,True,True,5
ID_1Q93DSMZ,sexual_violence,True,True,True,True,True,5
ID_1QAXPJJT,sexual_violence,True,True,True,True,True,5
ID_1QW1XO9B,sexual_violence,True,True,True,True,True,5
ID_1R2D3G3I,Physical_violence,True,True,True,True,True,5
ID_1RCZYMWD,sexual_violence,True,True,True,True,True,5
ID_1RF5DVQI,sexual_violence,True,True,True,True,True,5
ID_1RUCT9HL,Physical_violence,True,True,True,True,True,5
ID_1S0ETDNL,sexual_violence,True,True,True,True,True,5
ID_1SGAG59U,sexual_violence,True,True,True,True,True,5
ID_1SS2HJ5L,sexual_violence,True,True,True,True,True,5
ID_1SV3YQVV,sexual_violence,True,True,True,True,True,5
ID_1SVBHU7R,sexual_violence,True,True,True,True,True,5
ID_1SWDV1VT,sexual_violence,True,True,True,True,True,5
ID_1TBKGUVE,sexual_violence,True,True,True,True,True,5
ID_1TC98MRJ,sexual_violence,True,True,True,True,True,5
ID_1TF1G8X6,sexual_violence,True,True,True,True,True,5
ID_1TIQRSWM,sexual_violence,True,True,True,True,True,5
ID_1TKDZJKW,sexual_violence,True,True,True,True,True,5
ID_1TNXXU81,sexual_violence,True,True,True,True,True,5
ID_1U8N83J0,sexual_violence,True,True,True,True,True,5
ID_1UOX65QJ,sexual_violence,True,True,True,True,True,5
ID_1UV6GCDM,sexual_violence,True,True,True,True,True,5
ID_1UWEGMG3,sexual_violence,True,True,True,True,True,5
ID_1V75KS83,sexual_violence,True,True,True,True,True,5
ID_1V89606W,sexual_violence,True,True,True,True,True,5
ID_1VIKHSJ4,sexual_violence,True,True,True,True,True,5
ID_1VLKYKS9,sexual_violence,True,True,True,True,True,5
ID_1VQV88KN,sexual_violence,True,True,True,True,True,5
ID_1VR9484Y,sexual_violence,True,True,True,True,True,5
ID_1VSK9OGD,sexual_violence,True,True,True,True,True,5
ID_1VY7Q56T,sexual_violence,True,True,True,True,True,5
ID_1W4RTQDL,sexual_violence,True,True,True,True,True,5
ID_1WASJHVD,Physical_violence,True,True,True,True,True,5
ID_1WE8N4VA,sexual_violence,True,True,True,True,True,5
ID_1WMRMCN1,sexual_violence,True,True,True,True,True,5
ID_1WQ8SGZ1,sexual_violence,True,True,True,True,True,5
ID_1WQ8VCLY,sexual_violence,True,True,True,True,True,5
ID_1WSDO5LZ,sexual_violence,True,True,True,True,True,5
ID_1WWTGWOD,sexual_violence,True,True,True,True,True,5
ID_1X05FSI0,Physical_violence,True,True,True,True,True,5
ID_1X35772K,Physical_violence,True,True,True,True,True,5
ID_1X7GM6IU,sexual_violence,True,True,True,True,True,5
ID_1XT8L6WV,sexual_violence,True,True,True,True,True,5
ID_1XTE2BED,sexual_violence,True,True,True,True,True,5
ID_1XZT864H,sexual_violence,True,True,True,True,True,5
ID_1Y38YPWN,sexual_violence,True,True,True,True,True,5
ID_1Y3RDREO,sexual_violence,True,True,True,True,True,5
ID_1Y427X4U,sexual_violence,True,True,True,True,True,5
ID_1YAG1P3B,sexual_violence,True,True,True,True,True,5
ID_1YD6ONSJ,Physical_violence,True,True,True,True,True,5
ID_1YE5FBLZ,sexual_violence,True,True,True,True,True,5
ID_1YIINTLN,sexual_violence,True,True,True,True,True,5
ID_1YJMFM50,sexual_violence,True,True,True,True,True,5
ID_1Z0W20U0,sexual_violence,True,True,True,True,True,5
ID_1Z8OHH3Y,sexual_violence,True,True,True,True,True,5
ID_1ZEHN9QG,sexual_violence,True,True,True,True,True,5
ID_1ZF3UTRA,sexual_violence,True,True,True,True,True,5
ID_1ZI790WL,sexual_violence,True,True,True,True,True,5
ID_1ZIB94AZ,Physical_violence,True,True,True,True,True,5
ID_1ZII6OP8,sexual_violence,True,True,True,True,True,5
ID_1ZKCNBDU,sexual_violence,True,True,True,True,True,5
ID_1ZN2VH0L,Physical_violence,True,True,True,True,True,5
ID_1ZNFI4D2,Physical_violence,True,True,True,True,True,5
ID_1ZOJYTMN,sexual_violence,True,True,True,True,True,5
ID_1ZSY0IDM,sexual_violence,True,True,True,True,True,5
ID_1ZUOXFKD,sexual_violence,True,True,True,True,True,5
ID_1ZVN8L6H,sexual_violence,True,True,True,True,True,5
ID_1ZZ2XJZU,Physical_violence,True,True,True,True,True,5
ID_201NFY8P,Physical_violence,True,True,True,True,True,5
ID_203H6ICF,sexual_violence,True,True,True,True,True,5
ID_2045SJC9,sexual_violence,True,True,True,True,True,5
ID_205S5CA5,emotional_violence,True,True,True,True,True,5
ID_208BKLVV,sexual_violence,True,True,True,True,True,5
ID_209W33VR,sexual_violence,True,True,True,True,True,5
ID_20DPBQDM,emotional_violence,True,True,True,True,True,5
ID_20Q8HDPS,sexual_violence,True,True,True,True,True,5
ID_20VR8V5U,Physical_violence,True,True,True,True,True,5
ID_20X7X6RI,sexual_violence,True,True,True,True,True,5
ID_21011KBV,sexual_violence,True,True,True,True,True,5
ID_21CQBXHO,Physical_violence,True,True,True,True,True,5
ID_21GUT3TV,sexual_violence,True,True,True,True,True,5
ID_21KKIO8N,sexual_violence,True,True,True,True,True,5
ID_21VUG5GR,sexual_violence,True,True,True,True,True,5
ID_222WOFYU,Physical_violence,True,True,True,True,True,5
ID_222ZL6CS,sexual_violence,True,True,True,True,True,5
ID_228J5JYT,sexual_violence,True,True,True,True,True,5
ID_22DITNE0,sexual_violence,True,True,True,True,True,5
ID_22DVLUML,sexual_violence,True,True,True,True,True,5
ID_22E4KIT5,sexual_violence,True,True,True,True,True,5
ID_22HSLBMO,Physical_violence,True,True,True,True,True,5
ID_22XZOBJM,sexual_violence,True,True,True,True,True,5
ID_23AD6WRF,sexual_violence,True,True,True,True,True,5
ID_23BL6CI8,sexual_violence,True,True,True,True,True,5
ID_23FGRDGJ,Physical_violence,True,True,True,True,True,5
ID_23S9Q143,sexual_violence,True,True,True,True,True,5
ID_243ORXGJ,sexual_violence,True,True,True,True,True,5
ID_24BZDX3P,sexual_violence,True,True,True,True,True,5
ID_24EI3XP5,sexual_violence,True,True,True,True,True,5
ID_24VYZWD5,sexual_violence,True,True,True,True,True,5
ID_24WBLW8W,sexual_violence,True,True,True,True,True,5
ID_24ZYUR4U,sexual_violence,True,True,True,True,True,5
ID_2537Q0P5,sexual_violence,True,True,True,True,True,5
ID_25H8P247,Physical_violence,True,True,True,True,True,5
ID_25IRP45H,sexual_violence,True,True,True,True,True,5
ID_25OKQ05J,sexual_violence,True,True,True,True,True,5
ID_25XJ8OB8,sexual_violence,True,True,True,True,True,5
ID_25ZX4VMV,sexual_violence,True,True,True,True,True,5
ID_260EW1I7,sexual_violence,True,True,True,True,True,5
ID_26DIVH87,sexual_violence,True,True,True,True,True,5
ID_26LQBK6A,sexual_violence,True,True,True,True,True,5
ID_26PMWD78,sexual_violence,True,True,True,True,True,5
ID_26RMONJI,sexual_violence,True,True,True,True,True,5
ID_26VB5EOZ,Physical_violence,True,True,True,True,True,5
ID_26XN292B,sexual_violence,True,True,True,True,True,5
ID_26YP8FYH,sexual_violence,True,True,True,True,True,5
ID_27AX0F0T,sexual_violence,True,True,True,True,True,5
ID_27RFJXYQ,sexual_violence,True,True,True,True,True,5
ID_27S1HY0E,sexual_violence,True,True,True,True,True,5
ID_27T3OEW0,Physical_violence,True,True,True,True,True,5
ID_289T5ZK3,sexual_violence,True,True,True,True,True,5
ID_28CICB5V,sexual_violence,True,True,True,True,True,5
ID_2908XHNJ,sexual_violence,True,True,True,True,True,5
ID_296RW3RZ,sexual_violence,True,True,True,True,True,5
ID_29CO5CEL,sexual_violence,True,True,True,True,True,5
ID_29FBY2T7,Physical_violence,True,True,True,True,True,5
ID_29P1NOUP,sexual_violence,True,True,True,True,True,5
ID_2AGSOSJ6,Physical_violence,True,True,True,True,True,5
ID_2AI16R2O,sexual_violence,True,True,True,True,True,5
ID_2AVGH2RY,sexual_violence,True,True,True,True,True,5
ID_2AVRHIGF,sexual_violence,True,True,True,True,True,5
ID_2B1M7RBB,sexual_violence,True,True,True,True,True,5
ID_2BCXSG6W,sexual_violence,True,True,True,True,True,5
ID_2BCY5OFC,Physical_violence,True,True,True,True,True,5
ID_2BIGIBTI,sexual_violence,True,True,True,True,True,5
ID_2BJ0LI5V,sexual_violence,True,True,True,True,True,5
ID_2BWXKRWW,sexual_violence,True,True,True,True,True,5
ID_2BXRA8EP,sexual_violence,True,True,True,True,True,5
ID_2C6HIEKH,sexual_violence,True,True,True,True,True,5
ID_2C8CIZRC,sexual_violence,True,True,True,True,True,5
ID_2CBFWSR5,sexual_violence,True,True,True,True,True,5
ID_2CKFJFU9,sexual_violence,True,True,True,True,True,5
ID_2CV0FFDK,sexual_violence,True,True,True,True,True,5
ID_2CXBYCT4,sexual_violence,True,True,True,True,True,5
ID_2D0S8MA8,Physical_violence,True,True,True,True,True,5
ID_2D38E99F,sexual_violence,True,True,True,True,True,5
ID_2D5KM4NA,sexual_violence,True,True,True,True,True,5
ID_2DW3O2IP,sexual_violence,True,True,True,True,True,5
ID_2DZV3NEE,Physical_violence,True,True,True,True,True,5
ID_2E1S9ULX,sexual_violence,True,True,True,True,True,5
ID_2E6I967O,sexual_violence,True,True,True,True,True,5
ID_2EDMFQIS,sexual_violence,True,True,True,True,True,5
ID_2EE79SQA,sexual_violence,True,True,True,True,True,5
ID_2EH696A5,sexual_violence,True,True,True,True,True,5
ID_2ENGVV6C,sexual_violence,True,True,True,True,True,5
ID_2EV52FXA,sexual_violence,True,True,True,True,True,5
ID_2EXMRTCZ,sexual_violence,True,True,True,True,True,5
ID_2F0FDHYX,sexual_violence,True,True,True,True,True,5
ID_2F4T0BDE,sexual_violence,True,True,True,True,True,5
ID_2FFL6Z04,sexual_violence,True,True,True,True,True,5
ID_2FIA5ZDF,sexual_violence,True,True,True,True,True,5
ID_2FSKLZ4U,sexual_violence,True,True,True,True,True,5
ID_2FUT4DY9,sexual_violence,True,True,True,True,True,5
ID_2FVQG7WH,sexual_violence,True,True,True,True,True,5
ID_2FX5J9QI,sexual_violence,True,True,True,True,True,5
ID_2G5D55UU,sexual_violence,True,True,True,True,True,5
ID_2G7AQMJQ,sexual_violence,True,True,True,True,True,5
ID_2G9EHISY,sexual_violence,True,True,True,True,True,5
ID_2GGJBBJU,emotional_violence,True,True,True,True,True,5
ID_2GNOUK2X,sexual_violence,True,True,True,True,True,5
ID_2GQUI1ZR,sexual_violence,True,True,True,True,True,5
ID_2H4HNIM8,sexual_violence,True,True,True,True,True,5
ID_2H4WHEIP,sexual_violence,True,True,True,True,True,5
ID_2HEZ5TY5,Physical_violence,True,True,True,True,True,5
ID_2HIALDD4,Physical_violence,True,True,True,True,True,5
ID_2HK8QR95,sexual_violence,True,True,True,True,True,5
ID_2HMBY4V7,emotional_violence,True,False,True,False,True,3
ID_2HT3ANJ5,Physical_violence,True,True,True,True,True,5
ID_2HX6P0ZN,Physical_violence,True,True,True,True,True,5
ID_2IBXM8C0,sexual_violence,True,True,True,True,True,5
ID_2IJSZPO2,sexual_violence,True,True,True,True,True,5
ID_2IT5U4L9,sexual_violence,True,True,True,True,True,5
ID_2J52ZIWY,sexual_violence,True,True,True,True,True,5
ID_2JG1Z6V3,sexual_violence,True,True,True,True,True,5
ID_2JIU73PO,sexual_violence,True,True,True,True,True,5
ID_2JN825PL,Physical_violence,True,True,True,True,True,5
ID_2JU5OX6Y,sexual_violence,True,True,True,True,True,5
ID_2K2B7W2R,sexual_violence,True,True,True,True,True,5
ID_2K3KRTEE,emotional_violence,True,True,True,True,True,5
ID_2KF9R1SH,sexual_violence,True,True,True,True,True,5
ID_2KW2NYCP,Physical_violence,True,True,True,True,True,5
ID_2KYO3KR4,sexual_violence,True,True,True,True,True,5
ID_2L1WNB9C,sexual_violence,True,True,True,True,True,5
ID_2L2RZAJG,sexual_violence,True,True,True,True,True,5
ID_2L31WVUS,Physical_violence,True,True,True,True,True,5
ID_2L4RBZPP,sexual_violence,True,True,True,True,True,5
ID_2L8XBK4D,sexual_violence,True,True,True,True,True,5
ID_2LCMVDUG,Physical_violence,True,True,True,True,True,5
ID_2LGGJT0U,sexual_violence,True,True,True,True,True,5
ID_2LH86AUZ,sexual_violence,True,True,True,True,True,5
ID_2LVSH2P7,sexual_violence,True,True,True,True,True,5
ID_2MF010RF,sexual_violence,True,True,True,True,True,5
ID_2MJFRLSQ,sexual_violence,True,True,True,True,True,5
ID_2MNKO8FO,sexual_violence,True,True,True,True,True,5
ID_2MNRBBEX,Physical_violence,True,True,True,True,True,5
ID_2MQZXUN4,sexual_violence,True,True,True,True,True,5
ID_2N4EFCKM,sexual_violence,True,True,True,True,True,5
ID_2N6D70CE,sexual_violence,True,True,True,True,True,5
ID_2N775BPA,Physical_violence,True,True,True,True,True,5
ID_2N7KBSNB,sexual_violence,True,True,True,True,True,5
ID_2N9EK0EF,sexual_violence,True,True,True,True,True,5
ID_2NBLMQGN,sexual_violence,True,True,True,True,True,5
ID_2NIKHATU,sexual_violence,True,True,True,True,True,5
ID_2NLIQWOW,sexual_violence,True,True,True,True,True,5
ID_2NMXNXYX,sexual_violence,True,True,True,True,True,5
ID_2NRBTRDC,sexual_violence,True,True,True,True,True,5
ID_2O0SMLDO,sexual_violence,True,True,True,True,True,5
ID_2O53BXGI,sexual_violence,True,True,True,True,True,5
ID_2O9OTSV0,sexual_violence,True,True,True,True,True,5
ID_2OWJZ6EQ,sexual_violence,True,True,True,True,True,5
ID_2P6QF6XN,sexual_violence,True,True,True,True,True,5
ID_2PS5ZERJ,emotional_violence,True,True,True,True,True,5
ID_2PSISQG7,sexual_violence,True,True,True,True,True,5
ID_2PT3TM13,sexual_violence,True,True,True,True,True,5
ID_2PYCZVSQ,Physical_violence,True,True,True,True,True,5
ID_2QJT8VE2,sexual_violence,True,True,True,True,True,5
ID_2QVQ68ZF,sexual_violence,True,True,True,True,True,5
ID_2RA4PM6B,sexual_violence,True,True,True,True,True,5
ID_2RDB653B,sexual_violence,True,True,True,True,True,5
ID_2RS0XD9H,Physical_violence,True,True,True,True,True,5
ID_2RSKJ6GO,sexual_violence,True,True,True,True,True,5
ID_2RTI7ZDF,sexual_violence,True,True,True,True,True,5
ID_2RTUIIBU,sexual_violence,True,True,True,True,True,5
ID_2RYM2OXF,sexual_violence,True,True,True,True,True,5
ID_2SCXWW45,sexual_violence,True,True,True,True,True,5
ID_2SGSKJJQ,sexual_violence,True,True,True,True,True,5
ID_2SVM2TOI,Physical_violence,True,True,True,True,True,5
ID_2T5B37P8,Physical_violence,True,True,True,True,True,5
ID_2TE259LV,sexual_violence,True,True,True,True,True,5
ID_2U2JUEA4,sexual_violence,True,True,True,True,True,5
ID_2UBJPS3C,Physical_violence,True,True,True,True,True,5
ID_2UBV78D9,sexual_violence,True,True,True,True,True,5
ID_2UFE4K6J,sexual_violence,True,True,True,True,True,5
ID_2UHCCQVZ,sexual_violence,True,True,True,True,True,5
ID_2UPGPTRM,sexual_violence,True,True,True,True,True,5
ID_2UX3YYWV,sexual_violence,True,True,True,True,True,5
ID_2V0MU5EV,sexual_violence,True,True,True,True,True,5
ID_2V42VH50,sexual_violence,True,True,True,True,True,5
ID_2V6075YP,sexual_violence,True,True,True,True,True,5
ID_2V840AJQ,sexual_violence,True,True,True,True,True,5
ID_2VCKQLYT,Physical_violence,True,True,True,True,True,5
ID_2VDHMENL,sexual_violence,True,True,True,True,True,5
ID_2VYCLM1B,sexual_violence,True,True,True,True,True,5
ID_2W2Y5JRD,sexual_violence,True,True,True,True,True,5
ID_2W4ZACTT,sexual_violence,True,True,True,True,True,5
ID_2W7LJCBB,sexual_violence,True,True,True,True,True,5
ID_2WA1U44I,Physical_violence,True,True,True,True,True,5
ID_2WBFZKBM,sexual_violence,True,True,True,True,True,5
ID_2WBRG5I0,sexual_violence,True,True,True,True,True,5
ID_2WE1LRP6,sexual_violence,True,True,True,True,True,5
ID_2WLS60AI,sexual_violence,True,True,True,True,True,5
ID_2WSBUC56,sexual_violence,True,True,True,True,True,5
ID_2WV8DF4U,sexual_violence,True,True,True,True,True,5
ID_2X2EJG9U,sexual_violence,True,True,True,True,True,5
ID_2X3JPG8D,sexual_violence,True,True,True,True,True,5
ID_2X4UDP7G,Physical_violence,True,True,True,True,True,5
ID_2XA29MHJ,sexual_violence,True,True,True,True,True,5
ID_2XIJWOOV,sexual_violence,True,True,True,True,True,5
ID_2XKOEMFJ,sexual_violence,True,True,True,True,True,5
ID_2XV580KD,sexual_violence,True,True,True,True,True,5
ID_2XYEK27G,sexual_violence,True,True,True,True,True,5
ID_2Y459PW9,sexual_violence,True,True,True,True,True,5
ID_2YB9TQO9,Physical_violence,True,True,True,True,True,5
ID_2YHG2OWA,sexual_violence,True,True,True,True,True,5
ID_2YJOB6M9,sexual_violence,True,True,True,True,True,5
ID_2YLS5VU3,sexual_violence,True,True,True,True,True,5
ID_2YWM7Y51,sexual_violence,True,True,True,True,True,5
ID_2ZI5FK0S,sexual_violence,True,True,True,True,True,5
ID_2ZLB04DF,sexual_violence,True,True,True,True,True,5
ID_2ZPZLLW3,sexual_violence,True,True,True,True,True,5
ID_2ZTT2CXS,Harmful_Traditional_practice,False,True,False,False,True,2
ID_3038JDSF,sexual_violence,True,True,True,True,True,5
ID_30B9KDC6,sexual_violence,True,True,True,True,True,5
ID_30DM12GF,sexual_violence,True,True,True,True,True,5
ID_310PJ8FR,Physical_violence,True,True,True,True,True,5
ID_313GRQ3F,sexual_violence,True,True,True,True,True,5
ID_3141J9KU,sexual_violence,True,True,True,True,True,5
ID_319QUTO4,sexual_violence,True,True,True,True,True,5
ID_31D2EVPL,sexual_violence,True,True,True,True,True,5
ID_31QNY108,sexual_violence,True,True,True,True,True,5
ID_32DJR5VT,sexual_violence,True,True,True,True,True,5
ID_32KKIVEJ,sexual_violence,True,True,True,True,True,5
ID_32VBZ8XS,sexual_violence,True,True,True,True,True,5
ID_336XZ6W9,Physical_violence,True,True,True,True,True,5
ID_33D2O1N9,sexual_violence,True,True,True,True,True,5
ID_33FD5961,sexual_violence,True,True,True,True,True,5
ID_33U8YWUZ,sexual_violence,True,True,True,True,True,5
ID_33Y8MNYU,sexual_violence,True,True,True,True,True,5
ID_347CRA0P,sexual_violence,True,True,True,True,True,5
ID_34BRMZ6R,sexual_violence,True,True,True,True,True,5
ID_34U6TKRX,sexual_violence,True,True,True,True,True,5
ID_34YTGN3Q,sexual_violence,True,True,True,True,True,5
ID_352AKC37,sexual_violence,True,True,True,True,True,5
ID_358QFYJO,sexual_violence,True,True,True,True,True,5
ID_35GJ6Z14,sexual_violence,True,True,True,True,True,5
ID_35HK2RK1,sexual_violence,True,True,True,True,True,5
ID_35N7H6OB,Physical_violence,True,True,True,True,True,5
ID_361L01U5,sexual_violence,True,True,True,True,True,5
ID_366NCOL0,sexual_violence,True,True,True,True,True,5
ID_367ZUM2P,Physical_violence,True,True,True,True,True,5
ID_36AJ4M90,sexual_violence,True,True,True,True,True,5
ID_36LMOM0M,sexual_violence,True,True,True,True,True,5
ID_36U88MTW,sexual_violence,True,True,True,True,True,5
ID_36W0V5S8,sexual_violence,True,True,True,True,True,5
ID_374UR3DN,emotional_violence,True,True,True,True,True,5
ID_37660SGE,Physical_violence,True,True,True,True,True,5
ID_37CZ5R8K,sexual_violence,True,True,True,True,True,5
ID_37EN6AFL,sexual_violence,True,True,True,True,True,5
ID_37JKPDN3,Physical_violence,True,True,True,True,True,5
ID_37JVIB3V,sexual_violence,True,True,True,True,True,5
ID_37KF2G6E,sexual_violence,True,True,True,True,True,5
ID_37OVPPSQ,sexual_violence,True,True,True,True,True,5
ID_37QR7EBQ,sexual_violence,True,True,True,True,True,5
ID_37R4O1AZ,sexual_violence,True,True,True,True,True,5
ID_37RG1OYU,sexual_violence,True,True,True,True,True,5
ID_37VMABK6,sexual_violence,True,True,True,True,True,5
ID_37XQ85T5,sexual_violence,True,True,True,True,True,5
ID_38L1H2FM,sexual_violence,True,True,True,True,True,5
ID_38S99J5R,sexual_violence,True,True,True,True,True,5
ID_38TVW54U,sexual_violence,True,True,True,True,True,5
ID_392CQB4K,sexual_violence,True,True,True,True,True,5
ID_3947ZXD4,sexual_violence,True,True,True,True,True,5
ID_3976C996,sexual_violence,True,True,True,True,True,5
ID_39AB5975,sexual_violence,True,True,True,True,True,5
ID_39E1BWJP,sexual_violence,True,True,True,True,True,5
ID_39GZ27HC,sexual_violence,True,True,True,True,True,5
ID_39HR8UKC,sexual_violence,True,True,True,True,True,5
ID_39IJF7QQ,sexual_violence,True,True,True,True,True,5
ID_39IVF2RH,sexual_violence,True,True,True,True,True,5
ID_39NTIC5T,sexual_violence,True,True,True,True,True,5
ID_39SEROGV,sexual_violence,True,True,True,True,True,5
ID_39VDNJZ0,economic_violence,True,True,True,True,True,5
ID_39W5MHCQ,sexual_violence,True,True,True,True,True,5
ID_3A54CHAK,sexual_violence,True,True,True,True,True,5
ID_3AKVXKOE,sexual_violence,True,True,True,True,True,5
ID_3ALYOC5J,sexual_violence,True,True,True,True,True,5
ID_3ANLD1IG,Physical_violence,True,True,True,True,True,5
ID_3B5V09E5,sexual_violence,True,True,True,True,True,5
ID_3B9OEXFG,sexual_violence,True,True,True,True,True,5
ID_3BAR126J,sexual_violence,True,True,True,True,True,5
ID_3BJZ921C,sexual_violence,True,True,True,True,True,5
ID_3BMOW5BU,sexual_violence,True,True,True,True,True,5
ID_3BQDK3U9,sexual_violence,True,True,True,True,True,5
ID_3BTK1F0F,sexual_violence,True,True,True,True,True,5
ID_3BUXLPAY,sexual_violence,True,True,True,True,True,5
ID_3BVR7NQJ,sexual_violence,True,True,True,True,True,5
ID_3BVVFY41,Physical_violence,True,True,True,True,True,5
ID_3BZT2HKT,sexual_violence,True,True,True,True,True,5
ID_3C45ZGGC,sexual_violence,True,True,True,True,True,5
ID_3CF3UUKM,sexual_violence,True,True,True,True,True,5
ID_3COWYPIZ,sexual_violence,True,True,True,True,True,5
ID_3CUXQVRJ,sexual_violence,True,True,True,True,True,5
ID_3CWITKTX,sexual_violence,True,True,True,True,True,5
ID_3DFY0DVD,sexual_violence,True,True,True,True,True,5
ID_3DKT56AE,sexual_violence,True,True,True,True,True,5
ID_3DLQRH53,sexual_violence,True,True,True,True,True,5
ID_3DS4GSZU,Physical_violence,True,True,True,True,True,5
ID_3DY20J6W,sexual_violence,True,True,True,True,True,5
ID_3DYCB2VB,sexual_violence,True,True,True,True,True,5
ID_3E0RAS3Q,sexual_violence,True,True,True,True,True,5
ID_3E65DDAG,sexual_violence,True,True,True,True,True,5
ID_3E8ZO2BE,sexual_violence,True,True,True,True,True,5
ID_3EEZRECY,sexual_violence,True,True,True,True,True,5
ID_3EMGICA7,sexual_violence,True,True,True,True,True,5
ID_3EXKMY2L,sexual_violence,True,True,True,True,True,5
ID_3F0741YJ,sexual_violence,True,True,True,True,True,5
ID_3F331IKG,sexual_violence,True,True,True,True,True,5
ID_3FBF977H,sexual_violence,True,True,True,True,True,5
ID_3FHE684H,Physical_violence,True,True,True,True,True,5
ID_3FJ08DQU,Physical_violence,True,True,True,True,True,5
ID_3FM4JDXG,sexual_violence,True,True,True,True,True,5
ID_3FMNTVTG,sexual_violence,True,True,True,True,True,5
ID_3G1HN12R,sexual_violence,True,True,True,True,True,5
ID_3G1U2XWV,sexual_violence,True,True,True,True,True,5
ID_3G5SIHKO,Physical_violence,True,True,True,True,True,5
ID_3G71AMAJ,Physical_violence,True,True,True,True,True,5
ID_3GCIKN2I,sexual_violence,True,True,True,True,True,5
ID_3GROBXMM,sexual_violence,True,True,True,True,True,5
ID_3GYY3CXU,sexual_violence,True,True,True,True,True,5
ID_3GZF8SJL,sexual_violence,True,True,True,True,True,5
ID_3H23P9MD,sexual_violence,True,True,True,True,True,5
ID_3HH3N9JG,sexual_violence,True,True,True,True,True,5
ID_3HKT2K30,sexual_violence,True,True,True,True,True,5
ID_3I4FO33O,sexual_violence,True,True,True,True,True,5
ID_3I9T37T6,sexual_violence,True,True,True,True,True,5
ID_3IB0FNFD,sexual_violence,True,True,True,True,True,5
ID_3IDPEWFW,sexual_violence,True,True,True,True,True,5
ID_3IJX2CF0,Physical_violence,True,True,True,True,True,5
ID_3IODSLO4,sexual_violence,True,True,True,True,True,5
ID_3IX0KIAL,sexual_violence,True,True,True,True,True,5
ID_3J9NDP31,sexual_violence,True,True,True,True,True,5
ID_3JETMP2Z,sexual_violence,True,True,True,True,True,5
ID_3JFLL88I,Physical_violence,True,True,True,True,True,5
ID_3JYELT3U,sexual_violence,True,True,True,True,True,5
ID_3K5YLG3Z,sexual_violence,True,True,True,True,True,5
ID_3K6XMWTA,Physical_violence,True,True,True,True,True,5
ID_3KFDEBIY,Physical_violence,True,True,True,True,True,5
ID_3KK1LH9M,sexual_violence,True,True,True,True,True,5
ID_3KNFY2WD,sexual_violence,True,True,True,True,True,5
ID_3KPTG2DK,sexual_violence,True,True,True,True,True,5
ID_3KRNM8C3,sexual_violence,True,True,True,True,True,5
ID_3KXWXS6Y,Physical_violence,True,True,True,True,True,5
ID_3L20XJN2,sexual_violence,True,True,True,True,True,5
ID_3LLG7YBY,sexual_violence,True,True,True,True,True,5
ID_3LQ0X1LR,sexual_violence,True,True,True,True,True,5
ID_3M98L5HH,sexual_violence,True,True,True,True,True,5
ID_3MHGVA05,sexual_violence,True,True,True,True,True,5
ID_3MOEM04X,Physical_violence,True,True,True,True,True,5
ID_3MX40IL4,sexual_violence,True,True,True,True,True,5
ID_3N4XIJ0B,sexual_violence,True,True,True,True,True,5
ID_3NHYP9CK,sexual_violence,True,True,True,True,True,5
ID_3NPVXQF7,Physical_violence,True,True,True,True,True,5
ID_3NT657JL,sexual_violence,True,True,True,True,True,5
ID_3O4J220Q,sexual_violence,True,True,True,True,True,5
ID_3OJC8BJT,sexual_violence,True,True,True,True,True,5
ID_3OK6N407,sexual_violence,True,True,True,True,True,5
ID_3OLVM60V,sexual_violence,True,True,True,True,True,5
ID_3OPP2AFW,sexual_violence,True,True,True,True,True,5
ID_3PAEE2CB,sexual_violence,True,True,True,True,True,5
ID_3Q0IOA2H,sexual_violence,True,True,True,True,True,5
ID_3Q12297L,sexual_violence,True,True,True,True,True,5
ID_3Q3YKXV1,sexual_violence,True,True,True,True,True,5
ID_3QCN1IQH,sexual_violence,True,True,True,True,True,5
ID_3QGJ5AK9,sexual_violence,True,True,True,True,True,5
ID_3QL0ZOM1,sexual_violence,True,True,True,True,True,5
ID_3QNMYR6S,sexual_violence,True,True,True,True,True,5
ID_3QWKZZ80,sexual_violence,True,True,True,True,True,5
ID_3R369RBL,emotional_violence,True,True,True,True,True,5
ID_3R502516,sexual_violence,True,True,True,True,True,5
ID_3REIUJ2F,sexual_violence,True,True,True,True,True,5
ID_3RMG79AO,sexual_violence,True,True,True,True,True,5
ID_3ROTVWAP,sexual_violence,True,True,True,True,True,5
ID_3RQB6FNS,Physical_violence,True,True,True,True,True,5
ID_3RVSKJLB,sexual_violence,True,True,True,True,True,5
ID_3RX7XEIE,sexual_violence,True,True,True,True,True,5
ID_3S6A1QZG,sexual_violence,True,True,True,True,True,5
ID_3S6KTN0D,sexual_violence,True,True,True,True,True,5
ID_3SAYPLW7,sexual_violence,True,True,True,True,True,5
ID_3SGDR3DF,sexual_violence,True,True,True,True,True,5
ID_3SI28WPO,sexual_violence,True,True,True,True,True,5
ID_3SLJNQBN,Physical_violence,True,True,True,True,True,5
ID_3SLKFP7W,sexual_violence,True,True,True,True,True,5
ID_3SNC0S74,sexual_violence,True,True,True,True,True,5
ID_3SO82X7C,sexual_violence,True,True,True,True,True,5
ID_3SUNGO71,sexual_violence,True,True,True,True,True,5
ID_3TETJQ75,Physical_violence,True,True,True,True,True,5
ID_3THLXN78,sexual_violence,True,True,True,True,True,5
ID_3TJCDXQR,sexual_violence,True,True,True,True,True,5
ID_3TPIJZZF,sexual_violence,True,True,True,True,True,5
ID_3TZWEQUQ,sexual_violence,True,True,True,True,True,5
ID_3U2XTIWV,sexual_violence,True,True,True,True,True,5
ID_3U8VFKP5,sexual_violence,True,True,True,True,True,5
ID_3UJMRYHU,Physical_violence,True,True,True,True,True,5
ID_3UKVQIIJ,sexual_violence,True,True,True,True,True,5
ID_3UMD6ZMH,Physical_violence,True,True,True,True,True,5
ID_3UTB7ZSH,Physical_violence,True,True,True,True,True,5
ID_3VLGQ2WE,sexual_violence,True,True,True,True,True,5
ID_3VLOFCMJ,Physical_violence,True,True,True,True,True,5
ID_3VTSN3O6,sexual_violence,True,True,True,True,True,5
ID_3VUGO2ZU,sexual_violence,False,True,True,True,True,4
ID_3VW9ZS5B,sexual_violence,True,True,True,True,True,5
ID_3VXJO3SO,sexual_violence,True,True,True,True,True,5
ID_3W2MZFVF,sexual_violence,True,True,True,True,True,5
ID_3W79FYMU,sexual_violence,True,True,True,True,True,5
ID_3WAECOGT,sexual_violence,True,True,True,True,True,5
ID_3WB29FT8,sexual_violence,True,True,True,True,True,5
ID_3WMO1DGY,Physical_violence,True,True,True,True,True,5
ID_3WOP68XT,sexual_violence,True,True,True,True,True,5
ID_3WQWQP1L,sexual_violence,True,True,True,True,True,5
ID_3X6E51Z5,emotional_violence,True,True,True,True,True,5
ID_3X9SYV8Y,sexual_violence,True,True,True,True,True,5
ID_3XJY9AS6,sexual_violence,True,True,True,True,True,5
ID_3XNESNOW,sexual_violence,True,True,True,True,True,5
ID_3XXBQKPX,sexual_violence,True,True,True,True,True,5
ID_3XZZRZX7,sexual_violence,True,True,True,True,True,5
ID_3Y1OMOV3,sexual_violence,True,True,True,True,True,5
ID_3Y7LPLKL,sexual_violence,True,True,True,True,True,5
ID_3Y8P5RS1,Physical_violence,True,True,True,True,True,5
ID_3YDNMDNP,sexual_violence,True,True,True,True,True,5
ID_3YEVY2TU,sexual_violence,True,True,True,True,True,5
ID_3YPXBWF3,sexual_violence,True,True,True,True,True,5
ID_3YYN24LZ,sexual_violence,True,True,True,True,True,5
ID_3Z6RX1FA,Physical_violence,True,True,True,True,True,5
ID_3Z6SGOPF,sexual_violence,True,True,True,True,True,5
ID_3ZH62HHI,sexual_violence,True,True,True,True,True,5
ID_3ZM19K0Y,sexual_violence,True,True,True,True,True,5
ID_3ZO159L6,sexual_violence,True,True,True,True,True,5
ID_3ZVJE8K1,sexual_violence,True,True,True,True,True,5
ID_3ZWV71TG,sexual_violence,True,True,True,True,True,5
ID_402IX9MI,Physical_violence,True,True,True,True,True,5
ID_4089C0E6,sexual_violence,True,True,True,True,True,5
ID_40ETYV85,Physical_violence,True,True,True,True,True,5
ID_40HAP2WE,emotional_violence,True,True,True,True,True,5
ID_40MR3Y8U,sexual_violence,True,True,True,True,True,5
ID_40OF5OC9,Physical_violence,True,True,True,True,True,5
ID_40OUL4ZP,sexual_violence,True,True,True,True,True,5
ID_40V306C7,sexual_violence,True,True,True,True,True,5
ID_41B8TBS4,Physical_violence,True,True,True,True,True,5
ID_41BNTY9S,sexual_violence,True,True,True,True,True,5
ID_41IY1PIT,sexual_violence,True,True,True,True,True,5
ID_420NHDX0,sexual_violence,True,True,True,True,True,5
ID_423FXHRK,sexual_violence,True,True,True,True,True,5
ID_4245NRP1,sexual_violence,True,True,True,True,True,5
ID_425FG6HJ,sexual_violence,True,True,True,True,True,5
ID_4282LQ1Q,sexual_violence,True,True,True,True,True,5
ID_4288VRAT,Physical_violence,True,True,True,True,True,5
ID_42I463VQ,sexual_violence,True,True,True,True,True,5
ID_42M3UMK5,sexual_violence,True,True,True,True,True,5
ID_42WQN6IT,sexual_violence,True,True,True,True,True,5
ID_43RJSQUA,sexual_violence,True,True,True,True,True,5
ID_43X0G5BG,sexual_violence,True,True,True,True,True,5
ID_44RDSMCE,Physical_violence,True,True,True,True,True,5
ID_44TA3OM9,sexual_violence,True,True,True,True,True,5
ID_44VHFZ1U,sexual_violence,True,True,True,True,True,5
ID_44ZAX7U4,sexual_violence,True,True,True,True,True,5
ID_454OOT2E,sexual_violence,True,True,True,True,True,5
ID_454WGSTL,sexual_violence,True,True,True,True,True,5
ID_457KPLZP,Physical_violence,True,True,True,True,True,5
ID_45HSCTDB,Physical_violence,True,True,True,True,True,5
ID_45IS920O,sexual_violence,True,True,True,True,True,5
ID_45TT2A1I,sexual_violence,True,True,True,True,True,5
ID_45TYXW4N,Physical_violence,True,True,True,True,True,5
ID_45VAKE8Z,sexual_violence,True,True,True,True,True,5
ID_45WRVEKR,sexual_violence,True,True,True,True,True,5
ID_46CDQX9M,sexual_violence,True,True,True,True,True,5
ID_46DEQAMP,Physical_violence,True,True,True,True,True,5
ID_46KCKLL5,sexual_violence,True,True,True,True,True,5
ID_46KONXLI,sexual_violence,True,True,True,True,True,5
ID_46WX617V,Physical_violence,True,True,True,True,True,5
ID_46YJTKUA,sexual_violence,True,True,True,True,True,5
ID_46ZABDQ0,sexual_violence,True,True,True,True,True,5
ID_472OR7VG,sexual_violence,True,True,True,True,True,5
ID_474QXDX5,sexual_violence,True,True,True,True,True,5
ID_47HLQ4PV,sexual_violence,True,True,True,True,True,5
ID_47R1IOTX,sexual_violence,True,True,True,True,True,5
ID_47X5RNYO,sexual_violence,True,True,True,True,True,5
ID_47Z88Q71,sexual_violence,True,True,True,True,True,5
ID_48JOTM0L,sexual_violence,True,True,True,True,True,5
ID_48LPHOKM,sexual_violence,True,True,True,True,True,5
ID_48TIS62S,sexual_violence,False,True,True,True,True,4
ID_497N2JLK,sexual_violence,True,True,True,True,True,5
ID_49KMB5VZ,sexual_violence,True,True,True,True,True,5
ID_49NJRB8B,Physical_violence,True,True,True,True,True,5
ID_49PJSQFY,sexual_violence,True,True,True,True,True,5
ID_49XXO4YZ,sexual_violence,True,True,True,True,True,5
ID_4AB4EY4Y,sexual_violence,True,True,True,True,True,5
ID_4AC27HD7,sexual_violence,True,True,True,True,True,5
ID_4AEO82KA,sexual_violence,True,True,True,True,True,5
ID_4ALNJQO9,sexual_violence,True,True,True,True,True,5
ID_4AMG9BDT,sexual_violence,True,True,True,True,True,5
ID_4AOT8SYU,sexual_violence,True,True,True,True,True,5
ID_4AROSREW,sexual_violence,True,True,True,True,True,5
ID_4B8ELWD9,sexual_violence,True,True,True,True,True,5
ID_4BBHSOL8,Harmful_Traditional_practice,True,False,False,False,True,2
ID_4BLGYBL0,sexual_violence,True,True,True,True,True,5
ID_4C5TDD4J,sexual_violence,True,True,True,True,True,5
ID_4C74KJ2L,sexual_violence,True,True,True,True,True,5
ID_4C76YGG2,sexual_violence,True,True,True,True,True,5
ID_4CDSKWIJ,sexual_violence,True,True,True,True,True,5
ID_4CFCZ8TP,sexual_violence,True,True,True,True,True,5
ID_4CJ1FNHV,sexual_violence,True,True,True,True,True,5
ID_4CJV5TVJ,Physical_violence,True,True,True,True,True,5
ID_4CXN7NHA,sexual_violence,True,True,True,True,True,5
ID_4CYJLR7R,Physical_violence,True,True,True,True,True,5
ID_4CZC29CW,sexual_violence,True,True,True,True,True,5
ID_4D1YLLM6,sexual_violence,True,True,True,True,True,5
ID_4D4XPTM9,sexual_violence,True,True,True,True,True,5
ID_4D7S6MMD,sexual_violence,True,True,True,True,True,5
ID_4DBR7H5W,sexual_violence,True,True,True,True,True,5
ID_4DBX5CGF,sexual_violence,True,True,True,True,True,5
ID_4DLK5M4S,Physical_violence,True,True,True,True,True,5
ID_4DXSL89W,sexual_violence,True,True,True,True,True,5
ID_4DYO3PRT,sexual_violence,True,True,True,True,True,5
ID_4E1LWNAU,sexual_violence,True,True,True,True,True,5
ID_4E6SO6YY,sexual_violence,True,True,True,True,True,5
ID_4EBEW72R,sexual_violence,True,True,True,True,True,5
ID_4EIZ5Q44,sexual_violence,True,True,True,True,True,5
ID_4EQW0ZBC,sexual_violence,True,True,True,True,True,5
ID_4ETXTMCX,Physical_violence,True,True,True,True,True,5
ID_4EZ0YD00,sexual_violence,False,True,True,True,True,4
ID_4F3VE5XM,sexual_violence,True,True,True,True,True,5
ID_4F5DIFPU,sexual_violence,True,True,True,True,True,5
ID_4F82KDVV,sexual_violence,True,True,True,True,True,5
ID_4FEZUA8L,sexual_violence,True,True,True,True,True,5
ID_4FFGIPHX,sexual_violence,True,True,True,True,True,5
ID_4FI5PXVG,sexual_violence,True,True,True,True,True,5
ID_4FKH4J6Q,sexual_violence,True,True,True,True,True,5
ID_4FLZHODF,sexual_violence,True,True,True,True,True,5
ID_4FNAX0BL,sexual_violence,True,True,True,True,True,5
ID_4FO9XILF,emotional_violence,True,True,True,True,True,5
ID_4FPNY3OC,Physical_violence,True,True,True,True,True,5
ID_4FSN37TB,Physical_violence,True,True,True,True,True,5
ID_4FXVGH4F,sexual_violence,True,True,True,True,True,5
ID_4FY7Z5SR,sexual_violence,True,True,True,True,True,5
ID_4G2WEP65,Physical_violence,True,True,True,True,True,5
ID_4G6GS44G,sexual_violence,True,True,True,True,True,5
ID_4G84M4PE,sexual_violence,True,True,True,True,True,5
ID_4GCTHNG8,sexual_violence,True,True,True,True,True,5
ID_4GEULYY9,Physical_violence,True,True,True,True,True,5
ID_4GFD8S74,sexual_violence,True,True,True,True,True,5
ID_4GZ80PUN,sexual_violence,True,True,True,True,True,5
ID_4H0PHB7S,sexual_violence,True,True,True,True,True,5
ID_4H1P2CHS,Physical_violence,True,True,True,True,True,5
ID_4H1XLRKJ,sexual_violence,True,True,True,True,True,5
ID_4H21UPXO,sexual_violence,True,True,True,True,True,5
ID_4HFLHIAU,sexual_violence,True,True,True,True,True,5
ID_4HJELQST,sexual_violence,True,True,True,True,True,5
ID_4HKBUJVJ,sexual_violence,True,True,True,True,True,5
ID_4HQUIS57,sexual_violence,True,True,True,True,True,5
ID_4HRMNTJN,sexual_violence,True,True,True,True,True,5
ID_4HYBFG9R,sexual_violence,True,True,True,True,True,5
ID_4HYUQQDI,sexual_violence,True,True,True,True,True,5
ID_4HZGXUDQ,sexual_violence,True,True,True,True,True,5
ID_4I2KIA7T,sexual_violence,True,True,True,True,True,5
ID_4I8I4O3A,sexual_violence,True,True,True,True,True,5
ID_4IA23FQJ,sexual_violence,True,True,True,True,True,5
ID_4IAVCKCI,sexual_violence,True,True,True,True,True,5
ID_4IHGP70B,sexual_violence,True,True,True,True,True,5
ID_4J3FCPC8,sexual_violence,True,True,True,True,True,5
ID_4J682T9Z,sexual_violence,True,True,True,True,True,5
ID_4JAZZQ4K,sexual_violence,True,True,True,True,True,5
ID_4JBB1ZIJ,sexual_violence,True,True,True,True,True,5
ID_4JER4UJE,sexual_violence,True,True,True,True,True,5
ID_4JRRKTQW,sexual_violence,True,True,True,True,True,5
ID_4JTF2MV7,sexual_violence,True,True,True,True,True,5
ID_4JUNRE1E,sexual_violence,True,True,True,True,True,5
ID_4K4CWSND,sexual_violence,True,True,True,True,True,5
ID_4K5Z08VQ,sexual_violence,True,True,True,True,True,5
ID_4KDK48BN,sexual_violence,True,True,True,True,True,5
ID_4KJ5OOZ4,sexual_violence,True,True,True,True,True,5
ID_4KJJCR3B,Physical_violence,True,True,True,True,True,5
ID_4KV1SHMK,sexual_violence,True,True,True,True,True,5
ID_4L0L00R0,sexual_violence,True,True,True,True,True,5
ID_4LT1YXTG,Physical_violence,True,True,True,True,True,5
ID_4LTECO7Q,sexual_violence,True,True,True,True,True,5
ID_4M0J365Q,sexual_violence,True,True,True,True,True,5
ID_4M6G5YG5,Physical_violence,True,True,True,True,True,5
ID_4MAFXK2K,sexual_violence,True,True,True,True,True,5
ID_4MGAPDL9,sexual_violence,True,True,True,True,True,5
ID_4MITF299,Physical_violence,True,True,True,True,True,5
ID_4MJGBDOU,Physical_violence,True,True,True,True,True,5
ID_4MONJ13R,Physical_violence,True,True,True,True,True,5
ID_4MP0H9ET,Physical_violence,True,True,True,True,True,5
ID_4N1V836M,sexual_violence,True,True,True,True,True,5
ID_4N3BCGVB,sexual_violence,True,True,True,True,True,5
ID_4N7EETJ3,sexual_violence,True,True,True,True,True,5
ID_4NANDQIC,Physical_violence,True,True,True,True,True,5
ID_4NFWHJ2O,sexual_violence,True,True,True,True,True,5
ID_4NQ37Q74,Physical_violence,True,True,True,True,True,5
ID_4NUP8QGU,sexual_violence,True,True,True,True,True,5
ID_4O0NY2DD,Physical_violence,True,True,True,True,True,5
ID_4O7M99LT,sexual_violence,True,True,True,True,True,5
ID_4OBCX2OF,sexual_violence,True,True,True,True,True,5
ID_4OC6THLY,sexual_violence,True,True,True,True,True,5
ID_4ORD3WYY,sexual_violence,True,True,True,True,True,5
ID_4OTUR0W6,sexual_violence,True,True,True,True,True,5
ID_4OWYO5U9,sexual_violence,True,True,True,True,True,5
ID_4P7UY8DP,emotional_violence,True,True,True,True,True,5
ID_4PCNS8IR,sexual_violence,True,True,True,True,True,5
ID_4PD8OR0N,Physical_violence,True,True,True,True,True,5
ID_4PGGFQAI,Physical_violence,True,True,True,True,True,5
ID_4PGO6K07,sexual_violence,True,True,True,True,True,5
ID_4PKEIWMF,sexual_violence,True,True,True,True,True,5
ID_4PNNZ92Y,sexual_violence,True,True,True,True,True,5
ID_4POK2ISH,sexual_violence,True,True,True,True,True,5
ID_4POVAG1Y,Physical_violence,True,True,True,True,True,5
ID_4PUE1DEW,sexual_violence,True,True,True,True,True,5
ID_4PWZCWE5,sexual_violence,True,True,True,True,True,5
ID_4PX0EVM3,sexual_violence,True,True,True,True,True,5
ID_4QRGENEG,sexual_violence,True,True,True,True,True,5
ID_4QU3X2TY,sexual_violence,True,True,True,True,True,5
ID_4R587U0B,sexual_violence,True,True,True,True,True,5
ID_4RG00BYP,Physical_violence,True,True,True,True,True,5
ID_4RT35QY4,Physical_violence,True,True,True,True,True,5
ID_4SBHUS73,sexual_violence,True,True,True,True,True,5
ID_4SDIJXJP,sexual_violence,True,True,True,True,True,5
ID_4SEZ6FK1,sexual_violence,True,True,True,True,True,5
ID_4SN8HE3H,sexual_violence,True,True,True,True,True,5
ID_4SV8BGBR,sexual_violence,True,True,True,True,True,5
ID_4SZI77M5,sexual_violence,True,True,True,True,True,5
ID_4T6MNCIR,sexual_violence,True,True,True,True,True,5
ID_4T8CTNQC,sexual_violence,True,True,True,True,True,5
ID_4T8UWUH8,Physical_violence,True,True,True,True,True,5
ID_4TNLN52E,sexual_violence,True,True,True,True,True,5
ID_4TRRTTPA,sexual_violence,True,True,True,True,True,5
ID_4TW7D1WL,sexual_violence,True,True,True,True,True,5
ID_4U44RS7Y,sexual_violence,True,True,True,True,True,5
ID_4U6SM7P8,sexual_violence,True,True,True,True,True,5
ID_4U9HDHQ3,sexual_violence,True,True,True,True,True,5
ID_4UAHEQV8,sexual_violence,True,True,True,True,True,5
ID_4UDJ3FIX,sexual_violence,True,True,True,True,True,5
ID_4URB9903,sexual_violence,True,True,True,True,True,5
ID_4V8HUQMZ,sexual_violence,True,True,True,True,True,5
ID_4VDC4ZFE,sexual_violence,True,True,True,True,True,5
ID_4VIRG9S1,sexual_violence,True,True,True,True,True,5
ID_4W50N2D9,sexual_violence,True,True,True,True,True,5
ID_4WF8FC3J,sexual_violence,True,True,True,True,True,5
ID_4WJUWHCQ,sexual_violence,True,True,True,True,True,5
ID_4WSR7I8R,Physical_violence,True,True,True,True,True,5
ID_4WXNLHLM,sexual_violence,True,True,True,True,True,5
ID_4X3M9LND,sexual_violence,True,True,True,True,True,5
ID_4X96OL6F,sexual_violence,True,True,True,True,True,5
ID_4XAX9D8U,sexual_violence,True,True,True,True,True,5
ID_4XGZZLQJ,sexual_violence,True,True,True,True,True,5
ID_4XLKAM6K,sexual_violence,True,True,True,True,True,5
ID_4XX0ZB18,sexual_violence,True,True,True,True,True,5
ID_4Y5FWNI1,sexual_violence,True,True,True,True,True,5
ID_4YAOG42P,sexual_violence,True,True,True,True,True,5
ID_4YCJVY2B,sexual_violence,True,True,True,True,True,5
ID_4YCXES9V,sexual_violence,True,True,True,True,True,5
ID_4YG9F57D,sexual_violence,True,True,True,True,True,5
ID_4YJF9IVG,Physical_violence,True,True,True,True,True,5
ID_4YMVXX13,sexual_violence,True,True,True,True,True,5
ID_4YNJNYMG,sexual_violence,True,True,True,True,True,5
ID_4YQ8ZYCA,sexual_violence,True,True,True,True,True,5
ID_4YQALAVR,sexual_violence,True,True,True,True,True,5
ID_4YQQRGEI,sexual_violence,True,True,True,True,True,5
ID_4Z5EJBLX,sexual_violence,True,True,True,True,True,5
ID_4Z9CMZRV,sexual_violence,True,True,True,True,True,5
ID_4ZBYWP3C,sexual_violence,True,True,True,True,True,5
ID_4ZCO16HQ,Physical_violence,True,True,True,True,True,5
ID_4ZEH1UI4,sexual_violence,True,True,True,True,True,5
ID_4ZGQI3AO,sexual_violence,True,True,True,True,True,5
ID_4ZLJO4CJ,sexual_violence,True,True,True,True,True,5
ID_503LXTA2,sexual_violence,True,True,True,True,True,5
ID_507HPVDB,Physical_violence,True,True,True,True,True,5
ID_50D98IM6,sexual_violence,True,True,True,True,True,5
ID_50EPQDBX,sexual_violence,True,True,True,True,True,5
ID_50F7UWVS,sexual_violence,True,True,True,True,True,5
ID_51EPLX6R,sexual_violence,True,True,True,True,True,5
ID_51UNP1PO,Physical_violence,True,True,True,True,True,5
ID_521DNRYR,sexual_violence,True,True,True,True,True,5
ID_521WSD4C,sexual_violence,True,True,True,True,True,5
ID_5271H3RI,sexual_violence,True,True,True,True,True,5
ID_52MGQ883,sexual_violence,True,True,True,True,True,5
ID_52TE2TLE,Physical_violence,True,True,True,True,True,5
ID_52VQCIF1,Physical_violence,True,True,True,True,True,5
ID_53SWW3UI,Physical_violence,True,True,True,True,True,5
ID_541HK6WI,sexual_violence,True,True,True,True,True,5
ID_54H0T5PU,sexual_violence,True,True,True,True,True,5
ID_54K8BX58,sexual_violence,True,True,True,True,True,5
ID_54SQ0R7L,sexual_violence,True,True,True,True,True,5
ID_558NELYJ,sexual_violence,True,True,True,True,True,5
ID_55D6ZVW7,sexual_violence,True,True,True,True,True,5
ID_55I0X5PP,sexual_violence,True,True,True,True,True,5
ID_55XXKV05,sexual_violence,True,True,True,True,True,5
ID_55ZL6M0J,Physical_violence,True,True,True,True,True,5
ID_567DZFBY,sexual_violence,True,True,True,True,True,5
ID_56J1DY3X,Physical_violence,True,True,True,True,True,5
ID_56J23UJS,Physical_violence,True,True,True,True,True,5
ID_56LPS0EW,sexual_violence,True,True,True,True,True,5
ID_56U1JUR4,Physical_violence,True,True,True,True,True,5
ID_56UAWNNM,sexual_violence,True,True,True,True,True,5
ID_56YTDCYK,sexual_violence,True,True,True,True,True,5
ID_570BU7H4,emotional_violence,True,True,True,True,True,5
ID_572N5P13,sexual_violence,True,True,True,True,True,5
ID_57T4IOCW,sexual_violence,True,True,True,True,True,5
ID_57W7CHY0,Physical_violence,True,True,True,True,True,5
ID_585HOLL9,sexual_violence,True,True,True,True,True,5
ID_58BEZZK4,sexual_violence,True,True,True,True,True,5
ID_58DL7R6H,sexual_violence,True,True,True,True,True,5
ID_58GLPZDS,sexual_violence,True,True,True,True,True,5
ID_58JV533Y,Physical_violence,True,True,True,True,True,5
ID_58MJJY12,sexual_violence,True,True,True,True,True,5
ID_59CE5N5D,sexual_violence,True,True,True,True,True,5
ID_59IRTZ5U,sexual_violence,True,True,True,True,True,5
ID_59MMIQEB,Physical_violence,True,True,True,True,True,5
ID_59O2CCD4,Physical_violence,True,True,True,True,True,5
ID_59OYEBDD,economic_violence,True,False,True,True,True,4
ID_59T4A3HJ,sexual_violence,True,True,True,True,True,5
ID_59TM7Y84,sexual_violence,True,True,True,True,True,5
ID_59VMTKS5,sexual_violence,True,True,True,True,True,5
ID_59Z1KUDC,sexual_violence,True,True,True,True,True,5
ID_5A1PKCZ2,sexual_violence,True,True,True,True,True,5
ID_5AAFL8MQ,sexual_violence,True,True,True,True,True,5
ID_5AHP11XF,sexual_violence,True,True,True,True,True,5
ID_5AI1OVEX,sexual_violence,True,True,True,True,True,5
ID_5AQY7VVT,sexual_violence,True,True,True,True,True,5
ID_5AUIW7LE,sexual_violence,True,True,True,True,True,5
ID_5AVZDNTL,Harmful_Traditional_practice,True,False,True,False,True,3
ID_5B57KNU5,sexual_violence,True,True,True,True,True,5
ID_5BA9GNST,sexual_violence,True,True,True,True,True,5
ID_5BNA1TA2,sexual_violence,True,True,True,True,True,5
ID_5BQBO2J0,sexual_violence,True,True,True,True,True,5
ID_5BR822GR,Physical_violence,True,True,True,True,True,5
ID_5BXYD756,sexual_violence,True,True,True,True,True,5
ID_5BZGOM3Y,Physical_violence,True,True,True,True,True,5
ID_5C7H8I2N,sexual_violence,True,True,True,True,True,5
ID_5CAAM3W3,sexual_violence,True,True,True,True,True,5
ID_5CHNWFYD,sexual_violence,True,True,True,True,True,5
ID_5CW8DK2Q,sexual_violence,True,True,True,True,True,5
ID_5D5Q3UYS,sexual_violence,True,True,True,True,True,5
ID_5D65Z9Z2,sexual_violence,True,True,True,True,True,5
ID_5DBVRVHE,sexual_violence,True,True,True,True,True,5
ID_5DCZDKZ0,Physical_violence,True,True,True,True,True,5
ID_5DXCI9QG,sexual_violence,True,True,True,True,True,5
ID_5E16ZHYR,sexual_violence,True,True,True,True,True,5
ID_5E9R72Y8,sexual_violence,True,True,True,True,True,5
ID_5EETVGTP,sexual_violence,True,True,True,True,True,5
ID_5EF7G9E3,sexual_violence,True,True,True,True,True,5
ID_5EJHL9B2,Physical_violence,True,True,True,True,True,5
ID_5EJQXSI3,sexual_violence,True,True,True,True,True,5
ID_5ENL5BWI,sexual_violence,True,True,True,True,True,5
ID_5EOESGLT,sexual_violence,True,True,True,True,True,5
ID_5F28PRDU,sexual_violence,True,True,True,True,True,5
ID_5FFI5RKO,sexual_violence,True,True,True,True,True,5
ID_5FJHBYZA,sexual_violence,True,True,True,True,True,5
ID_5FQXI6EK,Physical_violence,True,True,True,True,True,5
ID_5FXK8H6V,sexual_violence,True,True,True,True,True,5
ID_5FZ8SX8A,Physical_violence,True,True,True,True,True,5
ID_5G0Y46KD,sexual_violence,True,True,True,True,True,5
ID_5G3E0Z7Q,sexual_violence,True,True,True,True,True,5
ID_5G3V7QXF,Physical_violence,True,True,True,True,True,5
ID_5G4JM8SB,sexual_violence,True,True,True,True,True,5
ID_5GBR90P9,sexual_violence,True,True,True,True,True,5
ID_5GF7FA3H,sexual_violence,True,True,True,True,True,5
ID_5GHWYNIR,sexual_violence,True,True,True,True,True,5
ID_5GP6BUB8,sexual_violence,True,True,True,True,True,5
ID_5GQVMPHK,Physical_violence,True,True,True,True,True,5
ID_5GS4Q6SN,sexual_violence,True,True,True,True,True,5
ID_5GUM9RNN,Physical_violence,True,True,True,True,True,5
ID_5GVWEC5W,sexual_violence,True,True,True,True,True,5
ID_5GW1GVOG,sexual_violence,True,True,True,True,True,5
ID_5GW25W0N,sexual_violence,True,True,True,True,True,5
ID_5GWFSZQB,sexual_violence,True,True,True,True,True,5
ID_5GWJOD4S,sexual_violence,True,True,True,True,True,5
ID_5H0RQ905,sexual_violence,True,True,True,True,True,5
ID_5H1OR3QD,sexual_violence,True,True,True,True,True,5
ID_5H8MPE9P,sexual_violence,True,True,True,True,True,5
ID_5H9CSNPU,sexual_violence,True,True,True,True,True,5
ID_5HD3DUUU,sexual_violence,True,True,True,True,True,5
ID_5HGSYMPG,sexual_violence,True,True,True,True,True,5
ID_5HLAN3FZ,Physical_violence,True,True,True,True,True,5
ID_5HP7ALN5,sexual_violence,True,True,True,True,True,5
ID_5I2RFU39,Physical_violence,True,True,True,True,True,5
ID_5ID6ATBT,sexual_violence,True,True,True,True,True,5
ID_5IDF7Y6W,sexual_violence,True,True,True,True,True,5
ID_5IJ3XNHD,sexual_violence,True,True,True,True,True,5
ID_5IRKPNCC,sexual_violence,True,True,True,True,True,5
ID_5J8VBQB7,sexual_violence,True,True,True,True,True,5
ID_5JC9H7EQ,sexual_violence,True,True,True,True,True,5
ID_5JEWGJ5Z,sexual_violence,True,True,True,True,True,5
ID_5JGFAH0T,sexual_violence,True,True,True,True,True,5
ID_5JM7J6M9,sexual_violence,True,True,True,True,True,5
ID_5K0WZ8ZH,sexual_violence,True,True,True,True,True,5
ID_5K64R8AS,sexual_violence,True,True,True,True,True,5
ID_5KEK115F,Physical_violence,True,True,True,True,True,5
ID_5KG6ZA3R,sexual_violence,True,True,True,True,True,5
ID_5KO7QWVZ,sexual_violence,True,True,True,True,True,5
ID_5KQ6PUZL,sexual_violence,True,True,True,True,True,5
ID_5KTZ768X,sexual_violence,True,True,True,True,True,5
ID_5KX6EQCE,sexual_violence,True,True,True,True,True,5
ID_5KXVK3M2,sexual_violence,True,True,True,True,True,5
ID_5KXYMILN,sexual_violence,True,True,True,True,True,5
ID_5L16FHOZ,sexual_violence,True,True,True,True,True,5
ID_5L3EH6PL,Physical_violence,True,True,True,True,True,5
ID_5L5P4BJI,sexual_violence,True,True,True,True,True,5
ID_5LHMLZBK,sexual_violence,True,True,True,True,True,5
ID_5LHU2DS5,sexual_violence,True,True,True,True,True,5
ID_5LOTSJ2S,sexual_violence,True,True,True,True,True,5
ID_5LQP0ZCS,sexual_violence,True,True,True,True,True,5
ID_5M8AGULV,sexual_violence,True,True,True,True,True,5
ID_5M9MSFAD,Physical_violence,True,True,True,True,True,5
ID_5MA7UTCE,sexual_violence,True,True,True,True,True,5
ID_5MH8LRPX,sexual_violence,True,True,True,True,True,5
ID_5MMCJXPI,sexual_violence,True,True,True,True,True,5
ID_5MPNA3LI,sexual_violence,True,True,True,True,True,5
ID_5MT9M87C,sexual_violence,True,True,True,True,True,5
ID_5NG3W7EL,sexual_violence,True,True,True,True,True,5
ID_5NR58P9U,Physical_violence,True,True,True,True,True,5
ID_5NXF6DP5,sexual_violence,True,True,True,True,True,5
ID_5O1PXZJN,Physical_violence,True,True,True,True,True,5
ID_5OG5B2M4,sexual_violence,True,True,True,True,True,5
ID_5ON5EFBP,sexual_violence,True,True,True,True,True,5
ID_5OUWUP4B,sexual_violence,True,True,True,True,True,5
ID_5P46FQJW,sexual_violence,True,True,True,True,True,5
ID_5P7MTEHX,Physical_violence,True,True,True,True,True,5
ID_5P8Q2O4Y,sexual_violence,True,True,True,True,True,5
ID_5PERIF97,sexual_violence,True,True,True,True,True,5
ID_5PF293VX,sexual_violence,True,True,True,True,True,5
ID_5PH8S6XV,sexual_violence,True,True,True,True,True,5
ID_5PWZCWYC,sexual_violence,True,True,True,True,True,5
ID_5Q3R85C7,sexual_violence,True,True,True,True,True,5
ID_5Q7HRHXY,sexual_violence,True,True,True,True,True,5
ID_5QGLD4AR,sexual_violence,True,True,True,True,True,5
ID_5QVOB4SP,sexual_violence,True,True,True,True,True,5
ID_5QZ8XBLJ,sexual_violence,True,True,True,True,True,5
ID_5R0HGLOV,sexual_violence,True,True,True,True,True,5
ID_5R9WOERH,sexual_violence,True,True,True,True,True,5
ID_5RC279WC,sexual_violence,True,True,True,True,True,5
ID_5RD1CUVI,sexual_violence,True,True,True,True,True,5
ID_5RD6FRTH,sexual_violence,True,True,True,True,True,5
ID_5RIVXAKH,sexual_violence,True,True,True,True,True,5
ID_5RJJWPAY,sexual_violence,True,True,True,True,True,5
ID_5RTBEEND,sexual_violence,True,True,True,True,True,5
ID_5S5MGYSY,sexual_violence,True,True,True,True,True,5
ID_5S7HZ779,sexual_violence,True,True,True,True,True,5
ID_5SCPIJ75,sexual_violence,True,True,True,True,True,5
ID_5SG4B3BV,sexual_violence,True,True,True,True,True,5
ID_5SI55H9I,sexual_violence,True,True,True,True,True,5
ID_5SJMX4ZP,Physical_violence,True,True,True,True,True,5
ID_5SWK7J6Z,Physical_violence,True,True,True,True,True,5
ID_5T15OZ5G,Physical_violence,True,True,True,True,True,5
ID_5TBRFQXK,sexual_violence,True,True,True,True,True,5
ID_5TF4HS0Z,sexual_violence,True,True,True,True,True,5
ID_5THT9CZF,sexual_violence,True,True,True,True,True,5
ID_5TMUAUUO,sexual_violence,True,True,True,True,True,5
ID_5TOHY4ZN,sexual_violence,True,True,True,True,True,5
ID_5TR7A3VC,sexual_violence,True,True,True,True,True,5
ID_5TYNB0BQ,sexual_violence,True,True,True,True,True,5
ID_5U3HQZRI,sexual_violence,True,True,True,True,True,5
ID_5U5UEE90,sexual_violence,True,True,True,True,False,4
ID_5UGUZ345,sexual_violence,True,True,True,True,True,5
ID_5UKXKXAS,sexual_violence,True,True,True,True,True,5
ID_5ULHULL1,sexual_violence,True,True,True,True,True,5
ID_5UNI53GT,sexual_violence,True,True,True,True,True,5
ID_5UTL2A9L,sexual_violence,True,True,True,True,True,5
ID_5UYD3OB0,sexual_violence,True,True,True,True,True,5
ID_5V27SICI,sexual_violence,True,True,True,True,True,5
ID_5V5LAVFW,sexual_violence,True,True,True,True,True,5
ID_5VBXV353,sexual_violence,True,True,True,True,True,5
ID_5VCD4K16,emotional_violence,True,True,True,True,True,5
ID_5VF01GXT,sexual_violence,True,True,True,True,True,5
ID_5VGSK2LA,economic_violence,True,True,True,True,True,5
ID_5VX2QBKQ,sexual_violence,True,True,True,True,True,5
ID_5W4WRHB5,sexual_violence,True,True,True,True,True,5
ID_5WBYYZQN,sexual_violence,True,True,True,True,True,5
ID_5WILS03S,sexual_violence,True,True,True,True,True,5
ID_5WK43FEV,sexual_violence,True,True,True,True,True,5
ID_5WLX2BL1,Physical_violence,True,True,True,True,True,5
ID_5WOTO68F,sexual_violence,True,True,True,True,True,5
ID_5WUBX533,sexual_violence,True,True,True,True,True,5
ID_5WZZM7IZ,sexual_violence,True,True,True,True,True,5
ID_5X3YXJH5,sexual_violence,True,True,True,True,True,5
ID_5X7A0V9O,sexual_violence,True,True,True,True,True,5
ID_5XGA47X7,sexual_violence,True,True,True,True,True,5
ID_5XO3K0UM,Physical_violence,True,True,True,True,True,5
ID_5XSTHH8W,sexual_violence,True,True,True,True,True,5
ID_5XVS0AG3,sexual_violence,True,True,True,True,True,5
ID_5XYW3V0X,Physical_violence,True,True,True,True,True,5
ID_5Y7ZE4SV,sexual_violence,True,True,True,True,True,5
ID_5Y82O2TT,Physical_violence,True,True,True,True,True,5
ID_5Y8NK3QF,sexual_violence,True,True,True,True,True,5
ID_5Y902790,sexual_violence,True,True,True,True,True,5
ID_5Y9HUE2H,sexual_violence,True,True,True,True,True,5
ID_5YE80CE8,sexual_violence,True,True,True,True,True,5
ID_5YEXDDSI,Physical_violence,True,True,True,True,True,5
ID_5YM2GR3R,sexual_violence,True,True,True,True,True,5
ID_5YPKDUXQ,Physical_violence,True,True,True,True,True,5
ID_5YU5I1DO,sexual_violence,True,True,True,True,True,5
ID_5ZBXGAF8,sexual_violence,True,True,True,True,True,5
ID_5ZDWRD4V,sexual_violence,True,True,True,True,True,5
ID_5ZIGMI1C,sexual_violence,True,True,True,True,True,5
ID_5ZL4L6Q9,sexual_violence,True,True,True,True,True,5
ID_5ZPP6CB3,sexual_violence,True,True,True,True,True,5
ID_604GAVS1,Physical_violence,True,True,True,True,True,5
ID_605GUVNG,sexual_violence,True,True,True,True,True,5
ID_60H4K1SI,sexual_violence,True,True,True,True,True,5
ID_60JCZDJQ,sexual_violence,True,True,True,True,True,5
ID_60XIEPZX,sexual_violence,True,True,True,True,True,5
ID_6135TOHL,Physical_violence,True,True,True,True,True,5
ID_613D8EVA,Physical_violence,True,True,True,True,True,5
ID_61MAE6M3,sexual_violence,True,True,True,True,True,5
ID_61SOK4TY,sexual_violence,True,True,True,True,True,5
ID_61Y54O87,sexual_violence,True,True,True,True,True,5
ID_62J3PJ1U,Physical_violence,True,True,True,True,True,5
ID_62MHIAFA,sexual_violence,True,True,True,True,True,5
ID_62N5JLJF,sexual_violence,True,True,True,True,True,5
ID_62PAMV0U,sexual_violence,True,True,True,True,True,5
ID_62TAV91Z,Physical_violence,True,True,True,True,True,5
ID_6345SWCW,sexual_violence,True,True,True,True,True,5
ID_634C0UCR,sexual_violence,True,True,True,True,True,5
ID_63UY7PI0,sexual_violence,True,True,True,True,True,5
ID_63YHFUZ1,sexual_violence,True,True,True,True,True,5
ID_63ZTT7PJ,emotional_violence,True,True,True,True,True,5
ID_640OFBNK,sexual_violence,True,True,True,True,True,5
ID_649UYSOK,sexual_violence,True,True,True,True,True,5
ID_64AVZYQM,sexual_violence,False,True,True,True,True,4
ID_64BGJKNS,sexual_violence,True,True,True,True,True,5
ID_64C3CLUO,sexual_violence,True,True,True,True,True,5
ID_64CXIC2D,sexual_violence,True,True,True,True,True,5
ID_64JZEN41,sexual_violence,True,True,True,True,True,5
ID_64S2GR62,sexual_violence,True,True,True,True,True,5
ID_64TYFLGD,sexual_violence,True,True,True,True,True,5
ID_64WB2F2J,sexual_violence,True,True,True,True,True,5
ID_655NUIVY,sexual_violence,True,True,True,True,True,5
ID_65AOPM9F,sexual_violence,True,True,True,True,True,5
ID_65BD8M49,sexual_violence,True,True,True,True,True,5
ID_65HP2ZTZ,sexual_violence,True,True,True,True,True,5
ID_65WLXPSK,sexual_violence,True,True,True,True,True,5
ID_65YOQV88,sexual_violence,True,True,True,True,True,5
ID_662KJ8FM,sexual_violence,True,True,True,True,True,5
ID_66KIU0TO,sexual_violence,True,True,True,True,True,5
ID_66PGKO2L,Physical_violence,True,True,True,True,True,5
ID_671PMF5G,sexual_violence,True,True,True,True,True,5
ID_677E25SR,sexual_violence,True,True,True,True,True,5
ID_67HYNI0F,sexual_violence,True,True,True,True,True,5
ID_67JWT1I3,sexual_violence,True,True,True,True,True,5
ID_67KDYOEQ,sexual_violence,True,True,True,True,True,5
ID_67KOK52X,sexual_violence,True,True,True,True,True,5
ID_67MZ6O9S,sexual_violence,True,True,True,True,True,5
ID_67N93YX8,sexual_violence,True,True,True,True,True,5
ID_67WSI554,Physical_violence,True,True,True,True,True,5
ID_685W94XL,sexual_violence,True,True,True,True,True,5
ID_68AP2KE2,sexual_violence,True,True,True,True,True,5
ID_68KGAI89,sexual_violence,True,False,True,True,True,4
ID_6991H9LN,sexual_violence,True,True,True,True,True,5
ID_69AL11Y7,sexual_violence,True,True,True,True,True,5
ID_69K7Y4AJ,sexual_violence,True,True,True,True,True,5
ID_69NG9RMY,sexual_violence,True,True,True,True,True,5
ID_6A0QTG4U,emotional_violence,True,True,True,True,True,5
ID_6A4M76F3,sexual_violence,True,True,True,True,True,5
ID_6AANR4T7,sexual_violence,True,True,True,True,True,5
ID_6AAPNWCT,Physical_violence,True,True,True,True,True,5
ID_6ANYWAEJ,sexual_violence,True,True,True,True,True,5
ID_6AW1RE7G,sexual_violence,True,True,True,True,True,5
ID_6AXI7EJZ,sexual_violence,True,True,True,True,True,5
ID_6B17ZWYC,sexual_violence,True,True,True,True,True,5
ID_6B2CR1D7,sexual_violence,True,True,True,True,True,5
ID_6B7AMC3C,sexual_violence,True,True,True,True,True,5
ID_6B7KEWHD,sexual_violence,True,True,True,True,True,5
ID_6B97GQSL,sexual_violence,True,True,True,True,True,5
ID_6BAF99SU,sexual_violence,True,True,True,True,True,5
ID_6BD16VBE,Physical_violence,True,True,True,True,True,5
ID_6BKC4ES4,sexual_violence,True,True,True,True,True,5
ID_6BMJZ2PV,sexual_violence,True,True,True,True,True,5
ID_6C1PJZCL,sexual_violence,True,True,True,True,True,5
ID_6C3XM7AU,sexual_violence,True,True,True,True,True,5
ID_6CNIMRTM,sexual_violence,True,True,True,True,True,5
ID_6CVHKW35,sexual_violence,True,True,True,True,True,5
ID_6D2UT4Y5,sexual_violence,True,True,True,True,True,5
ID_6D7IKS8A,sexual_violence,True,True,True,True,True,5
ID_6DLUBQ44,sexual_violence,True,True,True,True,True,5
ID_6DNI0QB0,sexual_violence,True,True,True,True,True,5
ID_6DQC1DXT,sexual_violence,True,True,True,True,True,5
ID_6DUMN9MD,Physical_violence,True,True,True,True,True,5
ID_6EGDTA0Q,sexual_violence,True,True,True,True,True,5
ID_6EJR62Q6,sexual_violence,True,True,True,True,True,5
ID_6ENC8KWE,sexual_violence,True,True,True,True,True,5
ID_6EQ26W3B,sexual_violence,True,True,True,True,True,5
ID_6EQKZCJL,sexual_violence,True,True,True,True,True,5
ID_6ERE65BP,sexual_violence,True,True,True,True,True,5
ID_6EV6FMHK,sexual_violence,True,True,True,True,True,5
ID_6F38WRPM,sexual_violence,True,True,True,True,True,5
ID_6FLMHCYP,sexual_violence,True,True,True,True,True,5
ID_6FU1OJN6,sexual_violence,True,True,True,True,True,5
ID_6G5ERMRN,sexual_violence,True,True,True,True,True,5
ID_6G5H6WTL,sexual_violence,True,True,True,True,True,5
ID_6GCB35GZ,sexual_violence,True,True,True,True,True,5
ID_6GU3PHJ4,sexual_violence,True,True,True,True,True,5
ID_6H0AZ55H,sexual_violence,True,True,True,True,True,5
ID_6H3SRGY4,sexual_violence,True,True,True,True,True,5
ID_6H6C951N,sexual_violence,True,True,True,True,True,5
ID_6HAVUF1J,Physical_violence,True,True,True,True,True,5
ID_6HH05CBZ,sexual_violence,True,True,True,True,True,5
ID_6HPDT53I,sexual_violence,True,True,True,True,True,5
ID_6HSVR6SP,sexual_violence,True,True,True,True,True,5
ID_6HVRZAMI,sexual_violence,True,True,True,True,True,5
ID_6HXZ5CXE,sexual_violence,True,True,True,True,True,5
ID_6I0QZXD1,Physical_violence,True,True,True,True,True,5
ID_6I2OS3I9,sexual_violence,True,True,True,True,True,5
ID_6I5FTW8E,sexual_violence,True,True,True,True,True,5
ID_6I86DQ48,sexual_violence,True,True,True,True,True,5
ID_6I8O073G,sexual_violence,True,True,True,True,True,5
ID_6I8T3XTM,Physical_violence,True,True,True,True,True,5
ID_6IAALZWJ,sexual_violence,True,True,True,True,True,5
ID_6ILFMQQ2,economic_violence,True,False,True,True,True,4
ID_6ILHKU20,sexual_violence,True,True,True,True,True,5
ID_6JD80Q3B,sexual_violence,True,True,True,True,True,5
ID_6JHHVBL7,sexual_violence,True,True,True,True,True,5
ID_6JKBEH7O,sexual_violence,True,True,True,True,True,5
ID_6JS3IHTY,sexual_violence,True,True,True,True,True,5
ID_6K35LQ8L,sexual_violence,True,True,True,True,True,5
ID_6K6M2MQZ,sexual_violence,True,True,True,True,True,5
ID_6KAX6WEO,sexual_violence,True,True,True,True,True,5
ID_6KN9GLM7,sexual_violence,True,True,True,True,True,5
ID_6KTYOH7D,sexual_violence,True,True,True,True,True,5
ID_6KUFTO1N,sexual_violence,True,True,True,True,True,5
ID_6L05IL9X,sexual_violence,True,True,True,True,True,5
ID_6L2PDWM2,Physical_violence,True,True,True,True,True,5
ID_6L43S7V3,Physical_violence,True,True,True,True,True,5
ID_6L6BIAEW,sexual_violence,True,True,True,True,True,5
ID_6LVGXKJJ,sexual_violence,True,True,True,True,True,5
ID_6MIXJ9OU,sexual_violence,True,True,True,True,True,5
ID_6MJUOU5C,sexual_violence,True,True,True,True,True,5
ID_6MXOBHJE,sexual_violence,True,True,True,True,True,5
ID_6N2G1H4Z,sexual_violence,True,True,True,True,True,5
ID_6N5EMQDX,sexual_violence,True,True,True,True,True,5
ID_6N6VFJ1Q,Physical_violence,True,True,True,True,True,5
ID_6NBZ7LC0,sexual_violence,True,True,True,True,True,5
ID_6NOMPAJ2,sexual_violence,True,True,True,True,True,5
ID_6NSRQYVD,sexual_violence,True,True,True,True,True,5
ID_6NVAAR4B,Physical_violence,True,True,True,True,True,5
ID_6O1CRCGK,sexual_violence,True,True,True,True,True,5
ID_6OG8IW1M,sexual_violence,True,True,True,True,True,5
ID_6OJN9Y6Y,sexual_violence,True,True,True,True,True,5
ID_6OUVTG04,sexual_violence,True,True,True,True,True,5
ID_6OUY4BVX,Physical_violence,True,True,True,True,True,5
ID_6OXOPZ47,sexual_violence,True,True,True,True,True,5
ID_6P7LRVBB,sexual_violence,True,True,True,True,True,5
ID_6PETAJEB,sexual_violence,True,True,True,True,True,5
ID_6PTEMLD4,sexual_violence,True,True,True,True,True,5
ID_6PZYVF1B,sexual_violence,True,True,True,True,True,5
ID_6Q12NIOU,sexual_violence,True,True,True,True,True,5
ID_6Q2J9TVL,sexual_violence,True,True,True,True,True,5
ID_6Q60VFMC,sexual_violence,True,True,True,True,True,5
ID_6QIDPZ1E,sexual_violence,True,True,True,True,True,5
ID_6QLRBWIM,sexual_violence,True,True,True,True,True,5
ID_6QS6PTSE,Physical_violence,True,True,True,True,True,5
ID_6QWWDTEK,sexual_violence,True,True,True,True,True,5
ID_6R0SF8ZW,sexual_violence,True,True,True,True,True,5
ID_6R1TOAJE,sexual_violence,True,True,True,True,True,5
ID_6R21R62N,Physical_violence,True,True,True,True,True,5
ID_6R552D67,sexual_violence,True,True,True,True,True,5
ID_6R9HPPEN,sexual_violence,True,True,True,True,True,5
ID_6R9YOBHA,sexual_violence,True,True,True,True,True,5
ID_6RBIVM6P,sexual_violence,True,True,True,True,True,5
ID_6RIICD9D,sexual_violence,True,True,True,True,True,5
ID_6RQHM66A,sexual_violence,True,True,True,True,True,5
ID_6RXHJSKC,sexual_violence,True,True,True,True,True,5
ID_6RXMLOKH,Physical_violence,True,True,True,True,True,5
ID_6SOCAIWO,sexual_violence,True,True,True,True,True,5
ID_6SVP3KQU,sexual_violence,True,True,True,True,True,5
ID_6T0W6C3E,sexual_violence,True,True,True,True,True,5
ID_6T82A8E8,sexual_violence,True,True,True,True,True,5
ID_6TALXGNI,sexual_violence,True,True,True,True,True,5
ID_6TEZ0FVE,sexual_violence,True,True,True,True,True,5
ID_6TUJH3OB,sexual_violence,True,True,True,True,True,5
ID_6TXA1P1I,sexual_violence,True,True,True,True,True,5
ID_6U263308,sexual_violence,True,True,True,True,True,5
ID_6UES9012,Physical_violence,True,True,True,True,True,5
ID_6UEWWJEH,sexual_violence,True,True,True,True,True,5
ID_6V0UZQOZ,sexual_violence,True,True,True,True,True,5
ID_6V27K3QV,Physical_violence,True,True,True,True,True,5
ID_6V43FC39,sexual_violence,True,True,True,True,True,5
ID_6V60OMUG,emotional_violence,True,True,True,True,True,5
ID_6V7S3MJT,Physical_violence,True,True,True,True,True,5
ID_6VH4UET4,sexual_violence,True,True,True,True,True,5
ID_6VU9W6WR,sexual_violence,True,True,True,True,True,5
ID_6VV8I33R,Physical_violence,True,True,True,True,True,5
ID_6VVPW69L,sexual_violence,True,True,True,True,True,5
ID_6W5KJXWM,sexual_violence,True,True,True,True,True,5
ID_6WDO8VOK,sexual_violence,True,True,True,True,True,5
ID_6WFFAZ36,sexual_violence,True,True,True,True,True,5
ID_6WWNPMDJ,sexual_violence,True,True,True,True,True,5
ID_6X1EZMR8,sexual_violence,True,True,True,True,True,5
ID_6X8GYS77,Physical_violence,True,True,True,True,True,5
ID_6XD3697Q,sexual_violence,True,True,True,True,True,5
ID_6XG0OHZJ,sexual_violence,True,True,True,True,True,5
ID_6XGQTQ1S,sexual_violence,True,True,True,True,True,5
ID_6XLO31FJ,Physical_violence,True,True,True,True,True,5
ID_6XSJEZ9E,sexual_violence,True,True,True,True,True,5
ID_6XWBIC93,sexual_violence,True,True,True,True,True,5
ID_6XZYXMM7,sexual_violence,True,True,True,True,True,5
ID_6Y9JYEA4,sexual_violence,True,True,True,True,True,5
ID_6YGR8HHU,sexual_violence,True,True,True,True,True,5
ID_6YM001BR,sexual_violence,True,True,True,True,True,5
ID_6YMJ3AL4,sexual_violence,True,True,True,True,True,5
ID_6YXOSG1B,sexual_violence,True,True,True,True,True,5
ID_6ZI15N60,sexual_violence,True,True,True,True,True,5
ID_6ZIAS2AK,sexual_violence,True,True,True,True,True,5
ID_7025TUN0,sexual_violence,True,True,True,True,True,5
ID_70H8DUMW,Physical_violence,True,True,True,True,True,5
ID_70HXZ6E8,sexual_violence,True,True,True,True,True,5
ID_7120E61N,sexual_violence,True,True,True,True,True,5
ID_715ZSVDF,sexual_violence,True,True,True,True,True,5
ID_719IUIA1,sexual_violence,True,True,True,True,True,5
ID_71B2Q5W2,sexual_violence,True,True,True,True,True,5
ID_71DMWI8H,sexual_violence,True,True,True,True,True,5
ID_71NSVIKF,sexual_violence,True,True,True,True,True,5
ID_71P8H2X2,sexual_violence,True,True,True,True,True,5
ID_71WTWJ4Q,sexual_violence,True,True,True,True,True,5
ID_721C3HLQ,sexual_violence,True,True,True,True,True,5
ID_72CM20FD,sexual_violence,True,True,True,True,True,5
ID_72JMZ1LS,sexual_violence,True,True,True,True,True,5
ID_72Z2VLG5,sexual_violence,True,True,True,True,True,5
ID_731SCSHV,sexual_violence,True,True,True,True,True,5
ID_732KPEQN,sexual_violence,True,True,True,True,True,5
ID_732QUZKO,sexual_violence,True,True,True,True,True,5
ID_734QV3BZ,sexual_violence,True,True,True,True,True,5
ID_735BKLKB,sexual_violence,True,True,True,True,True,5
ID_73G7FKWX,sexual_violence,True,True,True,True,True,5
ID_73P80Q33,sexual_violence,True,True,True,True,True,5
ID_73XBD2RS,sexual_violence,True,True,True,True,True,5
ID_744LKD6S,sexual_violence,True,True,True,True,True,5
ID_748PGKWX,Physical_violence,True,True,True,True,True,5
ID_74AGE3MW,sexual_violence,True,True,True,True,True,5
ID_74G91L3Y,Physical_violence,True,True,True,True,True,5
ID_74I38RSW,sexual_violence,True,True,True,True,True,5
ID_74JQB83E,sexual_violence,True,True,True,True,True,5
ID_75001BNH,sexual_violence,True,True,True,True,True,5
ID_750MQCZ5,sexual_violence,True,True,True,True,True,5
ID_755D9R6D,sexual_violence,True,True,True,True,True,5
ID_759ZAA93,sexual_violence,True,True,True,True,True,5
ID_75BZHDBE,Physical_violence,True,True,True,True,True,5
ID_75C07XBA,sexual_violence,True,True,True,True,True,5
ID_75DOF0E6,sexual_violence,True,True,True,True,True,5
ID_75FQCWEH,sexual_violence,True,True,True,True,True,5
ID_75H8LUFC,Physical_violence,True,True,True,True,True,5
ID_75NL1CUT,Physical_violence,True,True,True,True,True,5
ID_75PWPFPB,sexual_violence,True,True,True,True,True,5
ID_75XZFNU9,sexual_violence,True,True,True,True,True,5
ID_75ZVVC1H,sexual_violence,True,True,True,True,True,5
ID_7657ZPFA,sexual_violence,True,True,True,True,True,5
ID_76CN2N9Z,sexual_violence,True,True,True,True,True,5
ID_76KR1C2F,sexual_violence,True,True,True,True,True,5
ID_76OJ7SFU,Physical_violence,True,True,True,True,True,5
ID_771ISL4O,sexual_violence,True,True,True,True,True,5
ID_772DVWBN,sexual_violence,True,True,True,True,True,5
ID_7771OE3O,sexual_violence,True,True,True,True,True,5
ID_778P1IM6,sexual_violence,True,True,True,True,True,5
ID_77ISN3OI,sexual_violence,True,True,True,True,True,5
ID_77J1JRV4,sexual_violence,True,True,True,True,True,5
ID_77MJIPYR,Physical_violence,True,True,True,True,True,5
ID_77Q6P6SX,sexual_violence,True,True,True,True,True,5
ID_77T1TFBK,emotional_violence,True,True,True,True,True,5
ID_784L01WF,sexual_violence,True,True,True,True,True,5
ID_784QSZIA,Physical_violence,True,True,True,True,True,5
ID_787EO3WQ,Physical_violence,True,True,True,True,True,5
ID_78BEITV1,Physical_violence,True,True,True,True,True,5
ID_78TEJN76,sexual_violence,True,True,True,True,True,5
ID_78UKOIS5,Physical_violence,True,True,True,True,True,5
ID_78VKJ1O9,sexual_violence,True,True,True,True,True,5
ID_795U0M46,sexual_violence,True,True,True,True,True,5
ID_79LIQWNX,sexual_violence,True,True,True,True,True,5
ID_79OITLU2,Physical_violence,True,True,True,True,True,5
ID_79RVP0J8,sexual_violence,True,True,True,True,True,5
ID_79WT7GFO,sexual_violence,True,True,True,True,True,5
ID_79YH9S9M,sexual_violence,True,True,True,True,True,5
ID_7A74NE94,sexual_violence,True,True,True,True,True,5
ID_7AGTPPCC,sexual_violence,True,True,True,True,True,5
ID_7AI7IATS,sexual_violence,True,True,True,True,True,5
ID_7AKLLXPW,sexual_violence,True,True,True,True,True,5
ID_7ALBJ3YF,sexual_violence,True,True,True,True,True,5
ID_7AMJSAPG,sexual_violence,True,True,True,True,True,5
ID_7ASG5BUD,sexual_violence,True,True,True,True,True,5
ID_7AVLW8VM,sexual_violence,True,True,True,True,True,5
ID_7AZZNC3Z,sexual_violence,True,True,True,True,True,5
ID_7B2E3OTP,sexual_violence,True,True,True,True,True,5
ID_7BBEQ9JJ,sexual_violence,True,True,True,True,True,5
ID_7BBW2LLT,sexual_violence,True,True,True,True,True,5
ID_7BF4BV86,sexual_violence,True,True,True,True,True,5
ID_7BGC14LR,sexual_violence,True,True,True,True,True,5
ID_7BPAKJCE,sexual_violence,True,True,True,True,True,5
ID_7BTBCPK5,sexual_violence,True,True,True,True,True,5
ID_7BVRQDGR,Physical_violence,True,True,True,True,True,5
ID_7BXWL7I0,sexual_violence,True,True,True,True,True,5
ID_7CH7ERRT,sexual_violence,True,True,True,True,True,5
ID_7CRFXNM7,sexual_violence,True,True,True,True,True,5
ID_7CZEA40U,sexual_violence,True,True,True,True,True,5
ID_7CZS9P0D,sexual_violence,True,True,True,True,True,5
ID_7D0I7EG3,sexual_violence,True,True,True,True,True,5
ID_7D3N2OOP,sexual_violence,True,True,True,True,True,5
ID_7D46HBNK,Physical_violence,True,True,True,True,True,5
ID_7D6T997I,sexual_violence,True,True,True,True,True,5
ID_7D7UNNTJ,sexual_violence,True,True,True,True,True,5
ID_7D9PEYAT,sexual_violence,True,True,True,True,True,5
ID_7DGE2C0D,sexual_violence,True,True,True,True,True,5
ID_7DJKGH7T,sexual_violence,True,True,True,True,True,5
ID_7DJMZ6BJ,sexual_violence,True,True,True,True,True,5
ID_7DK0BADG,sexual_violence,True,True,True,True,True,5
ID_7DKPB1UH,sexual_violence,True,True,True,True,True,5
ID_7DOVADLD,sexual_violence,True,True,True,True,True,5
ID_7DRUJD9M,Physical_violence,True,True,True,True,True,5
ID_7DSJ4G72,sexual_violence,True,True,True,True,True,5
ID_7DWW7O8D,sexual_violence,True,True,True,True,True,5
ID_7DY1BM7F,sexual_violence,True,True,True,True,True,5
ID_7EB74ZTF,sexual_violence,True,True,True,True,True,5
ID_7ES4AMEU,sexual_violence,True,True,True,True,True,5
ID_7ETLECZK,sexual_violence,True,True,True,True,True,5
ID_7F0KJQSA,Physical_violence,True,True,True,True,True,5
ID_7F0M9L6B,sexual_violence,True,True,True,True,True,5
ID_7FAP5AT4,sexual_violence,True,True,True,True,True,5
ID_7FLDX4MD,sexual_violence,True,True,True,True,True,5
ID_7FMNE73E,sexual_violence,True,True,True,True,True,5
ID_7FYHIVCB,Physical_violence,True,True,True,True,True,5
ID_7GCEB1GU,sexual_violence,True,True,True,True,True,5
ID_7GE8A900,sexual_violence,True,True,True,True,True,5
ID_7GML32EF,sexual_violence,True,True,True,True,True,5
ID_7GNIJS8L,sexual_violence,True,True,True,True,True,5
ID_7H4D7VA6,sexual_violence,True,True,True,True,True,5
ID_7H53RCRA,Physical_violence,True,True,True,True,True,5
ID_7HF2G2LC,sexual_violence,True,True,True,True,True,5
ID_7HITQY30,sexual_violence,True,True,True,True,True,5
ID_7HQIH9J5,sexual_violence,True,True,True,True,True,5
ID_7HVHG7OS,sexual_violence,True,True,True,True,True,5
ID_7HWAVO9Q,sexual_violence,True,True,True,True,True,5
ID_7HWO2KPP,sexual_violence,True,True,True,True,True,5
ID_7I1WTGDG,sexual_violence,True,True,True,True,True,5
ID_7I4LJDHB,Physical_violence,True,True,True,True,True,5
ID_7IEIGSHR,sexual_violence,True,True,True,True,True,5
ID_7IGZC349,sexual_violence,True,True,True,True,True,5
ID_7IL017L3,sexual_violence,True,True,True,True,True,5
ID_7ILWK9UW,emotional_violence,True,True,True,True,True,5
ID_7IPJUZDO,sexual_violence,True,True,True,True,True,5
ID_7IQZA4TS,sexual_violence,True,True,True,True,True,5
ID_7J2KW0DA,sexual_violence,True,True,True,True,True,5
ID_7J2RQ0KA,sexual_violence,True,True,True,True,True,5
ID_7J6GTZUM,sexual_violence,True,True,True,True,True,5
ID_7JQ8YNOD,sexual_violence,True,True,True,True,True,5
ID_7JSZN1S8,sexual_violence,True,True,True,True,True,5
ID_7KJ61LE2,sexual_violence,True,True,True,True,True,5
ID_7KK9VM4O,Physical_violence,True,True,True,True,True,5
ID_7KQ686PN,sexual_violence,True,True,True,True,True,5
ID_7KQSGNWR,sexual_violence,True,True,True,True,True,5
ID_7KV7A7LT,sexual_violence,True,True,True,True,True,5
ID_7KXGU3F9,sexual_violence,True,True,True,True,True,5
ID_7L2WGKOH,sexual_violence,True,True,True,True,True,5
ID_7L3H4CPH,sexual_violence,True,True,True,True,True,5
ID_7LCMET05,sexual_violence,True,True,True,True,True,5
ID_7LJNIGIC,sexual_violence,True,True,True,True,True,5
ID_7LLM6BR2,sexual_violence,True,True,True,True,True,5
ID_7LLRL4RS,sexual_violence,True,True,True,True,True,5
ID_7LOLYO6A,sexual_violence,True,True,True,True,True,5
ID_7LQ5TP53,sexual_violence,True,True,True,True,True,5
ID_7M4K0TA3,sexual_violence,True,True,True,True,True,5
ID_7M4PRZ8E,sexual_violence,True,True,True,True,True,5
ID_7MOUFVGL,sexual_violence,True,True,True,True,True,5
ID_7MQFISBA,sexual_violence,True,True,True,True,True,5
ID_7MT5OCFQ,emotional_violence,True,True,True,True,True,5
ID_7N0GJSK6,sexual_violence,True,True,True,True,True,5
ID_7NCM6BU2,sexual_violence,True,True,True,True,True,5
ID_7NKKS3YY,sexual_violence,True,True,True,True,True,5
ID_7NX5V7LM,sexual_violence,True,True,True,True,True,5
ID_7NZYXFTN,sexual_violence,True,True,True,True,True,5
ID_7O5H61V1,sexual_violence,True,True,True,True,True,5
ID_7O8ZDM4N,sexual_violence,True,True,True,True,True,5
ID_7ODIUMA2,sexual_violence,True,True,True,True,True,5
ID_7OQUGYFT,sexual_violence,True,True,True,True,True,5
ID_7OZZGFDX,Physical_violence,True,True,True,True,True,5
ID_7P7X6X6X,Physical_violence,True,True,True,True,True,5
ID_7PFLT1OO,sexual_violence,True,True,True,True,True,5
ID_7PIHY73C,sexual_violence,True,True,True,True,True,5
ID_7PP4265Y,sexual_violence,True,True,True,True,True,5
ID_7Q28QHXZ,Physical_violence,True,True,True,True,True,5
ID_7Q7CQNGU,sexual_violence,True,True,True,True,True,5
ID_7RAGM4WK,Physical_violence,True,True,True,True,True,5
ID_7RCT76GU,sexual_violence,True,True,True,True,True,5
ID_7RDGAWRZ,sexual_violence,True,True,True,True,True,5
ID_7RS09VDA,sexual_violence,True,True,True,True,True,5
ID_7RWYI2V3,sexual_violence,True,True,True,True,True,5
ID_7S3EJ8KM,sexual_violence,True,True,True,True,True,5
ID_7SCNFCZJ,sexual_violence,True,True,True,True,True,5
ID_7SKQEH8R,sexual_violence,True,True,True,True,True,5
ID_7SXE3EPV,sexual_violence,True,True,True,True,True,5
ID_7SXTJHRL,Physical_violence,True,True,True,True,True,5
ID_7SZQQPL5,sexual_violence,True,True,True,True,True,5
ID_7T3VDYRO,sexual_violence,True,True,True,True,True,5
ID_7T8279WJ,sexual_violence,True,True,True,True,True,5
ID_7TG1EI2Y,sexual_violence,True,True,True,True,True,5
ID_7TGQR3J3,sexual_violence,True,True,True,True,True,5
ID_7TJCOCA1,Physical_violence,True,True,True,True,True,5
ID_7TKQCS4C,sexual_violence,True,True,True,True,True,5
ID_7TMJ6Y7G,Physical_violence,True,True,True,True,True,5
ID_7TTUKYUG,sexual_violence,True,True,True,True,True,5
ID_7TX7U72S,sexual_violence,True,True,True,True,True,5
ID_7TY0BLEK,Physical_violence,True,True,True,True,True,5
ID_7TY70Q75,sexual_violence,True,True,True,True,True,5
ID_7U1C223Y,sexual_violence,True,True,True,True,True,5
ID_7U1I8E81,sexual_violence,True,True,True,True,True,5
ID_7U1QR4NP,sexual_violence,True,True,True,True,True,5
ID_7U4LBL51,Physical_violence,True,True,True,True,True,5
ID_7UBH2HOK,sexual_violence,True,True,True,True,True,5
ID_7UDX5UKC,sexual_violence,True,True,True,True,True,5
ID_7UNOYWYM,sexual_violence,True,True,True,True,True,5
ID_7UT4DZWI,sexual_violence,True,True,True,True,True,5
ID_7UYCBQ6N,sexual_violence,True,True,True,True,True,5
ID_7V3MAK3C,sexual_violence,True,True,True,True,True,5
ID_7VDSBS05,sexual_violence,True,True,True,True,True,5
ID_7VJ3HSA9,sexual_violence,True,True,True,True,True,5
ID_7VSCCIT5,sexual_violence,True,True,True,True,True,5
ID_7W7W8E1B,Physical_violence,True,True,True,True,True,5
ID_7WEDMQVO,sexual_violence,True,True,True,True,True,5
ID_7WEI4Q8N,sexual_violence,True,True,True,True,True,5
ID_7WIOUTX7,economic_violence,True,True,True,True,True,5
ID_7WW1D3A5,sexual_violence,True,True,True,True,True,5
ID_7XULDURE,sexual_violence,True,True,True,True,True,5
ID_7Y1FGVAJ,sexual_violence,True,True,True,True,True,5
ID_7Y7UW9UD,sexual_violence,True,True,True,True,True,5
ID_7YECZFWV,sexual_violence,True,True,True,True,True,5
ID_7YRVJE8I,sexual_violence,True,True,True,True,True,5
ID_7Z0QH6GX,sexual_violence,True,True,True,True,True,5
ID_7Z37VJEI,sexual_violence,True,True,True,True,True,5
ID_7ZANZ3ZV,sexual_violence,True,True,True,True,True,5
ID_7ZAPPM0R,sexual_violence,True,True,True,True,True,5
ID_7ZDOCZM5,sexual_violence,True,True,True,True,True,5
ID_7ZH9FPEN,sexual_violence,True,True,True,True,True,5
ID_7ZHVXJRP,sexual_violence,True,True,True,True,True,5
ID_7ZLSG4JX,sexual_violence,True,True,True,True,True,5
ID_7ZMAHL50,Physical_violence,True,True,True,True,True,5
ID_7ZSKJOH4,sexual_violence,True,True,True,True,True,5
ID_7ZV49T1G,Physical_violence,True,True,True,True,True,5
ID_80GC3O1A,sexual_violence,True,True,True,True,True,5
ID_80LF28IP,sexual_violence,True,True,True,True,True,5
ID_80SUHSAG,Physical_violence,True,True,True,True,True,5
ID_8105RVR8,sexual_violence,True,True,True,True,True,5
ID_813RPF7X,sexual_violence,True,True,True,True,True,5
ID_8143VW9T,sexual_violence,True,True,True,True,True,5
ID_81CQQWBM,sexual_violence,True,True,True,True,True,5
ID_81M1NTVQ,emotional_violence,True,True,True,True,True,5
ID_81OGRUCX,Physical_violence,True,True,True,True,True,5
ID_8225X3Q9,sexual_violence,True,True,True,True,True,5
ID_82C6DJTW,sexual_violence,True,True,True,True,True,5
ID_82DLMYV1,sexual_violence,True,True,True,True,True,5
ID_82EMGHOI,sexual_violence,True,True,True,True,True,5
ID_83E9HWST,sexual_violence,True,True,True,True,True,5
ID_83WZ0UQ0,sexual_violence,True,True,True,True,True,5
ID_8406I1NB,sexual_violence,True,True,True,True,True,5
ID_842E1Y2C,sexual_violence,True,True,True,True,True,5
ID_84C21PEN,sexual_violence,True,True,True,True,True,5
ID_84LIVZNN,sexual_violence,True,True,True,True,True,5
ID_84WKCOB5,sexual_violence,True,True,True,True,True,5
ID_84YAPKTS,sexual_violence,True,True,True,True,True,5
ID_84YYBA1Z,sexual_violence,True,True,True,True,True,5
ID_84Z5I8Z8,sexual_violence,True,True,True,True,True,5
ID_8541DJ4R,sexual_violence,True,True,True,True,True,5
ID_854NXTGV,sexual_violence,True,True,True,True,True,5
ID_85PPEVWV,sexual_violence,True,True,True,True,True,5
ID_85S8EFLK,sexual_violence,True,True,True,True,True,5
ID_85V6CB5L,sexual_violence,True,True,True,True,True,5
ID_85WXK5C6,sexual_violence,True,True,True,True,True,5
ID_86AYZU58,sexual_violence,True,True,True,True,True,5
ID_86B7CXKF,sexual_violence,True,True,True,True,True,5
ID_86J8X91D,sexual_violence,True,True,True,True,True,5
ID_86NB5ABX,Physical_violence,True,True,True,True,True,5
ID_86O0SLVJ,sexual_violence,True,True,True,True,True,5
ID_86X1629F,sexual_violence,True,True,True,True,True,5
ID_86ZTC1VV,sexual_violence,True,True,True,True,True,5
ID_875HSWJC,sexual_violence,True,True,True,True,True,5
ID_87DUAN1Z,sexual_violence,True,True,True,True,True,5
ID_87GWUX06,sexual_violence,True,True,True,True,True,5
ID_87HQAOJM,sexual_violence,True,True,True,True,True,5
ID_87K5DS27,sexual_violence,True,True,True,True,True,5
ID_87OX6VE1,sexual_violence,True,True,True,True,True,5
ID_87VRFVZ3,Physical_violence,True,True,True,True,True,5
ID_87VUAISC,sexual_violence,True,True,True,True,True,5
ID_88CFEAMV,Physical_violence,True,True,True,True,True,5
ID_88I8CFTS,sexual_violence,True,True,True,True,True,5
ID_88VR0EEC,sexual_violence,True,True,True,True,True,5
ID_88X6LYPC,sexual_violence,True,True,True,True,True,5
ID_894I7R0Z,Physical_violence,True,True,True,True,True,5
ID_895PHWAN,Physical_violence,True,True,True,True,True,5
ID_895U9UIQ,Physical_violence,True,True,True,True,True,5
ID_89DDV4Z8,sexual_violence,True,True,True,True,True,5
ID_89F3ATRC,sexual_violence,True,True,True,True,True,5
ID_89IXII4Z,sexual_violence,True,True,True,True,True,5
ID_89T9I4RS,sexual_violence,True,True,True,True,True,5
ID_89UKHXG7,sexual_violence,True,True,True,True,True,5
ID_89VHR9GC,Physical_violence,True,True,True,True,True,5
ID_89WR98OQ,sexual_violence,True,True,True,True,True,5
ID_8A10WTE0,sexual_violence,True,True,True,True,True,5
ID_8AB2Z8A6,sexual_violence,True,True,True,True,True,5
ID_8AG6D1ON,sexual_violence,True,True,True,True,True,5
ID_8ARI1C3B,sexual_violence,True,True,True,True,True,5
ID_8AS8W5Y4,sexual_violence,True,True,True,True,True,5
ID_8ATY7ZJ7,sexual_violence,True,True,True,True,True,5
ID_8AVQRYZ7,sexual_violence,True,True,True,True,True,5
ID_8AZRYI3M,sexual_violence,True,True,True,True,True,5
ID_8B8RNU9E,sexual_violence,True,True,True,True,True,5
ID_8BC4VHUY,sexual_violence,True,True,True,True,True,5
ID_8BCQN4RM,Physical_violence,True,True,True,True,True,5
ID_8BEUF5GZ,sexual_violence,True,True,True,True,True,5
ID_8BQENSTN,sexual_violence,True,True,True,True,True,5
ID_8BU64TWM,sexual_violence,True,True,True,True,True,5
ID_8C0NLXI4,sexual_violence,True,True,True,True,True,5
ID_8C8K0DTY,sexual_violence,True,True,True,True,True,5
ID_8CB31CJR,Physical_violence,True,True,True,True,True,5
ID_8CCERH8P,sexual_violence,True,True,True,True,True,5
ID_8CUG1JQW,sexual_violence,True,True,True,True,True,5
ID_8DBDOLVY,sexual_violence,True,True,True,True,True,5
ID_8DJ68COV,sexual_violence,True,True,True,True,True,5
ID_8DOWX2U8,sexual_violence,True,True,True,True,True,5
ID_8DUKSFJ9,Physical_violence,True,True,True,True,True,5
ID_8DW89IBH,sexual_violence,True,True,True,True,True,5
ID_8E11UHZK,sexual_violence,True,True,True,True,True,5
ID_8E3DIG4R,sexual_violence,True,True,True,True,True,5
ID_8E3SX547,sexual_violence,True,True,True,True,True,5
ID_8EA7FULT,sexual_violence,True,True,True,True,True,5
ID_8EJL32X2,sexual_violence,True,True,True,True,True,5
ID_8EN4OD4Y,sexual_violence,True,True,True,True,True,5
ID_8EPJV9D0,sexual_violence,True,True,True,True,True,5
ID_8ETNK8RC,sexual_violence,True,True,True,True,True,5
ID_8EWUFCSJ,sexual_violence,True,True,True,True,True,5
ID_8F1OVRW2,sexual_violence,True,True,True,True,True,5
ID_8F2DQZTV,sexual_violence,True,True,True,True,True,5
ID_8F32933M,sexual_violence,True,True,True,True,True,5
ID_8F8H5UIZ,sexual_violence,True,True,True,True,True,5
ID_8F90KF41,sexual_violence,True,True,True,True,True,5
ID_8FDJJ82W,sexual_violence,True,True,True,True,True,5
ID_8FHXDVKR,sexual_violence,True,True,True,True,True,5
ID_8FIYB4WL,sexual_violence,True,True,True,True,True,5
ID_8FM5BA2L,sexual_violence,True,True,True,True,True,5
ID_8FPZ1KGN,Physical_violence,True,True,True,True,True,5
ID_8FQFUN56,sexual_violence,True,True,True,True,True,5
ID_8FR2Q2EY,sexual_violence,True,True,True,True,True,5
ID_8FVNYMJ8,sexual_violence,True,True,True,True,True,5
ID_8G3NRHAU,sexual_violence,True,True,True,True,True,5
ID_8G7VDVFJ,sexual_violence,True,True,True,True,True,5
ID_8GH4Y5AI,sexual_violence,True,True,True,True,True,5
ID_8GJUES89,sexual_violence,True,True,True,True,True,5
ID_8GLKFFC4,sexual_violence,True,True,True,True,True,5
ID_8GO88C7B,sexual_violence,True,True,True,True,True,5
ID_8GQHU0O9,sexual_violence,True,True,True,True,True,5
ID_8H0O6861,sexual_violence,True,True,True,True,True,5
ID_8HEF78FH,sexual_violence,True,True,True,True,True,5
ID_8HOYI4VK,sexual_violence,True,True,True,True,True,5
ID_8I1R1AA8,sexual_violence,True,True,True,True,True,5
ID_8ICD5JN0,sexual_violence,True,True,True,True,True,5
ID_8IGIB56P,sexual_violence,True,True,True,True,True,5
ID_8IO1ONBS,sexual_violence,True,True,True,True,True,5
ID_8IRWVNZV,sexual_violence,True,True,True,True,True,5
ID_8IT6I65L,sexual_violence,True,True,True,True,True,5
ID_8IWYEHVQ,sexual_violence,True,True,True,True,True,5
ID_8J44IOH8,sexual_violence,False,True,True,True,True,4
ID_8J5P6QZX,sexual_violence,True,True,True,True,True,5
ID_8JELQJTB,sexual_violence,True,True,True,True,True,5
ID_8JHKAY2D,sexual_violence,True,True,True,True,True,5
ID_8JUUNKDN,sexual_violence,True,True,True,True,True,5
ID_8K0EWR2D,sexual_violence,True,True,True,True,True,5
ID_8K4K693A,sexual_violence,True,True,True,True,True,5
ID_8K7LPL0L,Physical_violence,True,True,True,True,True,5
ID_8KU3CSXJ,sexual_violence,True,True,True,True,True,5
ID_8KZ5FMAX,sexual_violence,True,True,True,True,True,5
ID_8L2BNYTS,Physical_violence,True,True,True,True,True,5
ID_8LOZRO5F,sexual_violence,True,True,True,True,True,5
ID_8LR3MPJC,sexual_violence,True,True,True,True,True,5
ID_8LV00OAQ,sexual_violence,True,True,True,True,True,5
ID_8M06T71E,Physical_violence,True,True,True,True,True,5
ID_8M7MJTGB,sexual_violence,True,True,True,True,True,5
ID_8MIOZHQ6,Physical_violence,True,True,True,True,True,5
ID_8MOXYMBD,sexual_violence,True,True,True,True,True,5
ID_8MULKCYN,sexual_violence,True,True,True,True,True,5
ID_8MXJMNDA,sexual_violence,True,True,True,True,True,5
ID_8N1JY13W,sexual_violence,True,True,True,True,True,5
ID_8N4KEEND,sexual_violence,True,True,True,True,True,5
ID_8NBYWS2K,sexual_violence,True,True,True,True,True,5
ID_8NDKMIQO,sexual_violence,True,True,True,True,True,5
ID_8NDSRSSB,sexual_violence,True,True,True,True,True,5
ID_8NMYV7B2,sexual_violence,True,True,True,True,True,5
ID_8NTK529J,Physical_violence,True,True,True,True,True,5
ID_8NYQR16D,sexual_violence,True,True,True,True,True,5
ID_8NZ1WJB9,sexual_violence,True,True,True,True,True,5
ID_8OIFQ3IL,sexual_violence,True,True,True,True,True,5
ID_8ONSOEHH,sexual_violence,True,True,True,True,True,5
ID_8OQ60ZAT,sexual_violence,True,True,True,True,True,5
ID_8OU55264,sexual_violence,True,True,True,True,True,5
ID_8OX09LWH,sexual_violence,True,True,True,True,True,5
ID_8OXQ4WZ9,sexual_violence,True,True,True,True,True,5
ID_8P3DGC68,sexual_violence,True,True,True,True,True,5
ID_8P82EFFS,sexual_violence,True,True,True,True,True,5
ID_8PM93A52,sexual_violence,True,True,True,True,True,5
ID_8PPDWETU,Physical_violence,True,True,True,True,True,5
ID_8PRJ8WPY,sexual_violence,True,True,True,True,True,5
ID_8PVL0JLX,sexual_violence,True,True,True,True,True,5
ID_8PW3UTJ6,sexual_violence,True,True,True,True,True,5
ID_8PX1IBUI,sexual_violence,True,True,True,True,True,5
ID_8Q3T04UQ,sexual_violence,True,True,True,True,True,5
ID_8Q4XILMW,sexual_violence,True,True,True,True,True,5
ID_8QR227QA,sexual_violence,True,True,True,True,True,5
ID_8QUJNTOK,Physical_violence,True,True,True,True,True,5
ID_8QXMPXHU,sexual_violence,True,True,True,True,True,5
ID_8R1JJN11,sexual_violence,True,True,True,True,True,5
ID_8R4KIG50,economic_violence,True,True,True,False,True,4
ID_8RP1CICJ,sexual_violence,True,True,True,True,True,5
ID_8RTRQMLY,sexual_violence,True,True,True,True,True,5
ID_8RX8QHR0,sexual_violence,True,True,True,True,True,5
ID_8S5PX1VE,sexual_violence,True,True,True,True,True,5
ID_8SB3SL58,sexual_violence,True,True,True,True,True,5
ID_8SCDCU3B,sexual_violence,True,True,True,True,True,5
ID_8SD5H65O,sexual_violence,True,True,True,True,True,5
ID_8SMS32YD,sexual_violence,True,True,True,True,True,5
ID_8SMYNNET,sexual_violence,True,True,True,True,True,5
ID_8SP904UE,sexual_violence,True,True,True,True,True,5
ID_8SSMM22Y,sexual_violence,True,True,True,True,True,5
ID_8SZM5SYD,Physical_violence,True,True,True,True,True,5
ID_8T0CDNYU,sexual_violence,True,True,True,True,True,5
ID_8T0TPAFL,sexual_violence,True,True,True,True,True,5
ID_8THFGW20,sexual_violence,True,True,True,True,True,5
ID_8TLS3798,sexual_violence,True,True,True,True,True,5
ID_8TR2RS0J,sexual_violence,True,True,True,True,True,5
ID_8TX7YPE5,Physical_violence,True,True,True,True,True,5
ID_8TX8EGHC,Physical_violence,True,True,True,True,True,5
ID_8TZNPP37,sexual_violence,True,True,True,True,True,5
ID_8UAM3702,sexual_violence,True,True,True,True,True,5
ID_8UJ6SKU3,Physical_violence,True,True,True,True,True,5
ID_8UQY76JR,Physical_violence,True,True,True,True,True,5
ID_8V31DR7F,sexual_violence,True,True,True,True,True,5
ID_8VO9T77U,sexual_violence,True,True,True,True,True,5
ID_8WB6U6PJ,sexual_violence,True,True,True,True,True,5
ID_8WJ9O7WA,sexual_violence,True,True,True,True,True,5
ID_8WPECBL1,sexual_violence,True,True,True,True,True,5
ID_8WSO6H2D,sexual_violence,True,True,True,True,True,5
ID_8WYQJU42,sexual_violence,True,True,True,True,True,5
ID_8X1SQ6VM,sexual_violence,True,True,True,True,True,5
ID_8X1Z0KRW,sexual_violence,True,True,True,True,True,5
ID_8X81JSTJ,sexual_violence,True,True,True,True,True,5
ID_8XDDDHT4,sexual_violence,True,True,True,True,True,5
ID_8XF9BTXF,emotional_violence,True,True,True,True,True,5
ID_8XFEX09H,sexual_violence,True,True,True,True,True,5
ID_8XJ5K4X3,sexual_violence,True,True,True,True,True,5
ID_8XXGTOLA,sexual_violence,True,True,True,True,True,5
ID_8XXKU2BG,sexual_violence,True,True,True,True,True,5
ID_8Y1LE0LY,emotional_violence,True,True,True,True,True,5
ID_8Y47NO7X,Physical_violence,True,True,True,True,True,5
ID_8YA2GJW5,sexual_violence,True,True,True,True,True,5
ID_8YA8P9MF,sexual_violence,True,True,True,True,True,5
ID_8YK3V5UE,sexual_violence,True,True,True,True,True,5
ID_8YML7P3R,Physical_violence,True,True,True,True,True,5
ID_8YMRXXUJ,sexual_violence,True,True,True,True,True,5
ID_8YXP0ZXR,sexual_violence,True,True,True,True,True,5
ID_8Z5M9P7Z,sexual_violence,True,True,True,True,True,5
ID_8ZCGV47M,sexual_violence,True,True,True,True,True,5
ID_8ZNUFF0K,Physical_violence,True,True,True,True,True,5
ID_8ZVOMDYF,sexual_violence,True,True,True,True,True,5
ID_8ZZAEE6I,sexual_violence,True,True,True,True,True,5
ID_90HOJJUS,sexual_violence,True,True,True,True,True,5
ID_90V6IMZ9,sexual_violence,True,True,True,True,True,5
ID_90YZ12M7,sexual_violence,True,True,True,True,True,5
ID_913JJ30D,sexual_violence,True,True,True,True,True,5
ID_91KGNKQ6,emotional_violence,True,True,True,True,True,5
ID_91NSRUS0,sexual_violence,True,True,True,True,True,5
ID_91NZ97KB,Physical_violence,True,True,True,True,True,5
ID_91QT3TF2,sexual_violence,True,True,True,True,True,5
ID_924JHUCY,sexual_violence,True,True,True,True,True,5
ID_9285GWO9,sexual_violence,True,True,True,True,True,5
ID_929U7FVZ,sexual_violence,True,True,True,True,True,5
ID_92AIH1RI,sexual_violence,True,True,True,True,True,5
ID_92BOFPGT,sexual_violence,True,True,True,True,True,5
ID_92DH7TKL,sexual_violence,True,True,True,True,True,5
ID_92LO62E2,sexual_violence,True,True,True,True,True,5
ID_92XTUAQS,sexual_violence,True,True,True,True,True,5
ID_92ZS0H65,sexual_violence,True,True,True,True,True,5
ID_9389XTOC,sexual_violence,True,True,True,True,True,5
ID_93DPNRF7,sexual_violence,True,True,True,True,True,5
ID_93J91HEW,Physical_violence,True,True,True,True,True,5
ID_93PIKJUK,sexual_violence,True,True,True,True,True,5
ID_93SCKX5N,sexual_violence,True,True,True,True,True,5
ID_93TJ53W4,Physical_violence,True,True,True,True,True,5
ID_93X795P6,sexual_violence,True,True,True,True,True,5
ID_942PE3LS,Physical_violence,True,True,True,True,True,5
ID_94CCSQJG,Physical_violence,True,True,True,True,True,5
ID_94CH5TLI,sexual_violence,False,True,True,True,True,4
ID_94I7UAE6,sexual_violence,True,True,True,True,True,5
ID_94JGJ50I,Physical_violence,True,True,True,True,True,5
ID_94RGAVWI,sexual_violence,True,True,True,True,True,5
ID_953HDSVK,sexual_violence,True,True,True,True,True,5
ID_956QEB1D,sexual_violence,True,True,True,True,True,5
ID_9572LLRL,sexual_violence,True,True,True,True,True,5
ID_95E61G06,sexual_violence,True,True,True,True,True,5
ID_95EBNWDK,sexual_violence,True,True,True,True,True,5
ID_95ONOET6,sexual_violence,True,True,True,True,True,5
ID_95Q9XX95,sexual_violence,True,True,True,True,True,5
ID_95Z2JZC4,sexual_violence,True,True,True,True,True,5
ID_96DC0PAP,Physical_violence,True,True,True,True,True,5
ID_96DC1IW4,sexual_violence,True,True,True,True,True,5
ID_96FNMYV8,sexual_violence,True,True,True,True,True,5
ID_96KRT545,sexual_violence,True,True,True,True,True,5
ID_96KST9YR,Physical_violence,True,True,True,True,True,5
ID_96RGWSQG,Physical_violence,True,True,True,True,True,5
ID_970X6EAG,sexual_violence,True,True,True,True,True,5
ID_97AVF1IB,sexual_violence,True,True,True,True,True,5
ID_97N51MS8,sexual_violence,True,True,True,True,True,5
ID_97WPWE1L,sexual_violence,True,True,True,True,True,5
ID_9831SNE7,sexual_violence,True,True,True,True,True,5
ID_985KYJD8,sexual_violence,True,True,True,True,True,5
ID_986LKZDD,Physical_violence,True,True,True,True,True,5
ID_989CLI30,sexual_violence,True,True,True,True,True,5
ID_989TA0UQ,sexual_violence,True,True,True,True,True,5
ID_98M71G8N,sexual_violence,True,True,True,True,True,5
ID_992PFB64,sexual_violence,True,True,True,True,True,5
ID_993DFVZ6,sexual_violence,True,True,True,True,True,5
ID_99CZHKF4,sexual_violence,True,True,True,True,True,5
ID_99GUE51H,sexual_violence,True,True,True,True,True,5
ID_99ME5EFY,emotional_violence,True,True,True,True,True,5
ID_99NKU6WK,Physical_violence,True,True,True,True,True,5
ID_99ZGR21O,sexual_violence,True,True,True,True,True,5
ID_9A13VXFO,sexual_violence,True,True,True,True,True,5
ID_9AE6DLFT,sexual_violence,True,True,True,True,True,5
ID_9ALI1P71,Physical_violence,True,True,True,True,True,5
ID_9AO3RGAN,sexual_violence,True,True,True,True,True,5
ID_9AP6W79L,sexual_violence,True,True,True,True,True,5
ID_9B0I7JO0,sexual_violence,True,True,True,True,True,5
ID_9B54BAAQ,sexual_violence,True,True,True,True,True,5
ID_9B77UFMG,sexual_violence,True,True,True,True,True,5
ID_9B7QR4HQ,sexual_violence,True,True,True,True,True,5
ID_9BBGNHPQ,sexual_violence,True,True,True,True,True,5
ID_9BDWS4SK,sexual_violence,True,True,True,True,True,5
ID_9BF2G893,Physical_violence,True,True,True,True,True,5
ID_9BFEW058,sexual_violence,True,True,True,True,True,5
ID_9BN5JJSX,sexual_violence,True,True,True,True,True,5
ID_9BNAAQ3B,sexual_violence,True,True,True,True,True,5
ID_9BRKFFWC,sexual_violence,True,True,True,True,True,5
ID_9BZ7VUUQ,sexual_violence,True,True,True,True,True,5
ID_9C5SV6MP,sexual_violence,True,True,True,True,True,5
ID_9CF7YF0T,sexual_violence,True,True,True,True,True,5
ID_9CTZ1NOV,sexual_violence,True,True,True,True,True,5
ID_9CYSJP71,sexual_violence,True,True,True,True,True,5
ID_9CYZRZHI,sexual_violence,True,True,True,True,True,5
ID_9CZSSAVR,sexual_violence,True,True,True,True,True,5
ID_9D18Y2SD,sexual_violence,True,True,True,True,True,5
ID_9D2AK4IA,sexual_violence,True,True,True,True,True,5
ID_9D6KW6FL,sexual_violence,True,True,True,True,True,5
ID_9D6L2Q3P,sexual_violence,True,True,True,True,True,5
ID_9DA76BFC,sexual_violence,True,True,True,True,True,5
ID_9DCU99YM,sexual_violence,True,True,True,True,True,5
ID_9DE9OMZY,sexual_violence,True,True,True,True,True,5
ID_9DHEKGVH,sexual_violence,True,True,True,True,True,5
ID_9DHMXS32,Physical_violence,True,True,True,True,True,5
ID_9DIFK5YV,sexual_violence,True,True,True,True,True,5
ID_9DMXA3TT,sexual_violence,True,True,True,True,True,5
ID_9DULWPK4,sexual_violence,True,True,True,True,True,5
ID_9DUPA0VN,sexual_violence,True,True,True,True,True,5
ID_9DUX0SEI,sexual_violence,True,True,True,True,True,5
ID_9E224JD7,sexual_violence,True,True,True,True,True,5
ID_9E36U71S,sexual_violence,True,True,True,True,True,5
ID_9EFWD74C,sexual_violence,True,True,True,True,True,5
ID_9EHSACKN,sexual_violence,True,True,True,True,True,5
ID_9EYQ0FAC,sexual_violence,True,True,True,True,True,5
ID_9F7PXFLJ,sexual_violence,True,True,True,True,True,5
ID_9F8ZJ2Q2,sexual_violence,True,True,True,True,True,5
ID_9FEVVIKP,sexual_violence,True,True,True,True,True,5
ID_9FOQKBZ0,Physical_violence,True,True,True,True,True,5
ID_9FV486VS,sexual_violence,True,True,True,True,True,5
ID_9FVLA7CX,sexual_violence,True,True,True,True,True,5
ID_9FXQCRHX,Physical_violence,True,True,True,True,True,5
ID_9G04O44W,Physical_violence,True,True,True,True,True,5
ID_9GCDME7F,sexual_violence,True,True,True,True,True,5
ID_9GDAY0X1,sexual_violence,True,True,True,True,True,5
ID_9H0OZ43U,sexual_violence,True,True,True,True,True,5
ID_9HIKAC2F,sexual_violence,True,True,True,True,True,5
ID_9HRFUY5Z,sexual_violence,True,True,True,True,True,5
ID_9HUORVAC,sexual_violence,True,True,True,True,True,5
ID_9I0MST4X,sexual_violence,True,True,True,True,True,5
ID_9I5KHUI0,sexual_violence,True,True,True,True,True,5
ID_9I6IJ4LK,sexual_violence,True,True,True,True,True,5
ID_9INY0QPD,sexual_violence,True,True,True,True,True,5
ID_9IQGR0SJ,sexual_violence,True,True,True,True,True,5
ID_9J9ZK3VS,sexual_violence,True,True,True,True,True,5
ID_9JLUSI0J,Physical_violence,True,True,True,True,True,5
ID_9JRO5CYG,sexual_violence,True,True,True,True,True,5
ID_9JXFE5K5,sexual_violence,True,True,True,True,True,5
ID_9K1J08WZ,sexual_violence,True,True,True,True,True,5
ID_9K6R21QK,sexual_violence,True,True,True,True,True,5
ID_9K7ODMXC,sexual_violence,True,True,True,True,True,5
ID_9KJ5UHNM,sexual_violence,True,True,True,True,True,5
ID_9KKI6EFX,sexual_violence,True,True,True,True,True,5
ID_9KKZBQIZ,sexual_violence,True,True,True,True,True,5
ID_9KX8GQIW,sexual_violence,True,True,True,True,True,5
ID_9L5ZUABO,sexual_violence,True,True,True,True,True,5
ID_9LF4OL5R,sexual_violence,True,True,True,True,True,5
ID_9LMRABPU,sexual_violence,True,True,True,True,True,5
ID_9LN5DRYT,sexual_violence,True,True,True,True,True,5
ID_9LPCGMZG,Physical_violence,True,True,True,True,True,5
ID_9LS367RJ,sexual_violence,True,True,True,True,True,5
ID_9LWZPJIZ,Physical_violence,True,True,True,True,True,5
ID_9M1HB9LW,sexual_violence,True,True,True,True,True,5
ID_9M8H8R10,Physical_violence,True,True,True,True,True,5
ID_9M950MML,sexual_violence,True,True,True,True,True,5
ID_9M9QNE5M,Physical_violence,True,True,True,True,True,5
ID_9MBL29G1,sexual_violence,True,True,True,True,True,5
ID_9MCMTQCP,sexual_violence,True,True,True,True,True,5
ID_9MHO7BMS,sexual_violence,True,True,True,True,True,5
ID_9MKO9PG3,sexual_violence,True,True,True,True,True,5
ID_9MP1TQIY,Physical_violence,True,True,True,True,True,5
ID_9MROE11G,sexual_violence,True,True,True,True,True,5
ID_9MUCUNF1,sexual_violence,True,True,True,True,True,5
ID_9N401X65,sexual_violence,True,True,True,True,True,5
ID_9N4H8SK2,sexual_violence,True,True,True,True,True,5
ID_9NJ5V5F0,sexual_violence,True,True,True,True,True,5
ID_9NLS4D86,sexual_violence,True,True,True,True,True,5
ID_9NLWENBZ,sexual_violence,True,True,True,True,True,5
ID_9NYY95WN,Physical_violence,True,True,True,True,True,5
ID_9O29KIF5,sexual_violence,True,True,True,True,True,5
ID_9O2JHGJN,sexual_violence,True,True,True,True,True,5
ID_9O6YH9FX,sexual_violence,True,True,True,True,True,5
ID_9OCAK8I3,emotional_violence,True,True,True,True,True,5
ID_9ODL3L2F,sexual_violence,True,True,True,True,True,5
ID_9OGB5IZG,sexual_violence,True,True,True,True,True,5
ID_9OLNCK6R,sexual_violence,True,True,True,True,True,5
ID_9OPXRPR0,sexual_violence,True,True,True,True,True,5
ID_9OQ4QM6L,sexual_violence,True,True,True,True,True,5
ID_9P1JLHI3,Physical_violence,True,True,True,True,True,5
ID_9PB1FWP0,sexual_violence,True,True,True,True,True,5
ID_9PEZIZD4,sexual_violence,True,True,True,True,True,5
ID_9POUMRT7,sexual_violence,True,True,True,True,True,5
ID_9PTOH0LV,sexual_violence,True,True,True,True,True,5
ID_9QGD6UEF,sexual_violence,True,True,True,True,True,5
ID_9QNRP98W,sexual_violence,True,True,True,True,True,5
ID_9R7S59OT,sexual_violence,True,True,True,True,True,5
ID_9RDKDHQ5,sexual_violence,True,True,True,True,True,5
ID_9RIOV5QG,emotional_violence,True,True,True,True,True,5
ID_9RKZBZYP,sexual_violence,True,True,True,True,True,5
ID_9RZQ7IBX,sexual_violence,True,True,True,True,True,5
ID_9SLK0WMH,Physical_violence,True,True,True,True,True,5
ID_9SQPYQW8,sexual_violence,True,True,True,True,True,5
ID_9SYVJPHM,sexual_violence,True,True,True,True,True,5
ID_9T1JBNKM,sexual_violence,True,True,True,True,True,5
ID_9TCZILIZ,sexual_violence,True,True,True,True,True,5
ID_9TF5W6O1,sexual_violence,True,True,True,True,True,5
ID_9TTTRK65,sexual_violence,True,True,True,True,True,5
ID_9U2AIWO6,emotional_violence,True,True,True,True,True,5
ID_9U8GYBVJ,sexual_violence,True,True,True,True,True,5
ID_9UB2YSLO,sexual_violence,True,False,True,True,True,4
ID_9UDS1L71,Physical_violence,True,True,True,True,True,5
ID_9UFIKC09,sexual_violence,True,True,True,True,True,5
ID_9UKQ33P3,sexual_violence,True,True,True,True,True,5
ID_9UMA75LB,sexual_violence,True,True,True,True,True,5
ID_9UQCDC0K,sexual_violence,True,True,True,True,True,5
ID_9UW221VD,sexual_violence,True,True,True,True,True,5
ID_9UWQD3JY,sexual_violence,True,True,True,True,True,5
ID_9VNF1VAQ,sexual_violence,True,True,True,True,True,5
ID_9VSTEZDJ,Physical_violence,True,True,True,True,True,5
ID_9VTX61B7,sexual_violence,True,True,True,True,True,5
ID_9VZNXSIG,sexual_violence,True,True,True,True,True,5
ID_9W2TAX42,emotional_violence,True,True,True,True,True,5
ID_9WDPTCDR,sexual_violence,True,True,True,True,True,5
ID_9WOL1COW,sexual_violence,True,True,True,True,True,5
ID_9WV502SZ,sexual_violence,True,True,True,True,True,5
ID_9X0ZYHAL,sexual_violence,True,True,True,True,True,5
ID_9XFNTXJ1,sexual_violence,True,True,True,True,True,5
ID_9XKJ9EIG,sexual_violence,True,True,True,True,True,5
ID_9XTDTTY1,Physical_violence,True,True,True,True,True,5
ID_9YA76UVU,sexual_violence,True,True,True,True,True,5
ID_9YFTEYOD,sexual_violence,True,True,True,True,True,5
ID_9YG2N9P7,sexual_violence,True,True,True,True,True,5
ID_9YTO9PLC,sexual_violence,True,True,True,True,True,5
ID_9Z1BXQVY,sexual_violence,True,True,True,True,True,5
ID_9Z58FE66,sexual_violence,True,True,True,True,True,5
ID_9ZC4RGPT,sexual_violence,True,True,True,True,True,5
ID_9ZFSZ44M,Physical_violence,True,True,True,True,True,5
ID_9ZLAL8XB,Physical_violence,True,True,True,True,True,5
ID_9ZN9VWAW,sexual_violence,True,True,True,True,True,5
ID_A02ZK34H,sexual_violence,True,True,True,True,True,5
ID_A0EF2AES,sexual_violence,True,True,True,True,True,5
ID_A0LLXG7F,sexual_violence,True,True,True,True,True,5
ID_A0QSNPHV,sexual_violence,True,True,True,True,True,5
ID_A0QX8EOX,sexual_violence,True,True,True,True,True,5
ID_A0YDNAOW,sexual_violence,True,True,True,True,True,5
ID_A124QPAC,sexual_violence,True,True,True,True,True,5
ID_A15O3T4D,sexual_violence,True,True,True,True,True,5
ID_A1IKWSCY,sexual_violence,True,True,True,True,True,5
ID_A1JLJI2A,sexual_violence,True,True,True,True,True,5
ID_A1OFSUIG,emotional_violence,True,True,True,True,True,5
ID_A1PRZ44I,sexual_violence,True,True,True,True,True,5
ID_A1SBKGEB,sexual_violence,True,True,True,True,True,5
ID_A1TZNU5X,sexual_violence,True,True,True,True,True,5
ID_A1UX386G,Physical_violence,True,True,True,True,True,5
ID_A1V4FDVP,sexual_violence,True,True,True,True,True,5
ID_A1XOIYON,sexual_violence,True,True,True,True,True,5
ID_A20BC9UG,sexual_violence,True,True,True,True,True,5
ID_A25CRQPD,sexual_violence,True,True,True,True,True,5
ID_A2ZFPL3A,sexual_violence,True,True,True,True,True,5
ID_A31RS4O1,sexual_violence,False,True,True,True,True,4
ID_A359JG81,sexual_violence,True,True,True,True,True,5
ID_A3BR8YGD,sexual_violence,True,True,True,True,True,5
ID_A411GFK4,sexual_violence,True,True,True,True,True,5
ID_A4SIL061,Physical_violence,True,True,True,True,True,5
ID_A4ZB6Q48,sexual_violence,True,True,True,True,True,5
ID_A507RL9F,sexual_violence,True,True,True,True,True,5
ID_A518FXI5,sexual_violence,True,True,True,True,True,5
ID_A52OF57Y,sexual_violence,True,True,True,True,True,5
ID_A5J0BVS7,sexual_violence,True,True,True,True,True,5
ID_A5NIUTEN,sexual_violence,True,True,True,True,True,5
ID_A5Y52F5B,sexual_violence,True,True,True,True,True,5
ID_A65EIJZN,sexual_violence,True,True,True,True,True,5
ID_A66CY4UQ,sexual_violence,True,True,True,True,True,5
ID_A67MFZD7,sexual_violence,True,True,True,True,True,5
ID_A6B2UIA7,sexual_violence,True,True,True,True,True,5
ID_A6GQU6FA,Physical_violence,True,True,True,True,True,5
ID_A6UW4YQH,sexual_violence,True,True,True,True,True,5
ID_A6VA4XCJ,sexual_violence,True,True,True,True,True,5
ID_A6WWYE4K,emotional_violence,True,True,True,True,True,5
ID_A72AKUZF,sexual_violence,True,True,True,True,True,5
ID_A7MIPE14,sexual_violence,True,True,True,True,True,5
ID_A7N3ZI5F,sexual_violence,True,True,True,True,True,5
ID_A7WWK7JQ,sexual_violence,True,True,True,True,True,5
ID_A83PA5NF,sexual_violence,True,True,True,True,True,5
ID_A89CMWA9,sexual_violence,True,True,True,True,True,5
ID_A8HV5WOC,Physical_violence,True,True,True,True,True,5
ID_A8V4CQW6,sexual_violence,True,True,True,True,True,5
ID_A94M3UP9,sexual_violence,True,True,True,True,True,5
ID_A9C0G24H,sexual_violence,True,True,True,True,True,5
ID_A9E5X07Y,sexual_violence,True,True,True,True,True,5
ID_A9FE51D4,sexual_violence,True,True,True,True,True,5
ID_A9G3LENR,sexual_violence,True,True,True,True,True,5
ID_A9IPUBKC,sexual_violence,True,True,True,True,True,5
ID_A9SXA81Z,sexual_violence,True,True,True,True,True,5
ID_A9U8XJ2H,sexual_violence,True,True,True,True,True,5
ID_A9Y1P6WR,sexual_violence,True,True,True,True,True,5
ID_AAG6CGP3,sexual_violence,True,True,True,True,True,5
ID_AAJDZISX,sexual_violence,True,True,True,True,True,5
ID_AARJYY0X,sexual_violence,True,True,True,True,True,5
ID_AATQ2VOT,sexual_violence,True,True,True,True,True,5
ID_AAYYX7ZO,sexual_violence,True,True,True,True,True,5
ID_AB0OTRJZ,sexual_violence,True,True,True,True,True,5
ID_ABA2XQH3,sexual_violence,True,True,True,True,True,5
ID_ABC8T3Y1,Physical_violence,True,True,True,True,True,5
ID_ABFHYCM0,sexual_violence,True,True,True,True,True,5
ID_ABH295DA,sexual_violence,True,True,True,True,True,5
ID_ABLHQ51A,Physical_violence,True,True,True,True,True,5
ID_ABVIJALX,emotional_violence,True,True,True,True,True,5
ID_ABXJXRPR,sexual_violence,True,True,True,True,True,5
ID_ABYJG9S7,sexual_violence,True,True,True,True,True,5
ID_AC8BU4PH,sexual_violence,True,True,True,True,True,5
ID_ACG1TZVL,sexual_violence,True,True,True,True,True,5
ID_ACGQ8HWM,emotional_violence,True,True,True,True,True,5
ID_ACLB3FX0,Physical_violence,True,True,True,True,True,5
ID_ACMOGDSC,sexual_violence,True,True,True,True,True,5
ID_ACP0BV7H,sexual_violence,True,True,True,True,True,5
ID_AD5667A6,sexual_violence,True,True,True,True,True,5
ID_ADE85SEF,sexual_violence,True,True,True,True,True,5
ID_ADP14UGM,sexual_violence,True,True,True,True,True,5
ID_ADXZM2GT,sexual_violence,True,True,True,True,True,5
ID_AE8M2Y5R,sexual_violence,True,True,True,True,True,5
ID_AEDKNM2N,sexual_violence,True,True,True,True,True,5
ID_AET3DLAH,sexual_violence,True,True,True,True,True,5
ID_AEXYY7EK,sexual_violence,True,True,True,True,True,5
ID_AF182ZXH,sexual_violence,True,True,True,True,True,5
ID_AFG4TETY,sexual_violence,True,True,True,True,True,5
ID_AG2JBLO7,economic_violence,True,True,True,False,True,4
ID_AG3R5H4P,sexual_violence,True,True,True,True,True,5
ID_AGUKR3A1,sexual_violence,True,True,True,True,True,5
ID_AH12GI6H,Physical_violence,True,True,True,True,True,5
ID_AH4U20VZ,sexual_violence,True,True,True,True,True,5
ID_AHC6Q9O0,sexual_violence,True,True,True,True,True,5
ID_AHO1AIHX,sexual_violence,True,True,True,True,True,5
ID_AHT4UABU,sexual_violence,True,True,True,True,True,5
ID_AHY029Y2,sexual_violence,True,True,True,True,True,5
ID_AI2LAQOR,sexual_violence,True,True,True,True,True,5
ID_AIMQIMQ0,sexual_violence,True,True,True,True,True,5
ID_AIUMA6L0,Physical_violence,True,True,True,True,True,5
ID_AJ4X1FIT,Physical_violence,True,True,True,True,True,5
ID_AJBCDV2H,Physical_violence,True,True,True,True,True,5
ID_AJDF9GXL,sexual_violence,True,True,True,True,True,5
ID_AJKZN4RL,sexual_violence,True,True,True,True,True,5
ID_AJQAMI3R,sexual_violence,True,True,True,True,True,5
ID_AK78G6JL,sexual_violence,True,True,True,True,True,5
ID_AK97AKHD,sexual_violence,True,True,True,True,True,5
ID_AKA28CXY,sexual_violence,True,True,True,True,True,5
ID_AKFUWLPS,Physical_violence,True,True,True,True,True,5
ID_AKJWOAVV,sexual_violence,True,True,True,True,True,5
ID_AKMMU5HH,sexual_violence,True,True,True,True,True,5
ID_AKQSKQW3,Physical_violence,True,True,True,True,True,5
ID_AKSD3L53,Physical_violence,True,True,True,True,True,5
ID_AKV2F8M4,sexual_violence,True,True,True,True,True,5
ID_AL1GW6NE,sexual_violence,True,True,True,True,True,5
ID_ALAQETBP,sexual_violence,True,True,True,True,True,5
ID_ALDCMDEF,emotional_violence,True,True,True,True,True,5
ID_ALKMF1ON,Physical_violence,True,True,True,True,True,5
ID_ALLDQFH3,sexual_violence,True,True,True,True,True,5
ID_ALUCVGJC,sexual_violence,True,True,True,True,True,5
ID_AM9922CI,sexual_violence,True,True,True,True,True,5
ID_AMDXW6YE,sexual_violence,True,True,True,True,True,5
ID_AMHK637U,sexual_violence,True,True,True,True,True,5
ID_AMJJXAOR,sexual_violence,True,True,True,True,True,5
ID_AMRY7DDW,sexual_violence,True,True,True,True,True,5
ID_AMUM3C3L,sexual_violence,True,True,True,True,True,5
ID_AMYO1976,sexual_violence,True,True,True,True,True,5
ID_AN63MW3D,sexual_violence,True,True,True,True,True,5
ID_ANDG85QQ,sexual_violence,True,True,True,True,True,5
ID_ANFA1D61,sexual_violence,True,True,True,True,True,5
ID_ANFLZ32V,sexual_violence,True,True,True,True,True,5
ID_ANKQXV8Y,Physical_violence,True,True,True,True,True,5
ID_AO7Z4GC1,sexual_violence,True,True,True,True,True,5
ID_AO8LK05S,Physical_violence,True,True,True,True,True,5
ID_AOAFWW5W,sexual_violence,True,True,True,True,True,5
ID_AOOSRNFP,sexual_violence,True,True,True,True,True,5
ID_AOROUS6R,sexual_violence,False,True,True,True,True,4
ID_AP48JGZ0,Physical_violence,True,True,True,True,True,5
ID_AP550CFR,sexual_violence,True,True,True,True,True,5
ID_APCXOZKX,sexual_violence,True,True,True,True,True,5
ID_APJ2M48A,sexual_violence,True,True,True,True,True,5
ID_APKU1Z9M,economic_violence,True,True,True,True,True,5
ID_APOF6X05,sexual_violence,True,True,True,True,True,5
ID_APPK3K82,sexual_violence,True,True,True,True,True,5
ID_APQEBNDY,sexual_violence,True,True,True,True,True,5
ID_APRMA1P2,sexual_violence,True,True,True,True,True,5
ID_APRP4O1O,economic_violence,True,True,True,True,True,5
ID_APTN7AW7,sexual_violence,True,True,True,True,True,5
ID_APUEUF5J,sexual_violence,True,True,True,True,True,5
ID_APV72QGJ,sexual_violence,True,True,True,True,True,5
ID_APXD31MZ,economic_violence,True,False,True,True,True,4
ID_AQ1M79CM,sexual_violence,True,True,True,True,True,5
ID_AQ7LN8EU,sexual_violence,True,True,True,True,True,5
ID_AQEK6TAA,sexual_violence,True,True,True,True,True,5
ID_AQFHT66U,sexual_violence,True,True,True,True,True,5
ID_AQGTV9D4,sexual_violence,True,True,True,True,True,5
ID_AQJZ1M0C,sexual_violence,True,True,True,True,True,5
ID_AQRFOHJA,sexual_violence,True,True,True,True,True,5
ID_AR1IM0AH,sexual_violence,True,True,True,True,True,5
ID_AR1TVP2E,sexual_violence,True,True,True,True,True,5
ID_ARB21VOJ,sexual_violence,True,True,True,True,True,5
ID_ARFOHOOO,sexual_violence,True,True,True,True,True,5
ID_AS0L1D4E,sexual_violence,True,True,True,True,True,5
ID_AS1CO6OD,sexual_violence,True,True,True,True,True,5
ID_AS4ZZBVF,sexual_violence,True,True,True,True,True,5
ID_AS66QVY7,sexual_violence,True,True,True,True,True,5
ID_ASBNBLK0,Physical_violence,True,True,True,True,True,5
ID_ASHG6URQ,sexual_violence,True,True,True,True,True,5
ID_ASON9GER,sexual_violence,True,True,True,True,True,5
ID_ASTX3DX3,sexual_violence,True,True,True,True,True,5
ID_ASUA6GOY,sexual_violence,True,True,True,True,True,5
ID_ASZ7L33W,sexual_violence,True,True,True,True,True,5
ID_AT1IAL1B,sexual_violence,True,True,True,True,True,5
ID_AT3NFCC0,sexual_violence,True,True,True,True,True,5
ID_ATFUN5B1,sexual_violence,True,True,True,True,True,5
ID_ATIEV7EY,Physical_violence,True,True,True,True,True,5
ID_ATKD9KBW,sexual_violence,True,True,True,True,True,5
ID_ATOFA6CT,sexual_violence,True,True,True,True,True,5
ID_ATYXFWJQ,sexual_violence,True,True,True,True,True,5
ID_AU9U0B37,sexual_violence,True,True,True,True,True,5
ID_AUM2E2CP,sexual_violence,True,True,True,True,True,5
ID_AURNSQML,sexual_violence,True,True,True,True,True,5
ID_AUTI3IWM,sexual_violence,True,True,True,True,True,5
ID_AV18VT2H,sexual_violence,True,True,True,True,True,5
ID_AV4E3IOJ,sexual_violence,True,True,True,True,True,5
ID_AVK27ZRK,sexual_violence,True,True,True,True,True,5
ID_AVPNWGAF,Physical_violence,True,True,True,True,True,5
ID_AVTT3LQ6,sexual_violence,True,True,True,True,True,5
ID_AVUWDTYE,Physical_violence,True,True,True,True,True,5
ID_AW243C66,Physical_violence,True,True,True,True,True,5
ID_AW6Y0OB1,sexual_violence,True,True,True,True,True,5
ID_AW9AC0DA,Physical_violence,True,True,True,True,True,5
ID_AWGDKBRM,sexual_violence,True,True,True,True,True,5
ID_AWKSMH7R,sexual_violence,True,True,True,True,True,5
ID_AX54XQU0,sexual_violence,True,True,True,True,True,5
ID_AXM9GIA5,sexual_violence,True,True,True,True,True,5
ID_AXR6XTBS,emotional_violence,True,True,True,True,True,5
ID_AYESFQTT,sexual_violence,True,True,True,True,True,5
ID_AZ29GR8T,Physical_violence,True,True,True,True,True,5
ID_AZ54BR60,sexual_violence,True,True,True,True,True,5
ID_AZ8A6XOY,sexual_violence,True,True,True,True,True,5
ID_AZB1WKZ4,Physical_violence,True,True,True,True,True,5
ID_AZF9YDEE,sexual_violence,True,True,True,True,True,5
ID_AZJAN8HD,sexual_violence,True,True,True,True,True,5
ID_AZJTB5QT,sexual_violence,True,True,True,True,True,5
ID_AZTZLIJR,sexual_violence,True,True,True,True,True,5
ID_AZU0LA6D,sexual_violence,False,True,True,True,True,4
ID_B01AMCX5,sexual_violence,True,True,True,False,True,4
ID_B05UL81A,Physical_violence,True,True,True,True,True,5
ID_B0728HI2,sexual_violence,True,True,True,True,True,5
ID_B07MTNR5,sexual_violence,True,True,True,True,True,5
ID_B0D53UY0,sexual_violence,True,True,True,True,True,5
ID_B0O6UXMP,sexual_violence,True,True,True,True,True,5
ID_B0P96Z5S,sexual_violence,True,True,True,True,True,5
ID_B0Q5E843,sexual_violence,True,True,True,True,True,5
ID_B0QXXKQO,sexual_violence,True,True,True,True,True,5
ID_B0SBWHIU,sexual_violence,True,True,True,True,True,5
ID_B1739KVQ,sexual_violence,True,True,True,True,True,5
ID_B18ORKR1,Physical_violence,True,True,True,True,True,5
ID_B1AQ5HH4,Physical_violence,True,True,True,True,True,5
ID_B1HKTT2C,sexual_violence,True,True,True,True,True,5
ID_B1KG8JFI,sexual_violence,True,True,True,True,True,5
ID_B1OG3VOT,sexual_violence,True,True,True,True,True,5
ID_B1R0VZSS,sexual_violence,True,True,True,True,True,5
ID_B20I79FN,sexual_violence,True,True,True,True,True,5
ID_B227WR2K,sexual_violence,True,True,True,True,True,5
ID_B26K9LDZ,sexual_violence,True,True,True,True,True,5
ID_B284ZI4Z,sexual_violence,True,True,True,True,True,5
ID_B2CIQC88,sexual_violence,True,True,True,True,True,5
ID_B2FNIXE8,sexual_violence,True,True,True,True,True,5
ID_B2JVVOQK,sexual_violence,True,True,True,True,True,5
ID_B2XE2CLT,sexual_violence,True,True,True,True,True,5
ID_B2ZWP6P5,sexual_violence,True,True,True,True,True,5
ID_B2ZYQMR0,sexual_violence,True,True,True,True,True,5
ID_B3J4KA4M,sexual_violence,True,True,True,True,True,5
ID_B3MALAWK,sexual_violence,True,True,True,True,True,5
ID_B3XD4RKR,sexual_violence,True,True,True,True,True,5
ID_B41YRBX0,sexual_violence,True,True,True,True,True,5
ID_B426A2DO,Physical_violence,True,True,True,True,True,5
ID_B42EUZ3W,sexual_violence,True,True,True,True,True,5
ID_B45ZPZDS,sexual_violence,True,True,True,True,True,5
ID_B49KJ4UI,sexual_violence,True,True,True,True,True,5
ID_B49RNC3B,sexual_violence,True,True,True,True,True,5
ID_B4C351PL,sexual_violence,True,True,True,True,True,5
ID_B4G18HF8,sexual_violence,True,True,True,True,True,5
ID_B4G5XZX5,Physical_violence,True,True,True,True,True,5
ID_B4GTWRAJ,sexual_violence,False,True,True,True,True,4
ID_B4JFBJG7,sexual_violence,True,True,True,True,True,5
ID_B4LET24D,sexual_violence,True,True,True,True,True,5
ID_B4O97R8S,sexual_violence,True,True,True,True,True,5
ID_B4ORLE1M,sexual_violence,True,True,True,True,True,5
ID_B4PUVVVW,sexual_violence,True,True,True,True,True,5
ID_B56GUDQT,sexual_violence,True,True,True,True,True,5
ID_B5DSB3TB,sexual_violence,True,True,True,True,True,5
ID_B5NN2ZI8,sexual_violence,True,True,True,True,True,5
ID_B683SUDZ,sexual_violence,True,True,True,True,True,5
ID_B68H2SIR,sexual_violence,True,True,True,True,True,5
ID_B6ALJEGZ,sexual_violence,True,True,True,True,True,5
ID_B6GZ44Z1,Physical_violence,True,True,True,True,True,5
ID_B6J1KSK8,sexual_violence,True,True,True,True,True,5
ID_B6N6A8W0,sexual_violence,True,True,True,True,True,5
ID_B6UQJOM9,sexual_violence,True,True,True,True,True,5
ID_B70DGOWI,sexual_violence,True,True,True,True,True,5
ID_B70OABWF,sexual_violence,True,True,True,True,True,5
ID_B71IHS1V,Physical_violence,True,True,True,True,True,5
ID_B730S2I7,sexual_violence,True,True,True,True,True,5
ID_B77D73R4,sexual_violence,True,True,True,True,True,5
ID_B79LHXY2,sexual_violence,True,True,True,True,True,5
ID_B7NG024F,sexual_violence,True,True,True,True,True,5
ID_B7Q1EL2H,Physical_violence,True,True,True,True,True,5
ID_B7WLU5MB,sexual_violence,True,True,True,True,True,5
ID_B8E9J4QG,sexual_violence,True,True,True,True,True,5
ID_B8GH8WCB,sexual_violence,True,True,True,True,True,5
ID_B8SMAHMH,Physical_violence,True,True,True,True,True,5
ID_B8UG19PP,sexual_violence,True,True,True,True,True,5
ID_B97Z8CF5,sexual_violence,True,True,True,True,True,5
ID_B9CTM8VE,sexual_violence,True,True,True,True,True,5
ID_B9QZFTHY,Physical_violence,True,True,True,True,True,5
ID_B9XUBODT,sexual_violence,True,True,True,True,True,5
ID_BA4OBGT2,Physical_violence,True,True,True,True,True,5
ID_BA6Z0GA1,sexual_violence,True,True,True,True,True,5
ID_BAKUDB50,sexual_violence,True,True,True,True,True,5
ID_BAPXAEY8,sexual_violence,True,True,True,True,True,5
ID_BARZNTSB,Physical_violence,True,True,True,True,True,5
ID_BB2C87VJ,Physical_violence,True,True,True,True,True,5
ID_BB4TPYCA,sexual_violence,True,True,True,True,True,5
ID_BBD732TW,sexual_violence,True,True,True,True,True,5
ID_BBEXBORO,sexual_violence,True,True,True,True,True,5
ID_BBHL7CWG,sexual_violence,True,True,True,True,True,5
ID_BBRJ5QL4,Physical_violence,True,True,True,True,True,5
ID_BBRLWP80,sexual_violence,True,True,True,True,True,5
ID_BCK3G1W4,sexual_violence,True,True,True,True,True,5
ID_BCP2QSY7,sexual_violence,True,True,True,True,True,5
ID_BCPE971Z,sexual_violence,True,True,True,True,True,5
ID_BCQ20LEB,Physical_violence,True,True,True,True,True,5
ID_BCWIZ463,Physical_violence,True,True,True,True,True,5
ID_BCYTOS1U,sexual_violence,True,True,True,True,True,5
ID_BCZ69DO0,sexual_violence,True,True,True,True,True,5
ID_BD18C02P,sexual_violence,True,True,True,True,True,5
ID_BDK3UD3J,sexual_violence,True,True,True,True,True,5
ID_BDK9TRYE,sexual_violence,True,True,True,True,True,5
ID_BDO4F3AF,sexual_violence,True,True,True,True,True,5
ID_BDWUYEYQ,Physical_violence,True,True,True,True,True,5
ID_BDXN5R8D,sexual_violence,True,True,True,True,True,5
ID_BE2T6RA1,sexual_violence,True,True,True,True,True,5
ID_BE582I4L,sexual_violence,True,True,True,True,True,5
ID_BEF1MA0Y,sexual_violence,True,True,True,True,True,5
ID_BEHXF0CS,sexual_violence,True,True,True,True,True,5
ID_BEI1LXXZ,sexual_violence,True,True,True,True,True,5
ID_BEPXMPNO,Physical_violence,True,True,True,True,True,5
ID_BF466R6R,sexual_violence,True,True,True,True,True,5
ID_BFTIGWZV,sexual_violence,True,True,True,True,True,5
ID_BFTQYR43,sexual_violence,True,True,True,True,True,5
ID_BG2TXWYG,sexual_violence,True,True,True,True,True,5
ID_BG3KVRZ4,sexual_violence,True,True,True,True,True,5
ID_BG8WSIWH,sexual_violence,True,True,True,True,True,5
ID_BGML48OJ,sexual_violence,True,True,True,True,True,5
ID_BGNANEZA,sexual_violence,True,True,True,True,True,5
ID_BGNB0JXF,sexual_violence,True,True,True,True,True,5
ID_BGNQC5NH,sexual_violence,True,True,True,True,True,5
ID_BGXT4DGV,sexual_violence,True,True,True,True,True,5
ID_BH0H4RSC,sexual_violence,True,True,True,True,True,5
ID_BH2RNNQY,sexual_violence,True,True,True,True,True,5
ID_BH3NXDSH,sexual_violence,True,True,True,True,True,5
ID_BH6M1N6Q,sexual_violence,True,True,True,True,True,5
ID_BH7CHD26,sexual_violence,True,True,True,True,True,5
ID_BH8BXAMD,emotional_violence,True,True,True,True,True,5
ID_BHDHIVH7,sexual_violence,True,True,True,True,True,5
ID_BHHU4FMB,sexual_violence,True,True,True,True,True,5
ID_BHID533A,sexual_violence,True,True,True,True,True,5
ID_BHQQNLJH,sexual_violence,True,True,True,True,True,5
ID_BHUIDXU6,sexual_violence,True,True,True,True,True,5
ID_BICORO70,sexual_violence,True,True,True,True,True,5
ID_BIHPDJQL,sexual_violence,True,True,True,True,True,5
ID_BILQ4NWM,Physical_violence,True,True,True,True,True,5
ID_BINVIXKB,sexual_violence,True,True,True,True,True,5
ID_BINYYGJT,sexual_violence,True,True,True,True,True,5
ID_BISIOFO4,sexual_violence,True,True,True,True,True,5
ID_BJAJODI8,sexual_violence,True,True,True,True,True,5
ID_BJFXG74F,sexual_violence,True,True,True,True,True,5
ID_BJGDUSN6,sexual_violence,True,True,True,True,True,5
ID_BJIKFSNR,sexual_violence,True,True,True,True,True,5
ID_BJJAH7XW,sexual_violence,True,True,True,True,True,5
ID_BJLP37A3,sexual_violence,True,True,True,True,True,5
ID_BJRKHVK4,sexual_violence,True,True,True,True,True,5
ID_BJSMVVCW,Physical_violence,True,True,True,True,True,5
ID_BJSR7QW3,sexual_violence,True,True,True,True,True,5
ID_BJSYVKBE,sexual_violence,True,True,True,True,True,5
ID_BJWQ04UP,sexual_violence,True,True,True,True,True,5
ID_BJZNW20Q,Physical_violence,True,True,True,True,True,5
ID_BK2V2ML6,sexual_violence,True,True,True,True,True,5
ID_BK31HE18,sexual_violence,True,True,True,True,True,5
ID_BKEK0XFG,sexual_violence,True,True,True,True,True,5
ID_BKI2DO4F,sexual_violence,True,True,True,True,True,5
ID_BKY7LN0B,Physical_violence,True,True,True,True,True,5
ID_BKYSRLKJ,Physical_violence,True,True,True,True,True,5
ID_BLBKDFRM,sexual_violence,True,True,True,True,True,5
ID_BLFHZDPG,sexual_violence,True,True,True,True,True,5
ID_BM95G3D8,sexual_violence,True,True,True,True,True,5
ID_BMDQ3TC6,sexual_violence,True,True,True,True,True,5
ID_BMHDWDG5,sexual_violence,True,True,True,True,True,5
ID_BMNF50YS,Physical_violence,True,True,True,True,True,5
ID_BMOI4V8D,sexual_violence,True,True,True,True,True,5
ID_BMQ867DF,Physical_violence,True,True,True,True,True,5
ID_BMQADDE2,Physical_violence,True,True,True,True,True,5
ID_BMVLM2BE,sexual_violence,True,True,True,True,True,5
ID_BMYYSQSQ,sexual_violence,True,True,True,True,True,5
ID_BNABCBZR,sexual_violence,True,True,True,True,True,5
ID_BNBP6U45,sexual_violence,True,True,True,True,True,5
ID_BNEOHI2E,sexual_violence,True,True,True,True,True,5
ID_BNLR34WO,sexual_violence,True,True,True,True,True,5
ID_BNNPDGE2,sexual_violence,True,True,True,True,True,5
ID_BNT2IUPZ,sexual_violence,True,True,True,True,True,5
ID_BNV949EK,sexual_violence,True,True,True,True,True,5
ID_BNYOMUB8,sexual_violence,True,True,True,True,True,5
ID_BO140SQZ,sexual_violence,True,True,True,True,True,5
ID_BODTTFTN,sexual_violence,True,True,True,True,True,5
ID_BOP8F9YF,sexual_violence,True,True,True,True,True,5
ID_BOV2D1ID,sexual_violence,True,True,True,True,True,5
ID_BOV8LD17,sexual_violence,True,True,True,True,True,5
ID_BOYL1ZXC,sexual_violence,True,True,True,True,True,5
ID_BP780PLY,sexual_violence,True,True,True,True,True,5
ID_BP8305LU,sexual_violence,True,True,True,True,True,5
ID_BPA50751,sexual_violence,True,True,True,True,True,5
ID_BPDINOFK,Physical_violence,True,True,True,True,True,5
ID_BPFSN9SR,sexual_violence,True,True,True,True,True,5
ID_BPL6U002,Physical_violence,True,True,True,True,True,5
ID_BQ5ELOOL,sexual_violence,True,True,True,True,True,5
ID_BQ6UJCIP,sexual_violence,True,True,True,True,True,5
ID_BQCX70E7,sexual_violence,True,True,True,True,True,5
ID_BQDLR9B7,Physical_violence,True,True,True,True,True,5
ID_BQHE6M1K,sexual_violence,True,True,True,True,True,5
ID_BQLVG95S,Physical_violence,True,True,True,True,True,5
ID_BQN5MDJF,sexual_violence,True,True,True,True,True,5
ID_BQPK06QX,sexual_violence,True,True,True,True,True,5
ID_BQQBQV4J,Physical_violence,True,True,True,True,True,5
ID_BQRP4QEC,sexual_violence,True,True,True,True,True,5
ID_BQVCR3VZ,sexual_violence,True,True,True,True,True,5
ID_BQWNHUWD,sexual_violence,True,True,True,True,True,5
ID_BR0WIFUU,sexual_violence,True,True,True,True,True,5
ID_BR1A9KWV,sexual_violence,True,True,True,True,True,5
ID_BR37EAU7,sexual_violence,True,True,True,True,True,5
ID_BRA4DDSC,Physical_violence,True,True,True,True,True,5
ID_BRDLQ48M,sexual_violence,True,True,True,True,True,5
ID_BRECH912,sexual_violence,True,True,True,True,True,5
ID_BRH3SH4I,sexual_violence,True,True,True,True,True,5
ID_BRKXHFFN,sexual_violence,True,True,True,True,True,5
ID_BRO8XWCK,sexual_violence,True,True,True,True,True,5
ID_BRY0MVEX,sexual_violence,True,True,True,True,True,5
ID_BRZAGCGP,sexual_violence,True,True,True,True,True,5
ID_BS0GH7QM,Physical_violence,True,True,True,True,True,5
ID_BS4HSSTN,Physical_violence,True,True,True,True,True,5
ID_BS9WXEHF,sexual_violence,True,True,True,True,True,5
ID_BSALBBBI,sexual_violence,True,True,True,True,True,5
ID_BSAX8UYX,sexual_violence,True,True,True,True,True,5
ID_BST63YQP,sexual_violence,True,True,True,True,True,5
ID_BSXJ2U5P,Physical_violence,True,True,True,True,True,5
ID_BT601B9Y,Physical_violence,True,True,True,True,True,5
ID_BT7DEYP9,sexual_violence,True,True,True,True,True,5
ID_BT859TXQ,sexual_violence,True,True,True,True,True,5
ID_BTDI4AN8,sexual_violence,True,True,True,True,True,5
ID_BTGWFL9Y,sexual_violence,True,True,True,True,True,5
ID_BTMO6M2B,sexual_violence,True,True,True,True,True,5
ID_BTU2SJ9X,sexual_violence,True,True,True,True,True,5
ID_BTUBGRHB,sexual_violence,True,True,True,True,True,5
ID_BTUKHIGY,sexual_violence,True,True,True,True,True,5
ID_BTXBLWBM,sexual_violence,True,True,True,True,True,5
ID_BUAOGRCT,sexual_violence,True,True,True,True,True,5
ID_BUBU0TP0,sexual_violence,True,True,True,True,True,5
ID_BUFAZVK5,sexual_violence,True,True,True,True,True,5
ID_BUN4TM3X,sexual_violence,True,True,True,True,True,5
ID_BUTDK0OO,sexual_violence,True,True,True,True,True,5
ID_BV4KC6PY,sexual_violence,True,True,True,True,True,5
ID_BVDGJI5O,Physical_violence,True,True,True,True,True,5
ID_BVFI1B7R,Physical_violence,True,True,True,True,True,5
ID_BVSPPWT7,sexual_violence,True,True,True,True,True,5
ID_BVVADP9H,sexual_violence,True,True,True,True,True,5
ID_BVX6LJ0R,sexual_violence,True,True,True,True,True,5
ID_BW8NEULH,emotional_violence,True,True,True,True,True,5
ID_BWAE5G8A,sexual_violence,True,True,True,True,True,5
ID_BWCIY9KB,sexual_violence,True,True,True,True,True,5
ID_BWCU2F3J,sexual_violence,True,True,True,True,True,5
ID_BWJ7MGAC,sexual_violence,True,True,True,True,True,5
ID_BWMTC3UO,Physical_violence,False,True,True,True,True,4
ID_BX3XZN8K,sexual_violence,True,True,True,True,True,5
ID_BX7EJIIT,Physical_violence,True,True,True,True,True,5
ID_BX9UMG0N,sexual_violence,True,True,True,True,True,5
ID_BXC3SU9V,sexual_violence,True,True,True,True,True,5
ID_BXCNFRAF,sexual_violence,True,True,True,True,True,5
ID_BXJXIE9A,sexual_violence,True,True,True,True,True,5
ID_BXOR8ZEP,sexual_violence,True,True,True,True,True,5
ID_BXW9VHDE,sexual_violence,True,True,True,True,True,5
ID_BY3AHF04,sexual_violence,True,True,True,True,True,5
ID_BY483GKR,sexual_violence,True,True,True,True,True,5
ID_BYBFZA2M,sexual_violence,True,True,True,True,True,5
ID_BYED1718,sexual_violence,True,True,True,True,True,5
ID_BYI87O5V,Physical_violence,True,True,True,True,True,5
ID_BYL7988E,sexual_violence,True,True,True,True,True,5
ID_BYSIT57Q,sexual_violence,True,True,True,True,True,5
ID_BYX30TPH,sexual_violence,True,True,True,True,True,5
ID_BZC370P8,sexual_violence,True,True,True,True,True,5
ID_BZHEF66Y,emotional_violence,True,True,True,True,True,5
ID_BZM3TQAP,sexual_violence,True,True,True,True,True,5
ID_BZT9WZQL,sexual_violence,True,True,True,True,True,5
ID_C05QISOH,sexual_violence,True,True,True,True,True,5
ID_C09W5A9I,emotional_violence,True,True,True,True,True,5
ID_C0CJ6775,sexual_violence,True,True,True,True,True,5
ID_C0NKGNKQ,sexual_violence,True,True,True,True,True,5
ID_C0VRSNET,sexual_violence,True,True,True,True,True,5
ID_C18OV9B6,sexual_violence,True,True,True,True,True,5
ID_C1A36KD0,sexual_violence,True,True,True,True,True,5
ID_C1C36AFI,sexual_violence,True,True,True,True,True,5
ID_C1CQ2CUF,sexual_violence,True,True,True,True,True,5
ID_C1DXS9KM,emotional_violence,True,True,True,True,True,5
ID_C1FYRE76,Physical_violence,True,True,True,True,True,5
ID_C1KXX6RZ,sexual_violence,True,True,True,True,True,5
ID_C1L9MZPG,sexual_violence,True,True,True,True,True,5
ID_C1VRDONU,sexual_violence,True,True,True,True,True,5
ID_C1ZZUAN9,sexual_violence,True,True,True,True,True,5
ID_C21XXZVQ,sexual_violence,True,True,True,True,True,5
ID_C248CXGY,sexual_violence,True,True,True,True,True,5
ID_C2CFBO69,Physical_violence,True,True,True,True,True,5
ID_C2I0S4FQ,sexual_violence,True,True,True,True,True,5
ID_C2O2F9WF,Physical_violence,True,True,True,True,True,5
ID_C30Q257O,sexual_violence,True,True,True,True,True,5
ID_C372I4PJ,sexual_violence,True,True,True,True,True,5
ID_C3BB6FKK,Physical_violence,True,True,True,True,True,5
ID_C3D7Z9O2,sexual_violence,True,True,True,True,True,5
ID_C3FH3LWJ,sexual_violence,True,True,True,True,True,5
ID_C3X4QL6L,sexual_violence,True,True,True,True,True,5
ID_C3XQBQXV,sexual_violence,True,True,True,True,True,5
ID_C3YQNIOQ,Physical_violence,True,True,True,True,True,5
ID_C476KIOY,sexual_violence,True,True,True,True,True,5
ID_C4KANQDI,sexual_violence,True,True,True,True,True,5
ID_C4TXC4NN,sexual_violence,True,True,True,True,True,5
ID_C4UMO0KN,sexual_violence,True,True,True,True,True,5
ID_C4VU8VLS,sexual_violence,True,True,True,True,True,5
ID_C5AL6IL7,sexual_violence,True,True,True,True,True,5
ID_C5I7YNWX,sexual_violence,True,True,True,True,True,5
ID_C5NRB3MM,Harmful_Traditional_practice,True,False,True,True,True,4
ID_C5PJT8YV,sexual_violence,True,True,True,True,True,5
ID_C5VQV1JQ,sexual_violence,True,True,True,True,True,5
ID_C5W7VKT0,sexual_violence,True,True,True,True,True,5
ID_C61WD7YA,sexual_violence,True,True,True,True,True,5
ID_C63XMNQP,sexual_violence,True,True,True,True,True,5
ID_C6HJ53UW,sexual_violence,True,True,True,True,True,5
ID_C6LXDZ7P,sexual_violence,True,True,True,True,True,5
ID_C6NK9NZE,sexual_violence,True,True,True,True,True,5
ID_C6UPY16Z,sexual_violence,True,True,True,True,True,5
ID_C6ZX2R4V,sexual_violence,True,True,True,True,True,5
ID_C75GYC7M,Physical_violence,True,True,True,True,True,5
ID_C77K1L2M,sexual_violence,True,True,True,True,True,5
ID_C7LYTJLU,sexual_violence,True,True,True,True,True,5
ID_C7QI8L56,sexual_violence,True,True,True,True,True,5
ID_C843SNHT,sexual_violence,True,True,True,True,True,5
ID_C87NW4JT,sexual_violence,True,True,True,True,True,5
ID_C8BU6QYT,Physical_violence,True,True,True,True,True,5
ID_C8C83JTZ,sexual_violence,True,True,True,True,True,5
ID_C8MOSDFU,sexual_violence,True,True,True,True,True,5
ID_C8OBC9NO,emotional_violence,True,True,True,True,True,5
ID_C8PKZM2X,sexual_violence,True,True,True,True,True,5
ID_C8UNZS5A,sexual_violence,True,True,True,True,True,5
ID_C93A8Q4Q,sexual_violence,True,True,True,True,True,5
ID_C96TQEW5,sexual_violence,True,True,True,True,True,5
ID_C99ZPQD1,sexual_violence,True,True,True,True,True,5
ID_C9DHO8EF,sexual_violence,True,True,True,True,True,5
ID_C9EYBOBT,sexual_violence,True,True,True,True,True,5
ID_C9HBHURD,sexual_violence,True,True,True,True,True,5
ID_C9HK823O,emotional_violence,True,True,True,True,True,5
ID_C9HMKEUW,sexual_violence,True,True,True,True,True,5
ID_C9PDHP2B,sexual_violence,True,True,True,True,True,5
ID_C9SOBSX3,emotional_violence,True,True,True,True,True,5
ID_CA0BWU21,sexual_violence,True,True,True,True,True,5
ID_CA4RPTW7,sexual_violence,True,True,True,True,True,5
ID_CA4SLY63,sexual_violence,True,True,True,True,True,5
ID_CA6KM6ZN,sexual_violence,True,True,True,True,True,5
ID_CANM9ESE,sexual_violence,True,True,True,True,True,5
ID_CAXRH9AC,sexual_violence,True,True,True,True,True,5
ID_CBBXCYJJ,sexual_violence,False,True,True,True,True,4
ID_CBFNQTCM,Physical_violence,True,True,True,True,True,5
ID_CBG42W21,sexual_violence,True,True,True,True,True,5
ID_CBIPNZAL,sexual_violence,True,True,True,True,True,5
ID_CBLT1HJ5,sexual_violence,True,True,True,True,True,5
ID_CBM51XSL,sexual_violence,True,True,True,True,True,5
ID_CC1KQFO6,sexual_violence,True,True,True,True,True,5
ID_CC3SUERC,sexual_violence,True,True,True,True,True,5
ID_CCGWEIXT,Physical_violence,True,True,True,True,True,5
ID_CCRRMH2K,sexual_violence,True,True,True,True,True,5
ID_CCTNRW83,sexual_violence,True,True,True,True,True,5
ID_CCTUG9IO,sexual_violence,True,True,True,True,True,5
ID_CCYBB2IR,sexual_violence,True,True,True,True,True,5
ID_CD62WPZN,sexual_violence,True,True,True,True,True,5
ID_CD6LI4YQ,sexual_violence,True,True,True,True,True,5
ID_CDHIX88U,sexual_violence,True,True,True,True,True,5
ID_CDHMO8LQ,sexual_violence,True,True,True,True,True,5
ID_CE1WTWDI,sexual_violence,True,True,True,True,True,5
ID_CE88NEID,Physical_violence,True,True,True,True,True,5
ID_CEJTFZ8W,sexual_violence,True,True,True,True,True,5
ID_CEKYMX87,sexual_violence,True,True,True,True,True,5
ID_CELI7YQY,sexual_violence,True,True,True,True,True,5
ID_CELPTJC1,sexual_violence,True,True,True,True,True,5
ID_CEO53BBI,Physical_violence,True,True,True,True,True,5
ID_CEOYN8EZ,sexual_violence,True,True,True,True,True,5
ID_CEPT63D5,sexual_violence,True,True,True,True,True,5
ID_CEPTRYV3,sexual_violence,True,True,True,True,True,5
ID_CESERZTS,sexual_violence,True,True,True,True,True,5
ID_CF92SIA3,sexual_violence,True,True,True,True,True,5
ID_CFF446O3,sexual_violence,True,True,True,True,True,5
ID_CFGW6KRE,emotional_violence,True,True,True,True,True,5
ID_CFJTCIZ3,Physical_violence,True,True,True,True,True,5
ID_CFN3QPEZ,sexual_violence,True,True,True,True,True,5
ID_CG29LGUI,sexual_violence,True,True,True,True,True,5
ID_CG6H37KA,sexual_violence,True,True,True,True,True,5
ID_CGBZD996,Physical_violence,True,True,True,True,True,5
ID_CGLSM38H,sexual_violence,True,True,True,True,True,5
ID_CGOK641T,Physical_violence,True,True,True,True,True,5
ID_CGQOKET3,sexual_violence,True,True,True,True,True,5
ID_CGZJISIW,Physical_violence,True,True,True,True,True,5
ID_CHPDJY6J,sexual_violence,True,True,True,True,True,5
ID_CHVZJ1Y3,sexual_violence,True,True,True,True,True,5
ID_CHX3OF54,sexual_violence,True,True,True,True,True,5
ID_CI1SU72S,sexual_violence,True,True,True,True,True,5
ID_CICHX8QF,sexual_violence,True,True,True,True,True,5
ID_CIFH3CQ3,Physical_violence,True,True,True,True,True,5
ID_CIIY4G4P,sexual_violence,True,True,True,True,True,5
ID_CIM7JZLX,sexual_violence,True,True,True,True,True,5
ID_CIYHBC6G,sexual_violence,True,True,True,True,True,5
ID_CIZM7MP5,Physical_violence,True,True,True,True,True,5
ID_CJ3A3SUQ,sexual_violence,True,True,True,True,True,5
ID_CJ3WPVKB,sexual_violence,True,True,True,True,True,5
ID_CJBJI88K,sexual_violence,True,True,True,True,True,5
ID_CJDFXT4P,sexual_violence,True,True,True,True,True,5
ID_CJICVVT4,sexual_violence,True,True,True,True,True,5
ID_CJJO6KN6,sexual_violence,True,True,True,True,True,5
ID_CJSKOY8F,sexual_violence,True,True,True,True,True,5
ID_CK20Q9DS,sexual_violence,True,True,True,True,True,5
ID_CK2BET97,sexual_violence,True,True,True,True,True,5
ID_CKACCTUY,sexual_violence,True,True,True,True,True,5
ID_CKBQSRSX,sexual_violence,True,True,True,True,True,5
ID_CKCT3ZH7,sexual_violence,True,True,True,True,True,5
ID_CKE1128L,sexual_violence,True,True,True,True,True,5
ID_CKF456MJ,Physical_violence,True,True,True,True,True,5
ID_CKNH80C0,sexual_violence,True,True,True,True,True,5
ID_CKPH0YL4,sexual_violence,True,True,True,True,True,5
ID_CKS2E8Q4,sexual_violence,True,True,True,True,True,5
ID_CKVNRTD2,sexual_violence,True,True,True,True,True,5
ID_CKYMBD2X,sexual_violence,True,True,True,True,True,5
ID_CL9LQ1XW,sexual_violence,True,True,True,True,True,5
ID_CLI06099,sexual_violence,True,True,True,True,True,5
ID_CLOQCQPE,sexual_violence,True,True,True,True,True,5
ID_CLU9HW7N,sexual_violence,True,True,True,True,True,5
ID_CLW9DTC7,sexual_violence,True,True,True,True,True,5
ID_CM7JP3QF,sexual_violence,True,True,True,True,True,5
ID_CM95B98K,sexual_violence,True,True,True,True,True,5
ID_CMBWG6TE,sexual_violence,True,True,True,True,True,5
ID_CMD8Q0YC,sexual_violence,True,True,True,True,True,5
ID_CMGCYKZL,sexual_violence,True,True,True,True,True,5
ID_CMOQJSWS,sexual_violence,True,True,True,True,True,5
ID_CN95JWEN,sexual_violence,True,True,True,True,True,5
ID_CNHHS7T4,sexual_violence,True,True,True,True,True,5
ID_CNIBG6OU,sexual_violence,True,True,True,True,True,5
ID_CNKTI5C8,sexual_violence,True,True,True,True,True,5
ID_CNXU37RQ,Physical_violence,True,True,True,True,True,5
ID_CNZZXTH8,Physical_violence,True,True,True,True,True,5
ID_CO4RSURQ,sexual_violence,True,True,True,True,True,5
ID_COFG3CAC,sexual_violence,False,True,True,True,True,4
ID_COJ3MQQO,emotional_violence,True,True,True,False,True,4
ID_COV47AI1,sexual_violence,True,True,True,True,True,5
ID_CP2U0U43,sexual_violence,True,True,True,True,True,5
ID_CP4I5M3X,sexual_violence,True,True,True,True,True,5
ID_CPBQI0WS,sexual_violence,True,True,True,True,True,5
ID_CPEDVRVS,sexual_violence,True,True,True,True,True,5
ID_CQ005B7A,sexual_violence,True,True,True,True,True,5
ID_CQ62GDKP,sexual_violence,True,True,True,True,True,5
ID_CQ7AGZNX,sexual_violence,True,True,True,True,True,5
ID_CQMCUP9D,Physical_violence,True,True,True,True,True,5
ID_CQVVA4W4,sexual_violence,True,True,True,True,True,5
ID_CR5L4UCV,sexual_violence,True,True,True,True,True,5
ID_CRY9PTJY,sexual_violence,True,True,True,True,True,5
ID_CRYIF1BO,sexual_violence,True,True,True,True,True,5
ID_CSFXSRMU,sexual_violence,True,True,True,True,True,5
ID_CSIE00IS,sexual_violence,True,True,True,True,True,5
ID_CSL6R8B5,sexual_violence,True,True,True,True,True,5
ID_CTUN5V2V,sexual_violence,True,True,True,True,True,5
ID_CTV8SUDF,emotional_violence,True,True,True,True,True,5
ID_CU90FY2L,Physical_violence,True,True,True,True,True,5
ID_CUA9VZ6Y,sexual_violence,True,True,True,True,True,5
ID_CUBN3JDH,Harmful_Traditional_practice,True,True,True,False,True,4
ID_CUEQ4B44,sexual_violence,True,True,True,True,True,5
ID_CUJ615SX,sexual_violence,True,True,True,True,True,5
ID_CUNXAMP0,sexual_violence,True,True,True,True,True,5
ID_CUS7G37F,sexual_violence,True,True,True,True,True,5
ID_CVHJD8M0,sexual_violence,True,True,True,True,True,5
ID_CW0DXHIO,Physical_violence,True,True,True,True,True,5
ID_CW1ZUEEY,sexual_violence,True,True,True,True,True,5
ID_CW6RJGRJ,sexual_violence,True,True,True,True,True,5
ID_CW9CSHOO,Physical_violence,True,True,True,True,True,5
ID_CW9F61EE,sexual_violence,True,True,True,True,True,5
ID_CWJLBRZ8,emotional_violence,True,True,True,True,True,5
ID_CWRBD6TV,sexual_violence,True,True,True,True,True,5
ID_CWWW2D11,Physical_violence,True,True,True,True,True,5
ID_CX6M2FGS,sexual_violence,True,True,True,True,True,5
ID_CXFPAROB,sexual_violence,True,True,True,True,True,5
ID_CXSRHP1R,sexual_violence,True,True,True,True,True,5
ID_CXTWLNBZ,sexual_violence,True,True,True,True,True,5
ID_CXVYJCQ7,sexual_violence,True,True,True,True,True,5
ID_CXYZ10VL,sexual_violence,True,True,True,True,True,5
ID_CY0F62FR,sexual_violence,True,True,True,True,True,5
ID_CY3VLU56,Physical_violence,True,True,True,True,True,5
ID_CY5D5J08,Physical_violence,True,True,True,True,True,5
ID_CYCN4FK3,Physical_violence,True,True,True,True,True,5
ID_CYMEI3QT,sexual_violence,True,True,True,True,True,5
ID_CYXIQ4RA,sexual_violence,True,True,True,True,True,5
ID_CZSW86Q7,sexual_violence,True,True,True,True,True,5
ID_D02Q0IS2,sexual_violence,True,True,True,True,True,5
ID_D05PH8X5,sexual_violence,True,True,True,True,True,5
ID_D0HFE1N0,Physical_violence,True,True,True,True,True,5
ID_D0N6MIMJ,sexual_violence,True,True,True,True,True,5
ID_D0PNYVPU,sexual_violence,True,True,True,True,True,5
ID_D0R57KLS,sexual_violence,True,True,True,True,True,5
ID_D0RGX8A8,sexual_violence,True,True,True,True,True,5
ID_D0VGV9L6,sexual_violence,True,True,True,True,True,5
ID_D0Z9UZDF,sexual_violence,True,True,True,True,True,5
ID_D1A481LH,sexual_violence,True,True,True,True,True,5
ID_D1DHK6U9,sexual_violence,True,True,True,True,True,5
ID_D1SJYVVI,sexual_violence,True,True,True,True,True,5
ID_D258O1XT,Physical_violence,True,True,True,True,True,5
ID_D26K52JC,sexual_violence,True,True,True,True,True,5
ID_D2E9N5YP,sexual_violence,True,True,True,True,True,5
ID_D2HG8FGR,sexual_violence,True,True,True,True,True,5
ID_D2RQ14QI,sexual_violence,True,True,True,True,True,5
ID_D3560EBE,sexual_violence,True,True,True,True,True,5
ID_D3D16KMT,Physical_violence,True,True,True,True,True,5
ID_D3EIBJ6Z,sexual_violence,True,True,True,True,True,5
ID_D3IGGK5S,sexual_violence,True,True,True,True,True,5
ID_D3UOZULA,sexual_violence,True,True,True,True,True,5
ID_D4189OFW,sexual_violence,True,True,True,True,True,5
ID_D4909X8P,sexual_violence,True,True,True,True,True,5
ID_D4DJ8TBA,sexual_violence,True,True,True,True,True,5
ID_D4MZ5KQQ,sexual_violence,True,True,True,True,True,5
ID_D4P5OJ38,emotional_violence,True,True,True,True,True,5
ID_D4P62FFP,sexual_violence,True,True,True,True,True,5
ID_D4RJHPSY,sexual_violence,True,True,True,True,True,5
ID_D4UD0ZSR,sexual_violence,True,True,True,True,True,5
ID_D4V9P0K9,sexual_violence,True,True,True,True,True,5
ID_D51LQFQ3,sexual_violence,True,True,True,True,True,5
ID_D542QTTM,sexual_violence,True,True,True,True,True,5
ID_D5RTQ9XR,sexual_violence,True,True,True,True,True,5
ID_D5U548Z1,sexual_violence,True,True,True,True,True,5
ID_D60H48DZ,sexual_violence,True,True,True,True,True,5
ID_D69VT74N,sexual_violence,True,True,True,True,True,5
ID_D6AUDG1Z,Physical_violence,True,True,True,True,True,5
ID_D6CUJXIL,sexual_violence,True,True,True,True,True,5
ID_D6DQU3KI,sexual_violence,True,True,True,True,True,5
ID_D6H32MSO,sexual_violence,True,True,True,True,True,5
ID_D6MRH31G,sexual_violence,True,True,True,True,True,5
ID_D6SFUY0A,sexual_violence,True,True,True,True,True,5
ID_D6V5ERF8,sexual_violence,True,True,True,True,True,5
ID_D6WZHBNR,sexual_violence,True,True,True,True,True,5
ID_D705QCBS,sexual_violence,True,True,True,True,True,5
ID_D7CDEXEF,Physical_violence,True,True,True,True,True,5
ID_D7IK40NO,sexual_violence,True,True,True,True,True,5
ID_D7RV0513,sexual_violence,True,True,True,True,True,5
ID_D7YTD8UC,sexual_violence,True,True,True,True,True,5
ID_D82I40M4,sexual_violence,True,True,True,True,True,5
ID_D860KPKU,sexual_violence,True,True,True,True,True,5
ID_D86LTDYB,sexual_violence,True,True,True,True,True,5
ID_D8FBCK2F,sexual_violence,True,True,True,True,True,5
ID_D8FVLW6W,sexual_violence,True,True,True,True,True,5
ID_D8NWGF7O,sexual_violence,True,True,True,True,True,5
ID_D8PQMIN9,sexual_violence,True,True,True,True,True,5
ID_D9OETRMC,Physical_violence,True,True,True,True,True,5
ID_DA3ARTGM,sexual_violence,True,True,True,True,True,5
ID_DAXKTMNT,sexual_violence,True,True,True,True,True,5
ID_DBADTO1N,Physical_violence,True,True,True,True,True,5
ID_DBSE1CZS,sexual_violence,True,True,True,True,True,5
ID_DBTLHYCY,Physical_violence,True,True,True,True,True,5
ID_DBYLDTRH,sexual_violence,True,True,True,True,True,5
ID_DC28F1ZK,sexual_violence,True,True,True,True,True,5
ID_DC4MI730,Physical_violence,True,True,True,True,True,5
ID_DC7AVDZL,sexual_violence,True,True,True,True,True,5
ID_DCILF9OM,sexual_violence,True,True,True,True,True,5
ID_DCVPJPI3,Physical_violence,True,True,True,True,True,5
ID_DD177W30,sexual_violence,True,True,True,True,True,5
ID_DDHSQ7L7,Physical_violence,True,True,True,True,True,5
ID_DE2EGXFJ,sexual_violence,True,True,True,True,True,5
ID_DE5S4ANS,Physical_violence,True,True,True,True,True,5
ID_DE932ASG,sexual_violence,True,True,True,True,True,5
ID_DENE1YIP,sexual_violence,True,True,True,True,True,5
ID_DEXT4556,Physical_violence,True,True,True,True,True,5
ID_DEYJJBD4,sexual_violence,True,True,True,True,True,5
ID_DFD0KWK4,sexual_violence,True,True,True,True,True,5
ID_DFILHR77,sexual_violence,True,True,True,True,True,5
ID_DFL07G5V,sexual_violence,True,True,True,True,True,5
ID_DFMVBPLW,sexual_violence,True,True,True,True,True,5
ID_DFOZIF7A,sexual_violence,True,True,True,True,True,5
ID_DFZPRK2C,sexual_violence,True,True,True,True,True,5
ID_DG3GLNN8,sexual_violence,True,True,True,True,True,5
ID_DG8HBP6W,sexual_violence,True,True,True,True,True,5
ID_DG9SPLKO,sexual_violence,True,True,True,True,True,5
ID_DGKVYWHK,sexual_violence,True,True,True,True,True,5
ID_DH22X1XL,sexual_violence,True,True,True,True,True,5
ID_DHINPFNX,sexual_violence,True,True,True,True,True,5
ID_DHPLS7IS,sexual_violence,True,True,True,True,True,5
ID_DI7SA8LO,Physical_violence,True,True,True,True,True,5
ID_DICLSGU0,sexual_violence,True,True,True,True,True,5
ID_DIKVPRSC,sexual_violence,True,True,True,True,True,5
ID_DIMISBUN,sexual_violence,True,True,True,True,True,5
ID_DINL0K28,sexual_violence,True,True,True,True,True,5
ID_DINOK0UH,sexual_violence,True,True,True,True,True,5
ID_DINVVDB4,sexual_violence,True,True,True,True,True,5
ID_DIQ1AP9O,Physical_violence,True,True,True,True,True,5
ID_DIS3U5UN,sexual_violence,True,True,True,True,True,5
ID_DJ5F7X3O,sexual_violence,True,True,True,True,True,5
ID_DJ96J6T1,sexual_violence,True,True,True,True,True,5
ID_DJA6UKE3,sexual_violence,True,True,True,True,True,5
ID_DJA90HCS,sexual_violence,True,True,True,True,True,5
ID_DJPXLZK4,sexual_violence,True,True,True,True,True,5
ID_DJQADGA5,sexual_violence,True,True,True,True,True,5
ID_DJWML0UA,Physical_violence,True,True,True,True,True,5
ID_DK0NOIY7,Physical_violence,True,True,True,True,True,5
ID_DKAZ3HK1,Physical_violence,True,True,True,True,True,5
ID_DKEN0ZK7,sexual_violence,True,True,True,True,True,5
ID_DKK25PEB,sexual_violence,True,True,True,True,True,5
ID_DL6XMO4Q,sexual_violence,True,True,True,True,True,5
ID_DL6XWV37,sexual_violence,True,True,True,True,True,5
ID_DLFEPXQ1,sexual_violence,True,True,True,True,True,5
ID_DLSHP6FW,sexual_violence,True,True,True,True,True,5
ID_DM71CHB3,sexual_violence,True,True,True,True,True,5
ID_DMCRSE70,sexual_violence,True,True,True,True,True,5
ID_DMU3PCG1,sexual_violence,True,True,True,True,True,5
ID_DN2MPHU9,sexual_violence,True,True,True,True,True,5
ID_DNT0CSRH,sexual_violence,True,True,True,True,True,5
ID_DNUSQ9M2,Physical_violence,True,True,True,True,True,5
ID_DNV3VXAB,sexual_violence,True,True,True,True,True,5
ID_DNYDK6TG,Physical_violence,True,True,True,True,True,5
ID_DOAAIM3S,sexual_violence,True,True,True,True,True,5
ID_DOF3I0P4,sexual_violence,True,True,True,True,True,5
ID_DOFHNCUX,sexual_violence,True,True,True,True,True,5
ID_DOM5RX6N,sexual_violence,False,True,True,True,True,4
ID_DON27XE7,sexual_violence,True,True,True,True,True,5
ID_DOOP7WB3,Physical_violence,True,True,True,True,True,5
ID_DOQF4WQT,sexual_violence,True,True,True,True,True,5
ID_DOSZP2IL,Physical_violence,True,True,True,True,True,5
ID_DOVRL12M,sexual_violence,True,True,True,True,True,5
ID_DPECF8G7,sexual_violence,True,True,True,True,True,5
ID_DPFP1HJK,sexual_violence,True,True,True,True,True,5
ID_DPFZ5SIB,sexual_violence,True,True,True,True,True,5
ID_DPG5UIR0,sexual_violence,True,True,True,True,True,5
ID_DPJ1HBAT,sexual_violence,True,True,True,True,True,5
ID_DPSICRM0,sexual_violence,True,True,True,True,True,5
ID_DPXD81JU,sexual_violence,True,True,True,True,True,5
ID_DQ2UW984,sexual_violence,True,True,True,True,True,5
ID_DQ6GY5QD,sexual_violence,True,True,True,True,True,5
ID_DQC7K1WU,sexual_violence,True,True,True,True,True,5
ID_DQG0XK1M,Physical_violence,True,True,True,True,True,5
ID_DR6E4G36,sexual_violence,True,True,True,True,True,5
ID_DRAN6E1N,Physical_violence,True,True,True,True,True,5
ID_DRAX1K0C,sexual_violence,True,True,True,True,True,5
ID_DRFJ5X9U,sexual_violence,True,True,True,True,True,5
ID_DRVVVG7M,sexual_violence,True,True,True,True,True,5
ID_DS3ZRA5P,sexual_violence,True,True,True,True,True,5
ID_DSCY778W,sexual_violence,True,True,True,True,True,5
ID_DSOMYD92,sexual_violence,True,True,True,True,True,5
ID_DSTAG4K3,sexual_violence,True,True,True,True,True,5
ID_DSWHQXX9,sexual_violence,True,True,True,True,True,5
ID_DT50EKYS,emotional_violence,True,True,True,True,True,5
ID_DT9AK6OW,sexual_violence,True,True,True,True,True,5
ID_DTBMMYGN,sexual_violence,True,True,True,True,True,5
ID_DTD1PHZO,Physical_violence,True,True,True,True,True,5
ID_DTJ3G5FQ,sexual_violence,True,True,True,True,True,5
ID_DTL20K2H,sexual_violence,True,True,True,True,True,5
ID_DTYRM4BY,sexual_violence,True,True,True,True,True,5
ID_DU4HV0LO,sexual_violence,True,True,True,True,True,5
ID_DU4OB9LX,sexual_violence,True,True,True,True,True,5
ID_DUB58JW7,sexual_violence,True,True,True,True,True,5
ID_DUF2JZPY,sexual_violence,True,True,True,True,True,5
ID_DUPU0HC6,sexual_violence,True,True,True,True,True,5
ID_DUTKNKAV,sexual_violence,True,True,True,True,True,5
ID_DUXMNV3C,sexual_violence,True,True,True,True,True,5
ID_DV4CU8LQ,sexual_violence,True,True,True,True,True,5
ID_DV6FUACU,sexual_violence,True,True,True,True,True,5
ID_DVTVMLF1,sexual_violence,True,True,True,True,True,5
ID_DW075WBY,sexual_violence,True,True,True,True,True,5
ID_DW09OFX0,sexual_violence,True,True,True,True,True,5
ID_DW2YFYOX,sexual_violence,True,True,True,True,True,5
ID_DW7NLSV4,sexual_violence,True,True,True,True,True,5
ID_DWDEOWIF,Physical_violence,True,True,True,True,True,5
ID_DWI0RKDS,sexual_violence,True,True,True,True,True,5
ID_DWR817OS,emotional_violence,True,True,True,True,True,5
ID_DX6020BD,Physical_violence,True,True,True,True,True,5
ID_DX8X0FED,sexual_violence,True,True,True,True,True,5
ID_DXLSM07H,sexual_violence,True,True,True,True,True,5
ID_DXURG9U3,sexual_violence,True,True,True,True,True,5
ID_DXUSWYTD,sexual_violence,True,True,True,True,True,5
ID_DXZB67KI,sexual_violence,True,True,True,True,True,5
ID_DYII9N2D,sexual_violence,True,True,True,True,True,5
ID_DYJJ2PTS,sexual_violence,True,True,True,True,True,5
ID_DYJWLMDH,sexual_violence,True,True,True,True,True,5
ID_DYLWSXNA,sexual_violence,True,True,True,True,True,5
ID_DYN2GHDA,Harmful_Traditional_practice,True,True,True,False,True,4
ID_DYUVP16Q,sexual_violence,True,True,True,True,True,5
ID_DYYXSS44,sexual_violence,True,True,True,True,True,5
ID_DYZ03WYX,sexual_violence,True,True,True,True,True,5
ID_DZ8XM132,Physical_violence,True,True,True,True,True,5
ID_E00SRTEN,sexual_violence,True,True,True,True,True,5
ID_E02LFUB2,sexual_violence,True,True,True,True,True,5
ID_E03AUSAN,sexual_violence,True,True,True,True,True,5
ID_E0K1CWIT,sexual_violence,True,True,True,True,True,5
ID_E0KA9UXD,sexual_violence,True,True,True,True,True,5
ID_E0YCFR9V,sexual_violence,True,True,True,True,True,5
ID_E0YNG5UC,sexual_violence,True,True,True,True,True,5
ID_E101347Y,sexual_violence,True,True,True,True,True,5
ID_E10PK6EE,sexual_violence,True,True,True,True,True,5
ID_E15BOW0O,sexual_violence,True,True,True,True,True,5
ID_E15O9YJB,sexual_violence,True,True,True,True,True,5
ID_E16A1RHJ,sexual_violence,True,True,True,True,True,5
ID_E17FZ9E9,sexual_violence,True,True,True,True,True,5
ID_E1IWIR9N,sexual_violence,True,True,True,True,True,5
ID_E27ZGJ2K,sexual_violence,True,True,True,True,True,5
ID_E282WBLF,sexual_violence,True,True,True,True,True,5
ID_E28J3CG2,sexual_violence,True,True,True,True,True,5
ID_E29EPIQP,sexual_violence,True,True,True,True,True,5
ID_E2A69XJU,sexual_violence,True,True,True,True,True,5
ID_E2URS6R3,sexual_violence,True,True,True,True,True,5
ID_E2XZ9M20,sexual_violence,True,True,True,True,True,5
ID_E2ZQ9ARK,sexual_violence,True,True,True,True,True,5
ID_E3GOZP72,sexual_violence,True,True,True,True,True,5
ID_E3LL7ZPW,sexual_violence,True,True,True,True,True,5
ID_E3TXPZVE,sexual_violence,True,True,True,True,True,5
ID_E4DZ5HL8,sexual_violence,True,True,True,True,True,5
ID_E4GA9QKS,sexual_violence,True,True,True,True,True,5
ID_E4N1QZBG,sexual_violence,True,True,True,True,True,5
ID_E4ZH2LHE,sexual_violence,True,True,True,True,True,5
ID_E5AD29HD,sexual_violence,True,True,True,True,True,5
ID_E5BWYF8P,Physical_violence,True,True,True,True,True,5
ID_E5FLON81,sexual_violence,True,True,True,True,True,5
ID_E65ABO98,sexual_violence,True,True,True,True,True,5
ID_E67FEV61,Physical_violence,True,True,True,True,True,5
ID_E692LTH3,sexual_violence,True,True,True,True,True,5
ID_E6DJJ75Z,sexual_violence,True,True,True,True,True,5
ID_E6IGC270,sexual_violence,True,True,True,True,True,5
ID_E6PBH2IP,sexual_violence,True,True,True,True,True,5
ID_E6R115AS,sexual_violence,True,True,True,True,True,5
ID_E6Z4HDCT,sexual_violence,True,True,True,True,True,5
ID_E71TCJ90,sexual_violence,True,True,True,True,True,5
ID_E784TFBY,Physical_violence,True,True,True,True,True,5
ID_E7KDOH0B,Physical_violence,True,True,True,True,True,5
ID_E7NB6D5C,sexual_violence,True,True,True,True,True,5
ID_E7X13QZC,sexual_violence,True,True,True,True,True,5
ID_E825AQM1,sexual_violence,True,True,True,True,True,5
ID_E85FBMF3,emotional_violence,True,True,True,True,True,5
ID_E8BBC5N5,sexual_violence,True,True,True,True,True,5
ID_E8EMZI73,Physical_violence,True,True,True,True,True,5
ID_E8FRCMKE,Physical_violence,True,True,True,True,True,5
ID_E8GV8SFV,sexual_violence,True,True,True,True,True,5
ID_E8IWK7EF,sexual_violence,True,True,True,True,True,5
ID_E8JZA44A,sexual_violence,True,True,True,True,True,5
ID_E90ZSBPU,sexual_violence,True,True,True,True,True,5
ID_E911DO88,sexual_violence,True,True,True,True,True,5
ID_E9BGSGOB,sexual_violence,True,True,True,True,True,5
ID_E9D2TXT4,sexual_violence,True,True,True,True,True,5
ID_E9JSPXTM,sexual_violence,True,True,True,True,True,5
ID_E9L31BO7,sexual_violence,True,True,True,True,True,5
ID_E9MPN8JE,Physical_violence,True,True,True,True,True,5
ID_E9OOVHZU,sexual_violence,True,True,True,True,True,5
ID_E9WTKYVV,sexual_violence,True,True,True,True,True,5
ID_EA0F0L3T,sexual_violence,True,True,True,True,True,5
ID_EA3X341Q,sexual_violence,True,True,True,True,True,5
ID_EA671VL3,sexual_violence,True,True,True,True,True,5
ID_EA8LNBNN,Physical_violence,True,True,True,True,True,5
ID_EA8QDQFG,sexual_violence,True,True,True,True,True,5
ID_EAASINNF,sexual_violence,True,True,True,True,True,5
ID_EAIIWZNR,Physical_violence,True,True,True,True,True,5
ID_EAL2ZD8D,sexual_violence,True,True,True,True,True,5
ID_EARAXFVX,sexual_violence,True,True,True,True,True,5
ID_EATMIR4X,sexual_violence,True,True,True,True,True,5
ID_EB1VKGW4,sexual_violence,True,True,True,True,True,5
ID_EB33AVUN,sexual_violence,True,True,True,True,True,5
ID_EBRD0HXX,sexual_violence,True,True,True,True,True,5
ID_EBRZZTYI,Physical_violence,True,True,True,True,True,5
ID_EBX9F4TV,sexual_violence,True,True,True,True,True,5
ID_EBXN1WCP,sexual_violence,True,True,True,True,True,5
ID_EBZ6VV4X,sexual_violence,True,True,True,True,True,5
ID_EC1E27NN,sexual_violence,True,True,True,True,True,5
ID_EC5U6J26,sexual_violence,True,True,True,True,True,5
ID_ECND1LVJ,Physical_violence,True,True,True,True,True,5
ID_ECP1JH8T,Physical_violence,True,True,True,True,True,5
ID_ECZ5DKWE,sexual_violence,True,True,True,True,True,5
ID_ED7QI9TA,sexual_violence,True,True,True,True,True,5
ID_EDFKRIME,sexual_violence,True,True,True,True,True,5
ID_EDFOTSWI,sexual_violence,True,True,True,True,True,5
ID_EDFYPGE7,Physical_violence,True,True,True,True,True,5
ID_EDHEML3C,sexual_violence,True,True,True,True,True,5
ID_EDOQK9W5,sexual_violence,True,True,True,True,True,5
ID_EDR9Z4AY,sexual_violence,True,True,True,True,True,5
ID_EDT3LQNV,sexual_violence,True,True,True,True,True,5
ID_EE2YNF6A,sexual_violence,True,True,True,True,True,5
ID_EE3YBL2Y,sexual_violence,True,True,True,True,True,5
ID_EE6JK8H8,sexual_violence,True,True,True,True,True,5
ID_EE6QZC5C,sexual_violence,True,True,True,True,True,5
ID_EEABEW0V,sexual_violence,True,True,True,True,True,5
ID_EEJQXBXA,sexual_violence,True,True,True,True,True,5
ID_EF1SUSZI,emotional_violence,True,True,True,True,True,5
ID_EFCW9WPI,sexual_violence,True,True,True,True,True,5
ID_EFFLXSHN,sexual_violence,True,True,True,True,True,5
ID_EFPE0Q1O,sexual_violence,True,True,True,True,True,5
ID_EFPEZTV9,sexual_violence,True,True,True,True,True,5
ID_EFRXLPGQ,sexual_violence,True,True,True,True,True,5
ID_EFT0KYSK,sexual_violence,True,True,True,True,True,5
ID_EFU46TPE,Physical_violence,True,True,True,True,True,5
ID_EFZU7JRW,Physical_violence,True,True,True,True,True,5
ID_EG0WJ6JP,sexual_violence,True,True,True,True,True,5
ID_EG8F876T,sexual_violence,True,True,True,True,True,5
ID_EGI64HG5,sexual_violence,True,True,True,True,True,5
ID_EGMRBT1N,sexual_violence,True,True,True,True,True,5
ID_EGOS5W47,sexual_violence,True,True,True,True,True,5
ID_EGRTLZS4,Physical_violence,True,True,True,True,True,5
ID_EGSMC53L,economic_violence,True,False,True,True,True,4
ID_EGXB4XHK,sexual_violence,True,True,True,True,True,5
ID_EH3H1MPB,sexual_violence,True,True,True,True,True,5
ID_EH8211OE,Physical_violence,True,True,True,True,True,5
ID_EHCRPU7E,sexual_violence,True,True,True,True,True,5
ID_EHHDY098,sexual_violence,True,True,True,True,True,5
ID_EI3SFR8V,Physical_violence,True,True,True,True,True,5
ID_EIN7NIRZ,sexual_violence,True,True,True,True,True,5
ID_EITQNNS9,sexual_violence,True,True,True,True,True,5
ID_EJ013A6E,sexual_violence,True,True,True,True,True,5
ID_EJ10DNAK,sexual_violence,True,True,True,True,True,5
ID_EJ6VN9IA,sexual_violence,True,True,True,True,True,5
ID_EJJNS55N,sexual_violence,True,True,True,True,True,5
ID_EJTRFNR4,sexual_violence,True,True,True,True,True,5
ID_EK1C8L6X,sexual_violence,True,True,True,True,True,5
ID_EKE97O3K,sexual_violence,True,True,True,True,True,5
ID_EKHYBZIY,sexual_violence,True,True,True,True,True,5
ID_EKIQM0TV,sexual_violence,True,True,True,True,True,5
ID_EL3BXD07,sexual_violence,True,True,True,True,True,5
ID_EL3H28WQ,sexual_violence,True,True,True,True,True,5
ID_EL3XHY90,sexual_violence,True,True,True,True,True,5
ID_ELKV9IU5,sexual_violence,True,True,True,True,True,5
ID_ELO6LWRS,emotional_violence,True,True,True,True,True,5
ID_ELUPCAS5,sexual_violence,True,True,True,True,True,5
ID_ELW65SRE,sexual_violence,True,True,True,True,True,5
ID_EM5PVY9N,Physical_violence,True,True,True,True,True,5
ID_EMBCM138,sexual_violence,True,True,True,True,True,5
ID_EMCWKHCR,Physical_violence,True,True,True,True,True,5
ID_EMDLZ23D,sexual_violence,True,True,True,True,True,5
ID_EMQ3PYZR,sexual_violence,True,True,True,True,True,5
ID_EMV1RN2U,Physical_violence,True,True,True,True,True,5
ID_EN5KV6X0,sexual_violence,True,True,True,True,True,5
ID_EN6FL40W,sexual_violence,True,True,True,True,True,5
ID_ENFEQ72B,Physical_violence,True,True,True,True,True,5
ID_ENHEKOI5,sexual_violence,True,True,True,True,True,5
ID_ENIHLH1T,sexual_violence,True,True,True,True,True,5
ID_ENLYM4KK,sexual_violence,True,True,True,True,True,5
ID_ENOKJMRL,emotional_violence,True,True,True,True,True,5
ID_ENW8EZCT,sexual_violence,True,True,True,True,True,5
ID_EO0NU5SV,sexual_violence,True,True,True,True,True,5
ID_EOCLY5RV,sexual_violence,True,True,True,True,True,5
ID_EOF2XD32,sexual_violence,True,True,True,True,True,5
ID_EOHXSQ6B,sexual_violence,True,True,True,True,True,5
ID_EOI4V1IN,sexual_violence,True,True,True,True,True,5
ID_EOM6BPNE,sexual_violence,True,True,True,True,True,5
ID_EOP8ZP1T,sexual_violence,True,True,True,True,True,5
ID_EOTXERQS,sexual_violence,True,True,True,True,True,5
ID_EOWA30PS,Physical_violence,True,True,True,True,True,5
ID_EPOTRIRM,sexual_violence,True,True,True,True,True,5
ID_EPOW3JJD,sexual_violence,True,True,True,True,True,5
ID_EPSEY7LZ,Physical_violence,True,True,True,True,True,5
ID_EPW3ADMI,sexual_violence,True,True,True,True,True,5
ID_EQ6L2RQ1,sexual_violence,True,True,True,True,True,5
ID_EQ88ACLI,Physical_violence,True,True,True,True,True,5
ID_EQLWRCT8,sexual_violence,True,True,True,True,True,5
ID_EQWA2F63,emotional_violence,True,True,True,True,True,5
ID_ER7HCEMH,emotional_violence,True,True,True,True,True,5
ID_ERDZ8OOC,sexual_violence,True,True,True,True,True,5
ID_EREOLHBL,sexual_violence,True,True,True,True,True,5
ID_ERINK7T9,sexual_violence,True,True,True,True,True,5
ID_ERKONXFS,sexual_violence,True,True,True,True,True,5
ID_ERSR7R1B,sexual_violence,True,True,True,True,True,5
ID_ERTW3FHE,sexual_violence,True,True,True,True,True,5
ID_ERXY31LH,sexual_violence,True,True,True,True,True,5
ID_ERYNT97Z,sexual_violence,True,True,True,True,True,5
ID_ES0VCRC4,sexual_violence,True,True,True,True,True,5
ID_ES3GGDA8,Physical_violence,True,True,True,True,True,5
ID_ES6XLOB1,sexual_violence,True,True,True,True,True,5
ID_ESCZCTE1,sexual_violence,True,True,True,True,True,5
ID_ESDVSDN1,sexual_violence,True,True,True,True,True,5
ID_ESN00AL2,Physical_violence,True,True,True,True,True,5
ID_ESOP8PCV,sexual_violence,True,True,True,True,True,5
ID_ESQFT0GH,Physical_violence,True,True,True,True,True,5
ID_ESS84JHD,sexual_violence,True,True,True,True,True,5
ID_ET3Y70WT,sexual_violence,True,True,True,True,True,5
ID_ETBUQMLX,Physical_violence,True,True,True,True,True,5
ID_ETFCH4QV,sexual_violence,True,True,True,True,True,5
ID_ETU90HEI,sexual_violence,True,True,True,True,True,5
ID_ETXN5AW8,Physical_violence,True,True,True,True,True,5
ID_EUHFORK0,sexual_violence,True,True,True,True,True,5
ID_EUSJPDKT,sexual_violence,True,True,True,True,True,5
ID_EUT3CRR3,sexual_violence,True,True,True,True,True,5
ID_EV2LAWL5,sexual_violence,True,True,True,True,True,5
ID_EV9J058W,Physical_violence,True,True,True,True,True,5
ID_EVAE8673,sexual_violence,True,True,True,True,True,5
ID_EVEL5Y4G,sexual_violence,True,True,True,True,True,5
ID_EVELFJXW,sexual_violence,True,True,True,True,True,5
ID_EVEUMOCY,sexual_violence,True,True,True,True,True,5
ID_EVMDZCL6,sexual_violence,True,True,True,True,True,5
ID_EVN2GRST,sexual_violence,True,True,True,True,True,5
ID_EW1YA369,sexual_violence,True,True,True,True,True,5
ID_EWDJT5FS,sexual_violence,True,True,True,True,True,5
ID_EWFXQK5V,sexual_violence,True,True,True,True,True,5
ID_EWNQCBJ9,sexual_violence,True,True,True,True,True,5
ID_EWQNJB9C,Physical_violence,True,True,True,True,True,5
ID_EWSOVJA4,sexual_violence,True,True,True,True,True,5
ID_EWVOHA4G,sexual_violence,True,True,True,True,True,5
ID_EX5GI7EH,sexual_violence,True,True,True,True,True,5
ID_EX6DXHNA,sexual_violence,True,True,True,True,True,5
ID_EX81ZHY7,sexual_violence,True,True,True,True,True,5
ID_EXX4DP7J,sexual_violence,True,True,True,True,True,5
ID_EY5QRJE5,Harmful_Traditional_practice,True,False,True,True,True,4
ID_EYLXD29N,sexual_violence,True,True,True,True,True,5
ID_EYUOJ4X0,sexual_violence,True,True,True,True,True,5
ID_EYVPW5G0,sexual_violence,True,True,True,True,True,5
ID_EYXQ4D3L,sexual_violence,True,True,True,True,True,5
ID_EYY5U9HX,sexual_violence,True,True,True,True,True,5
ID_EZ3JZ464,sexual_violence,True,True,True,True,True,5
ID_EZEI46A7,sexual_violence,True,True,True,True,True,5
ID_EZGLZMYU,sexual_violence,True,True,True,True,True,5
ID_EZZA7AJD,Physical_violence,True,True,True,True,True,5
ID_F03ATUTX,sexual_violence,True,True,True,True,True,5
ID_F0DNHQLS,sexual_violence,True,True,True,True,True,5
ID_F0TX09DJ,sexual_violence,True,True,True,True,True,5
ID_F0VQ0PVI,sexual_violence,True,True,True,True,True,5
ID_F0WL8KAT,sexual_violence,True,True,True,True,True,5
ID_F10PZ2YU,sexual_violence,True,True,True,True,True,5
ID_F18W3AY5,sexual_violence,True,True,True,True,True,5
ID_F1974BJV,sexual_violence,True,True,True,True,True,5
ID_F1APHUKI,sexual_violence,True,True,True,True,True,5
ID_F21IHG8Y,sexual_violence,True,True,True,True,True,5
ID_F23HV0L3,sexual_violence,True,True,True,True,True,5
ID_F29MCMH8,sexual_violence,True,True,True,True,True,5
ID_F2AZDQGV,sexual_violence,True,True,True,True,True,5
ID_F2F5K2VJ,sexual_violence,True,True,True,True,True,5
ID_F2F8QMKI,Physical_violence,True,True,True,True,True,5
ID_F2FQFL7L,sexual_violence,True,True,True,True,True,5
ID_F2MEX76C,Physical_violence,True,True,True,True,True,5
ID_F2RJVSPU,sexual_violence,True,True,True,True,True,5
ID_F2RKHAGC,sexual_violence,True,True,True,True,True,5
ID_F2VQDX3K,sexual_violence,True,True,True,True,True,5
ID_F2YSYRTN,sexual_violence,True,True,True,True,True,5
ID_F30Z309T,sexual_violence,True,True,True,True,True,5
ID_F35Q8HGJ,sexual_violence,True,True,True,True,True,5
ID_F35ZMXJ2,sexual_violence,True,True,True,True,True,5
ID_F38JIRUA,sexual_violence,True,True,True,True,True,5
ID_F3HYEFY4,Physical_violence,True,True,True,True,True,5
ID_F3TRWCFF,sexual_violence,True,True,True,True,True,5
ID_F3UCQ09O,sexual_violence,True,True,True,True,True,5
ID_F3WFPBRS,sexual_violence,True,True,True,True,True,5
ID_F4A0NS3S,sexual_violence,True,True,True,True,True,5
ID_F4AQJJ29,sexual_violence,True,True,True,True,True,5
ID_F4BO8F7Z,Physical_violence,True,True,True,True,True,5
ID_F4GDE1Z9,sexual_violence,True,True,True,True,True,5
ID_F4K5OF6M,sexual_violence,True,True,True,True,True,5
ID_F4N2QGLU,sexual_violence,True,True,True,True,True,5
ID_F4Q9DS6U,Physical_violence,True,True,True,True,True,5
ID_F4QAQBLT,sexual_violence,True,True,True,True,True,5
ID_F4Y07Q83,sexual_violence,True,True,True,True,True,5
ID_F53NVN3W,emotional_violence,True,True,True,True,True,5
ID_F597Y607,sexual_violence,True,True,True,True,True,5
ID_F5ELWER1,sexual_violence,True,True,True,True,True,5
ID_F5J53C51,Physical_violence,True,True,True,True,True,5
ID_F5M5ARVQ,sexual_violence,True,True,True,True,True,5
ID_F5MTG0QG,sexual_violence,True,True,True,True,True,5
ID_F5ONEPD1,sexual_violence,True,True,True,True,True,5
ID_F5RNDG24,sexual_violence,True,True,True,True,True,5
ID_F5U3XN8T,sexual_violence,True,True,True,True,True,5
ID_F5V43KY0,sexual_violence,True,True,True,True,True,5
ID_F5XT9EEI,sexual_violence,True,True,True,True,True,5
ID_F60UI3PN,Physical_violence,True,True,True,True,True,5
ID_F648KDMS,sexual_violence,True,True,True,True,True,5
ID_F654N0LW,sexual_violence,True,True,True,True,True,5
ID_F66U794R,sexual_violence,True,True,True,True,True,5
ID_F67IVPO4,Harmful_Traditional_practice,True,True,True,True,True,5
ID_F6EGY55S,sexual_violence,True,True,True,True,True,5
ID_F6G914BK,sexual_violence,True,True,True,True,True,5
ID_F6J124JS,Physical_violence,True,True,True,True,True,5
ID_F6LSUAWL,sexual_violence,True,True,True,True,True,5
ID_F6WRARF8,sexual_violence,True,True,True,True,True,5
ID_F6Z73IMY,Physical_violence,True,True,True,True,True,5
ID_F80TCSUM,sexual_violence,True,True,True,True,True,5
ID_F87BU3OV,sexual_violence,True,True,True,True,True,5
ID_F8F3WV0D,sexual_violence,True,True,True,True,True,5
ID_F8YF08YB,sexual_violence,True,True,True,True,True,5
ID_F92NRVS1,sexual_violence,True,True,True,True,True,5
ID_F9548ZO9,sexual_violence,True,True,True,True,True,5
ID_F9CJN7NR,sexual_violence,True,True,True,True,True,5
ID_F9CMEFW1,sexual_violence,True,True,True,True,True,5
ID_F9HC6OAJ,sexual_violence,True,True,True,True,True,5
ID_F9IFUHFI,sexual_violence,True,True,True,True,True,5
ID_F9LYMX8C,sexual_violence,True,True,True,True,True,5
ID_F9V3MUF9,sexual_violence,True,True,True,True,True,5
ID_FAD4QWMH,sexual_violence,True,True,True,True,True,5
ID_FAEVOZ52,sexual_violence,True,True,True,True,True,5
ID_FAFSCVRM,Physical_violence,True,True,True,True,True,5
ID_FB86XZQB,sexual_violence,True,True,True,True,True,5
ID_FBGQCC2X,sexual_violence,True,True,True,True,True,5
ID_FBGVHCBO,sexual_violence,True,True,True,True,True,5
ID_FBL1O99Q,sexual_violence,True,True,True,True,True,5
ID_FBLGQVJS,sexual_violence,True,True,True,True,True,5
ID_FBSXK6CM,sexual_violence,True,True,True,True,True,5
ID_FC1RQQMO,sexual_violence,True,True,True,True,True,5
ID_FC5QJLH0,sexual_violence,True,True,True,True,True,5
ID_FCM5RP4O,sexual_violence,True,True,True,True,True,5
ID_FCZJ3I9N,Physical_violence,True,True,True,True,True,5
ID_FD1FHC5A,sexual_violence,True,True,True,True,True,5
ID_FDIA3PKW,sexual_violence,True,True,True,True,True,5
ID_FDNBC3M0,sexual_violence,True,True,True,True,True,5
ID_FDVQ6N4R,sexual_violence,True,True,True,True,True,5
ID_FDW60N8L,Physical_violence,True,True,True,True,True,5
ID_FEAPCOHA,sexual_violence,True,True,True,True,True,5
ID_FEB5R4C4,sexual_violence,True,True,True,True,True,5
ID_FEE37CBH,sexual_violence,True,True,True,True,True,5
ID_FEJCSTNY,sexual_violence,True,True,True,True,True,5
ID_FEMUFW5P,Physical_violence,True,True,True,True,True,5
ID_FETUC3PM,sexual_violence,True,True,True,True,True,5
ID_FEYDJRJ5,sexual_violence,True,True,True,True,True,5
ID_FEZ7N8QU,sexual_violence,True,True,True,True,True,5
ID_FFBVEE1Y,sexual_violence,True,True,True,True,True,5
ID_FFETYY16,Physical_violence,True,True,True,True,True,5
ID_FFH25I00,sexual_violence,True,True,True,True,True,5
ID_FFX3ZWRN,sexual_violence,True,True,True,True,True,5
ID_FGFH0OWS,sexual_violence,True,True,True,True,True,5
ID_FGGPZYNC,sexual_violence,True,True,True,True,True,5
ID_FGQTG32S,sexual_violence,True,True,True,True,True,5
ID_FGROOXHO,sexual_violence,True,True,True,True,True,5
ID_FGULRA15,sexual_violence,True,True,True,True,True,5
ID_FGYRA2AZ,sexual_violence,True,True,True,True,True,5
ID_FGZK8RQT,sexual_violence,True,True,True,True,True,5
ID_FH2F0DDB,Physical_violence,True,True,True,True,True,5
ID_FHB63MV6,sexual_violence,True,True,True,True,True,5
ID_FHDO5IXU,sexual_violence,True,True,True,True,True,5
ID_FHOORQFB,sexual_violence,True,True,True,True,True,5
ID_FHPU8VMY,sexual_violence,True,True,True,True,True,5
ID_FHQN9ZCE,Physical_violence,True,True,True,True,True,5
ID_FHSYZWRW,sexual_violence,True,True,True,True,True,5
ID_FHW289FW,economic_violence,True,False,True,True,True,4
ID_FI72XGWL,Physical_violence,True,True,True,True,True,5
ID_FIGLDD76,Physical_violence,True,True,True,True,True,5
ID_FINLSFVV,sexual_violence,True,True,True,True,True,5
ID_FIPNR50E,sexual_violence,True,True,True,True,True,5
ID_FJ3KBDEO,sexual_violence,True,True,True,True,True,5
ID_FJDY3375,sexual_violence,True,True,True,True,True,5
ID_FJIYSD1U,sexual_violence,True,True,True,True,True,5
ID_FJOL1T25,sexual_violence,True,True,True,True,True,5
ID_FJS6CH9S,sexual_violence,True,True,True,True,True,5
ID_FJVGB3AY,sexual_violence,True,True,True,True,True,5
ID_FK4HHNUZ,sexual_violence,True,True,True,True,True,5
ID_FK7512FL,sexual_violence,True,True,True,True,True,5
ID_FK890Q23,sexual_violence,True,True,True,True,True,5
ID_FL0J15B1,sexual_violence,True,True,True,True,True,5
ID_FL2HQKW9,sexual_violence,True,True,True,True,True,5
ID_FLASKFZU,sexual_violence,True,True,True,True,True,5
ID_FLB3VGJV,sexual_violence,True,True,True,True,True,5
ID_FLD44DNI,sexual_violence,True,True,True,True,True,5
ID_FLTMHYEV,sexual_violence,True,True,True,True,True,5
ID_FM58DN7Q,Physical_violence,True,True,True,True,True,5
ID_FM8MJLUA,sexual_violence,True,True,True,True,True,5
ID_FMFTRFD2,sexual_violence,True,True,True,True,True,5
ID_FMIJNMEY,sexual_violence,True,True,True,True,True,5
ID_FML2KVM1,sexual_violence,True,True,True,True,True,5
ID_FMO59M92,sexual_violence,True,True,True,True,True,5
ID_FMQZ8AM1,sexual_violence,True,True,True,True,True,5
ID_FMS1ITWI,sexual_violence,True,True,True,True,True,5
ID_FMZJUKQF,sexual_violence,True,True,True,True,True,5
ID_FNCHTLWS,sexual_violence,True,True,True,True,True,5
ID_FNHQW6XK,Physical_violence,True,True,True,True,True,5
ID_FNMLBLCC,sexual_violence,True,True,True,True,True,5
ID_FNX9VSIV,sexual_violence,True,True,True,True,True,5
ID_FO8WICB4,sexual_violence,True,True,True,True,True,5
ID_FOBDAHP3,sexual_violence,True,True,True,True,True,5
ID_FOLT5KCT,sexual_violence,True,True,True,True,True,5
ID_FORGAH5I,sexual_violence,True,True,True,True,True,5
ID_FORXO95B,sexual_violence,True,True,True,True,True,5
ID_FP5WH7YG,sexual_violence,True,True,True,True,True,5
ID_FP6OHNAJ,Physical_violence,True,True,True,True,True,5
ID_FPBWC1XA,sexual_violence,True,True,True,True,True,5
ID_FPN53JIC,sexual_violence,True,True,True,True,True,5
ID_FPT9GUA8,Physical_violence,True,True,True,True,True,5
ID_FPWMA9FW,sexual_violence,True,True,True,True,True,5
ID_FQ2PIJ39,sexual_violence,True,True,True,True,True,5
ID_FQ9H0W4R,sexual_violence,True,True,True,True,True,5
ID_FQSQA9TN,sexual_violence,True,True,True,True,True,5
ID_FQTXSIS4,sexual_violence,True,True,True,True,True,5
ID_FQUFIWI2,Physical_violence,True,True,True,True,True,5
ID_FQW8FD4Y,sexual_violence,True,True,True,True,True,5
ID_FQXLRB3J,sexual_violence,True,True,True,True,True,5
ID_FR26KIYT,sexual_violence,True,True,True,True,True,5
ID_FR3J2O7X,Physical_violence,True,True,True,True,True,5
ID_FR40YJX5,sexual_violence,True,True,True,True,True,5
ID_FR4PUV3B,Physical_violence,True,True,True,True,True,5
ID_FRMRPCXB,sexual_violence,True,True,True,True,True,5
ID_FRR74P61,sexual_violence,True,True,True,True,True,5
ID_FRUBZ43F,sexual_violence,True,True,True,True,True,5
ID_FRYXVP0V,sexual_violence,True,True,True,True,True,5
ID_FS4GRCGW,sexual_violence,True,True,True,True,True,5
ID_FS9AK3C5,sexual_violence,True,True,True,True,True,5
ID_FSF8UNF0,Physical_violence,True,True,True,True,True,5
ID_FSKR1NG6,sexual_violence,True,True,True,True,True,5
ID_FT2ZEPH6,Physical_violence,True,True,True,True,True,5
ID_FTB1OK2Q,sexual_violence,True,True,True,True,True,5
ID_FTDLQSBG,sexual_violence,True,True,True,True,True,5
ID_FTEAVLAQ,sexual_violence,True,True,True,True,True,5
ID_FTJ1CCRL,sexual_violence,True,True,True,True,True,5
ID_FTZMPZYE,sexual_violence,True,True,True,True,True,5
ID_FUR3P0UD,sexual_violence,True,True,True,True,True,5
ID_FUSKAKQX,sexual_violence,True,True,True,True,True,5
ID_FUT0HT6E,sexual_violence,True,True,True,True,True,5
ID_FVFBRFPM,sexual_violence,True,True,True,True,True,5
ID_FVPETFQG,sexual_violence,True,True,True,True,True,5
ID_FVQW382U,sexual_violence,True,True,True,True,True,5
ID_FVT60YYX,sexual_violence,True,True,True,True,True,5
ID_FW2PL2HW,sexual_violence,True,True,True,True,True,5
ID_FWHN6TA0,sexual_violence,True,True,True,True,True,5
ID_FWMWGKU7,sexual_violence,True,True,True,True,True,5
ID_FWQRE0CD,emotional_violence,True,True,True,True,True,5
ID_FX3Z5Q4Q,sexual_violence,True,True,True,True,True,5
ID_FXFBSOSL,sexual_violence,True,True,True,True,True,5
ID_FXH1FIPM,sexual_violence,True,True,True,True,True,5
ID_FXHKOSGW,Physical_violence,True,True,True,True,True,5
ID_FXJCXO2R,sexual_violence,True,True,True,True,True,5
ID_FXL1EWH4,sexual_violence,True,True,True,True,True,5
ID_FXOHYRW2,Physical_violence,True,True,True,True,True,5
ID_FXQM61IL,sexual_violence,True,True,True,True,True,5
ID_FXXWNSUY,sexual_violence,True,True,True,True,True,5
ID_FYBF3AQY,Physical_violence,True,True,True,True,True,5
ID_FYCXQHA5,sexual_violence,True,True,True,True,True,5
ID_FYDLACDC,sexual_violence,True,True,True,True,True,5
ID_FYKOVNIC,sexual_violence,True,True,True,True,True,5
ID_FYNX0F8R,sexual_violence,True,True,True,True,True,5
ID_FYSTSE2X,sexual_violence,True,True,True,True,True,5
ID_FYUM5QQX,sexual_violence,True,True,True,True,True,5
ID_FZCGAA23,Physical_violence,True,True,True,True,True,5
ID_FZHIGWGB,sexual_violence,True,True,True,True,True,5
ID_FZIQYCLP,sexual_violence,True,True,True,True,True,5
ID_FZOBPZZ4,sexual_violence,True,True,True,True,True,5
ID_FZSJPZD3,sexual_violence,True,True,True,True,True,5
ID_FZWABGKL,sexual_violence,True,True,True,True,True,5
ID_G00HVGUF,sexual_violence,True,True,True,True,True,5
ID_G02JF68C,sexual_violence,True,True,True,True,True,5
ID_G0NMF4NO,sexual_violence,True,True,True,True,True,5
ID_G0U5EEW1,Physical_violence,True,True,True,True,True,5
ID_G18KBC49,sexual_violence,True,True,True,True,True,5
ID_G1WRZZVL,Physical_violence,True,True,True,True,True,5
ID_G1XKFPZO,sexual_violence,True,True,True,True,True,5
ID_G1ZGQUTB,sexual_violence,True,True,True,True,True,5
ID_G23MMYOD,sexual_violence,True,True,True,True,True,5
ID_G23ZZBKE,sexual_violence,True,True,True,True,True,5
ID_G247W8PE,sexual_violence,True,True,True,True,True,5
ID_G2NGW2GN,sexual_violence,True,True,True,True,True,5
ID_G2TB9I8N,sexual_violence,True,True,True,True,True,5
ID_G3TXL7KH,sexual_violence,True,True,True,True,True,5
ID_G3WMTOZI,Physical_violence,True,True,True,True,True,5
ID_G3YYD7L7,sexual_violence,True,True,True,True,True,5
ID_G41I580N,sexual_violence,True,True,True,True,True,5
ID_G42O0LP2,sexual_violence,True,True,True,True,True,5
ID_G470UY04,sexual_violence,True,True,True,True,True,5
ID_G47AGU1Z,Physical_violence,True,True,True,True,True,5
ID_G4BQ01FO,sexual_violence,True,True,True,True,True,5
ID_G4CIM203,sexual_violence,True,True,True,True,True,5
ID_G4CRE8ES,sexual_violence,True,True,True,True,True,5
ID_G4CS9YZJ,sexual_violence,True,True,True,True,True,5
ID_G4D1Z85V,sexual_violence,True,True,True,True,True,5
ID_G4KPJHH2,Physical_violence,True,True,True,True,True,5
ID_G4ZEGIC3,Physical_violence,True,True,True,True,True,5
ID_G51VD4DO,sexual_violence,True,True,True,True,True,5
ID_G58487QL,sexual_violence,True,True,True,True,True,5
ID_G59DEGYF,Physical_violence,True,True,True,True,True,5
ID_G5EEMH67,Physical_violence,True,True,True,True,True,5
ID_G5GGHFXG,sexual_violence,True,True,True,True,True,5
ID_G5O57JVK,sexual_violence,True,True,True,True,True,5
ID_G5P8272D,sexual_violence,True,True,True,True,True,5
ID_G5PID7AI,sexual_violence,True,True,True,True,True,5
ID_G5U3ERAJ,sexual_violence,True,True,True,True,True,5
ID_G6B2ORYH,sexual_violence,True,True,True,True,True,5
ID_G6CW153Z,sexual_violence,False,True,True,True,True,4
ID_G6D1V5DJ,sexual_violence,True,True,True,True,True,5
ID_G6H9TT8B,sexual_violence,True,True,True,True,True,5
ID_G6K21VJD,sexual_violence,True,True,True,True,True,5
ID_G6LR1GLG,Physical_violence,True,True,True,True,True,5
ID_G6OHGIWF,sexual_violence,True,True,True,True,True,5
ID_G71FK462,sexual_violence,True,True,True,True,True,5
ID_G79XOVFF,sexual_violence,True,True,True,True,True,5
ID_G7BI0TC3,sexual_violence,True,True,True,True,True,5
ID_G7CYCIP0,sexual_violence,True,True,True,True,True,5
ID_G7D8I83M,sexual_violence,True,True,True,True,True,5
ID_G7EB2G80,sexual_violence,True,True,True,True,True,5
ID_G7J6UNLB,sexual_violence,True,True,True,True,True,5
ID_G7OJQJ0K,sexual_violence,True,True,True,True,True,5
ID_G7TGD556,Physical_violence,True,True,True,True,True,5
ID_G847CRUC,Physical_violence,True,True,True,True,True,5
ID_G86OVIFH,sexual_violence,True,True,True,True,True,5
ID_G88K3FTJ,sexual_violence,True,True,True,True,True,5
ID_G8YXM2BN,emotional_violence,True,True,True,True,True,5
ID_G99S0ROJ,sexual_violence,True,True,True,True,True,5
ID_G9K0DXDZ,sexual_violence,True,True,True,True,True,5
ID_G9R7D88W,sexual_violence,True,True,True,True,True,5
ID_G9TBZNZ4,sexual_violence,True,True,True,True,True,5
ID_G9XM2FMW,sexual_violence,True,True,True,True,True,5
ID_G9Z8NO3C,sexual_violence,True,True,True,True,True,5
ID_GAAX9O7K,sexual_violence,True,True,True,True,True,5
ID_GAE712KB,sexual_violence,True,True,True,True,True,5
ID_GAMCA3AO,sexual_violence,True,True,True,True,True,5
ID_GAMI2FDV,sexual_violence,True,True,True,True,True,5
ID_GAQJ0IJR,sexual_violence,True,True,True,True,True,5
ID_GAYSGP7R,sexual_violence,True,True,True,True,True,5
ID_GB9JRVAO,sexual_violence,True,True,True,True,True,5
ID_GBAFTRYN,Physical_violence,True,True,True,True,True,5
ID_GBK0SOLR,sexual_violence,True,True,True,True,True,5
ID_GBOO7WBR,Physical_violence,True,True,True,True,True,5
ID_GBVMLQTM,sexual_violence,True,True,True,True,True,5
ID_GC3JBM25,sexual_violence,True,True,True,True,True,5
ID_GC4T7X7H,sexual_violence,True,True,True,True,True,5
ID_GC7RS0LM,sexual_violence,True,True,True,True,True,5
ID_GCGPN2ZQ,Physical_violence,True,True,True,True,True,5
ID_GDE9P6AQ,sexual_violence,True,True,True,True,True,5
ID_GDPQGDAJ,sexual_violence,True,True,True,True,True,5
ID_GDPS7NEM,sexual_violence,True,True,True,True,True,5
ID_GDQTTIM3,sexual_violence,True,True,True,True,True,5
ID_GE9F71M5,Physical_violence,True,True,True,True,True,5
ID_GECQ2TS1,sexual_violence,True,True,True,True,True,5
ID_GECWKDPY,sexual_violence,True,True,True,True,True,5
ID_GEJXDY44,sexual_violence,True,True,True,True,True,5
ID_GF16BWLJ,sexual_violence,False,True,True,True,True,4
ID_GFQYYTU6,sexual_violence,True,True,True,True,True,5
ID_GFWI0SA6,Physical_violence,True,True,True,True,True,5
ID_GFXKBY6C,sexual_violence,True,True,True,True,True,5
ID_GG600YFO,sexual_violence,True,True,True,True,True,5
ID_GGWH25IX,sexual_violence,True,True,True,True,True,5
ID_GH3ZSH3C,sexual_violence,True,True,True,True,True,5
ID_GHP6KEIX,sexual_violence,True,True,True,True,True,5
ID_GHWUKGC8,sexual_violence,True,True,True,True,True,5
ID_GIR77PXT,sexual_violence,True,True,True,True,True,5
ID_GISBPFYB,sexual_violence,True,True,True,True,True,5
ID_GIZ194M5,sexual_violence,True,True,True,True,True,5
ID_GJ3VR7IO,sexual_violence,True,True,True,True,True,5
ID_GJ50X67Q,sexual_violence,True,True,True,True,True,5
ID_GJOGB9P0,sexual_violence,True,True,True,True,True,5
ID_GJQ8T0XY,Physical_violence,True,True,True,True,True,5
ID_GJXA9P6Q,sexual_violence,True,True,True,True,True,5
ID_GK2IPKA3,sexual_violence,True,True,True,True,True,5
ID_GK827K7K,Harmful_Traditional_practice,True,True,True,True,True,5
ID_GKAS8X96,sexual_violence,True,True,True,True,True,5
ID_GKOX68X5,sexual_violence,True,True,True,True,True,5
ID_GKSEKDV6,sexual_violence,True,True,True,True,True,5
ID_GKTIYCAZ,sexual_violence,True,True,True,True,True,5
ID_GL13YCQR,sexual_violence,True,True,True,True,True,5
ID_GL2VKCAU,economic_violence,True,True,True,True,True,5
ID_GLFUMQV4,sexual_violence,True,True,True,True,True,5
ID_GLGZP7DZ,sexual_violence,True,True,True,True,True,5
ID_GLIZWRAQ,sexual_violence,True,True,True,True,True,5
ID_GLJKECVF,sexual_violence,True,True,True,True,True,5
ID_GLMIG8ZY,sexual_violence,True,True,True,True,True,5
ID_GLW858OD,sexual_violence,True,True,True,True,True,5
ID_GMASWEBS,sexual_violence,True,True,True,True,True,5
ID_GMB65CAG,sexual_violence,True,True,True,True,True,5
ID_GMDURS2F,economic_violence,True,True,True,True,True,5
ID_GMOM47NV,sexual_violence,True,True,True,True,True,5
ID_GMQTZ5IT,sexual_violence,True,True,True,True,True,5
ID_GMSVSK2O,Physical_violence,True,True,True,True,True,5
ID_GMUW8DKA,sexual_violence,True,True,True,True,True,5
ID_GNNSN48U,sexual_violence,True,True,True,True,True,5
ID_GNW8M14L,Physical_violence,True,True,True,True,True,5
ID_GNXIFMW9,sexual_violence,True,True,True,True,True,5
ID_GOH1LLB4,sexual_violence,True,True,True,True,True,5
ID_GOHRW7GH,sexual_violence,True,True,True,True,True,5
ID_GP262ZSP,sexual_violence,True,True,True,True,True,5
ID_GPELBQ3K,sexual_violence,True,True,True,True,True,5
ID_GPLS3YM3,Physical_violence,True,True,True,True,True,5
ID_GPR9L6IR,sexual_violence,True,True,True,True,True,5
ID_GPS6RCSW,sexual_violence,True,True,True,True,True,5
ID_GPSRPCGI,sexual_violence,True,True,True,True,True,5
ID_GPZKAGKZ,sexual_violence,True,True,True,True,True,5
ID_GQ01WOH1,Physical_violence,True,True,True,True,True,5
ID_GQ1YEMG6,sexual_violence,True,True,True,True,True,5
ID_GQ72LZFK,sexual_violence,True,True,True,True,True,5
ID_GQE1BYWE,sexual_violence,True,True,True,True,True,5
ID_GQK1XRPZ,emotional_violence,True,True,True,True,True,5
ID_GQMV40PD,sexual_violence,True,True,True,True,True,5
ID_GQOU2JJ6,sexual_violence,True,True,True,True,True,5
ID_GR09JDT0,sexual_violence,True,True,True,True,True,5
ID_GR4AZV09,sexual_violence,True,True,True,True,True,5
ID_GRBVMIBJ,sexual_violence,True,True,True,True,True,5
ID_GROUMCV9,sexual_violence,False,True,True,True,True,4
ID_GRVXXW8O,sexual_violence,True,True,True,True,True,5
ID_GS1SJ7RG,sexual_violence,True,True,True,True,True,5
ID_GS1VNTF8,sexual_violence,True,True,True,True,True,5
ID_GSGAT73Q,sexual_violence,True,True,True,True,True,5
ID_GSNEQNNJ,sexual_violence,True,True,True,True,True,5
ID_GSR9BD2C,sexual_violence,True,True,True,True,True,5
ID_GSW5RBWY,sexual_violence,True,True,True,True,True,5
ID_GT6QGSSY,sexual_violence,True,True,True,True,True,5
ID_GTCYIYMM,sexual_violence,True,True,True,True,True,5
ID_GTEZRSA5,sexual_violence,True,True,True,True,True,5
ID_GTM2G0T1,Physical_violence,True,True,True,True,True,5
ID_GTMKRXWF,Physical_violence,True,True,True,True,True,5
ID_GTNVXM1N,Physical_violence,True,True,True,True,True,5
ID_GTRBQZJQ,sexual_violence,True,True,True,True,True,5
ID_GU34RHSV,sexual_violence,True,True,True,True,True,5
ID_GU48O7RE,sexual_violence,True,True,True,True,True,5
ID_GU4L3QGM,sexual_violence,True,True,True,True,True,5
ID_GU4Y3OVP,sexual_violence,True,True,True,True,True,5
ID_GUL5V1SG,Physical_violence,True,True,True,True,True,5
ID_GUOXCWAM,sexual_violence,True,True,True,True,True,5
ID_GUW9Z8CW,sexual_violence,True,True,True,True,True,5
ID_GVGWUYYP,sexual_violence,True,True,True,True,True,5
ID_GVNR0MJP,sexual_violence,True,True,True,True,True,5
ID_GVZ6MC13,sexual_violence,True,True,True,True,True,5
ID_GW1N9CA1,sexual_violence,True,True,True,True,True,5
ID_GW5ISKTL,Physical_violence,True,True,True,True,True,5
ID_GWDBFDDI,sexual_violence,True,True,True,True,True,5
ID_GWE1JN0J,sexual_violence,True,True,True,True,True,5
ID_GWEDVMK2,Physical_violence,True,True,True,True,True,5
ID_GWHNOV6B,sexual_violence,True,True,True,True,True,5
ID_GWJAZVCL,sexual_violence,True,True,True,True,True,5
ID_GWTRRU2B,sexual_violence,True,True,True,True,True,5
ID_GX5F4FGI,Physical_violence,True,True,True,True,True,5
ID_GX6YJM7V,sexual_violence,True,True,True,True,True,5
ID_GX9255YW,economic_violence,True,True,True,True,True,5
ID_GX9ANBYA,sexual_violence,True,True,True,True,True,5
ID_GXBKKYZB,Physical_violence,True,True,True,True,True,5
ID_GXDOHDTX,Physical_violence,True,True,True,True,True,5
ID_GXJG35UU,sexual_violence,True,True,True,True,True,5
ID_GXPLAXL0,sexual_violence,True,True,True,True,True,5
ID_GXQZ10YP,sexual_violence,True,True,True,True,True,5
ID_GY1SES72,sexual_violence,True,True,True,True,True,5
ID_GY1TFCVF,sexual_violence,True,True,True,True,True,5
ID_GYAH9K5S,sexual_violence,True,True,True,False,True,4
ID_GYDFFGQ7,sexual_violence,True,True,True,True,True,5
ID_GYTOHG11,sexual_violence,True,True,True,True,True,5
ID_GYZQBJ3Q,sexual_violence,True,True,True,True,True,5
ID_GZ467ZMB,sexual_violence,True,True,True,True,True,5
ID_GZJKG7Y6,Physical_violence,True,True,True,True,True,5
ID_GZQGWGE7,sexual_violence,True,True,True,True,True,5
ID_H05O3NVI,sexual_violence,True,True,True,True,True,5
ID_H0DX1Y6S,sexual_violence,True,True,True,True,True,5
ID_H0GWOUJ6,sexual_violence,True,True,True,True,True,5
ID_H0HRVRET,sexual_violence,True,True,True,True,True,5
ID_H0N8NYJ3,sexual_violence,True,True,True,True,True,5
ID_H101M8VG,sexual_violence,True,True,True,True,True,5
ID_H183CYA5,sexual_violence,True,True,True,True,True,5
ID_H1AXG9YH,sexual_violence,True,True,True,True,True,5
ID_H1JYT17N,sexual_violence,True,True,True,True,True,5
ID_H1NOO8EW,sexual_violence,True,True,True,True,True,5
ID_H243L8ZU,sexual_violence,True,True,True,True,True,5
ID_H260ILUW,sexual_violence,True,True,True,True,True,5
ID_H272IT42,sexual_violence,True,True,True,True,True,5
ID_H2B856UC,sexual_violence,True,True,True,True,True,5
ID_H2CC5Z9T,sexual_violence,True,True,True,True,True,5
ID_H2E7GGPD,sexual_violence,True,True,True,True,True,5
ID_H2F6WBBI,sexual_violence,True,True,True,True,True,5
ID_H2L1F35A,sexual_violence,True,True,True,True,True,5
ID_H2O0FPHB,sexual_violence,True,True,True,True,True,5
ID_H2SNHZRY,Physical_violence,True,True,True,True,True,5
ID_H2V8CMRK,sexual_violence,True,True,True,True,True,5
ID_H2VG3TAD,Harmful_Traditional_practice,True,True,True,False,True,4
ID_H2VV4DTQ,Physical_violence,True,True,True,True,True,5
ID_H366GJBF,sexual_violence,True,True,True,True,True,5
ID_H38SFKJD,sexual_violence,True,True,True,True,True,5
ID_H3LYURZW,sexual_violence,True,True,True,True,True,5
ID_H3Q2RUQA,sexual_violence,True,True,True,True,True,5
ID_H3ZDCX5F,sexual_violence,True,True,True,True,True,5
ID_H43M22NR,sexual_violence,True,True,True,True,True,5
ID_H4LJ0CXO,sexual_violence,True,True,True,True,True,5
ID_H4PGM8IO,Physical_violence,True,True,True,True,True,5
ID_H4X9UE8R,Physical_violence,True,True,True,True,True,5
ID_H579AXEP,sexual_violence,True,True,True,True,True,5
ID_H5AXP8IH,sexual_violence,True,True,True,True,True,5
ID_H5G58VE5,sexual_violence,True,True,True,True,True,5
ID_H5G8TSVR,sexual_violence,True,True,True,True,True,5
ID_H5JD5EA7,sexual_violence,True,True,True,True,True,5
ID_H5P453QS,Physical_violence,True,True,True,True,True,5
ID_H5XUHVZG,economic_violence,True,True,True,True,True,5
ID_H63P3EU6,Physical_violence,True,True,True,True,True,5
ID_H66SQZAS,sexual_violence,True,True,True,True,True,5
ID_H6JDV9FT,sexual_violence,True,True,True,True,True,5
ID_H6V4ZM46,sexual_violence,True,True,True,True,True,5
ID_H6WSWPQU,sexual_violence,True,True,True,True,True,5
ID_H6XHM92U,sexual_violence,True,True,True,True,True,5
ID_H73I1586,sexual_violence,True,True,True,True,True,5
ID_H7728FA6,sexual_violence,True,True,True,True,True,5
ID_H7CZ13VV,sexual_violence,True,True,True,True,True,5
ID_H7D4MK2H,sexual_violence,True,True,True,True,True,5
ID_H7FUXMS9,sexual_violence,True,True,True,True,True,5
ID_H7M3T2NH,Harmful_Traditional_practice,True,True,True,True,True,5
ID_H7PAZYEN,sexual_violence,True,True,True,True,True,5
ID_H7QBJVEW,sexual_violence,True,True,True,True,True,5
ID_H89LKLG7,sexual_violence,True,True,True,True,True,5
ID_H8DCE6E9,emotional_violence,True,True,True,True,True,5
ID_H8PMVDN8,sexual_violence,True,True,True,True,True,5
ID_H8U46PCX,sexual_violence,True,True,True,True,True,5
ID_H8Y3ANZW,sexual_violence,True,True,True,True,True,5
ID_H8YKQC9C,sexual_violence,True,True,True,True,True,5
ID_H92H7TLA,Physical_violence,True,True,True,True,True,5
ID_H9FAE17M,sexual_violence,True,True,True,True,True,5
ID_H9O888F2,sexual_violence,True,True,True,True,True,5
ID_H9PB0JF3,Physical_violence,True,True,True,True,True,5
ID_HA58V1W9,sexual_violence,True,True,True,True,True,5
ID_HA7DDEBA,sexual_violence,True,True,True,True,True,5
ID_HAJEIHLW,sexual_violence,True,True,True,True,True,5
ID_HAMTTNZ3,sexual_violence,True,True,True,True,True,5
ID_HB7GQJI4,economic_violence,True,True,True,True,True,5
ID_HBBS5XUO,sexual_violence,True,True,True,True,True,5
ID_HBIC2TG6,sexual_violence,True,True,True,True,True,5
ID_HBJF2OER,Physical_violence,True,True,True,True,True,5
ID_HBLUOAO5,sexual_violence,True,True,True,True,True,5
ID_HCPQF2LN,Harmful_Traditional_practice,True,False,True,True,True,4
ID_HCXJ0X65,sexual_violence,True,True,True,True,True,5
ID_HCY19G9R,sexual_violence,True,True,True,True,True,5
ID_HD2VELT5,sexual_violence,True,True,True,True,True,5
ID_HD9IRZAI,Physical_violence,True,True,True,True,True,5
ID_HDCSBSRR,sexual_violence,True,True,True,True,True,5
ID_HDMXLLZT,Physical_violence,True,True,True,True,True,5
ID_HDV2H9CX,sexual_violence,True,True,True,True,True,5
ID_HDYUZ23K,sexual_violence,True,True,True,True,True,5
ID_HE67YJWE,Physical_violence,True,True,True,True,True,5
ID_HE7NFGMM,sexual_violence,True,True,True,True,True,5
ID_HE9K1V92,sexual_violence,True,True,True,True,True,5
ID_HEASH87Y,sexual_violence,True,True,True,True,True,5
ID_HEBJ3N8M,sexual_violence,True,True,True,True,True,5
ID_HECZIFW6,sexual_violence,True,True,True,True,True,5
ID_HERLNBHG,sexual_violence,True,True,True,True,True,5
ID_HEWKV2T7,sexual_violence,True,True,True,True,True,5
ID_HF9SXHQQ,emotional_violence,True,True,True,True,True,5
ID_HFB7GQNR,sexual_violence,True,True,True,True,True,5
ID_HFBGGA89,Physical_violence,True,True,True,True,True,5
ID_HFEW2RQW,sexual_violence,True,True,True,True,True,5
ID_HFF4YIRS,sexual_violence,True,True,True,True,True,5
ID_HFRFU3A1,sexual_violence,True,True,True,True,True,5
ID_HFTP13PX,sexual_violence,True,True,True,True,True,5
ID_HG6HAC4U,sexual_violence,True,True,True,True,True,5
ID_HGC3GDP6,sexual_violence,True,True,True,True,True,5
ID_HGKM4DS3,sexual_violence,True,True,True,True,True,5
ID_HGN3HOVW,sexual_violence,True,True,True,True,True,5
ID_HGP34MDJ,sexual_violence,True,True,True,True,True,5
ID_HGQ953H4,sexual_violence,True,True,True,True,True,5
ID_HGS89838,Physical_violence,True,True,True,True,True,5
ID_HGSNKBGO,sexual_violence,True,True,True,True,True,5
ID_HGZWE96T,sexual_violence,True,True,True,True,True,5
ID_HH0QDQUH,emotional_violence,True,True,True,True,True,5
ID_HH12T9C9,sexual_violence,True,True,True,True,True,5
ID_HH9IJOBQ,sexual_violence,True,True,True,True,True,5
ID_HHBTQWJ1,sexual_violence,True,True,True,True,True,5
ID_HHKGU2IZ,sexual_violence,True,True,True,True,True,5
ID_HHN43128,sexual_violence,True,True,True,True,True,5
ID_HHRICY9A,sexual_violence,True,True,True,True,True,5
ID_HHS7AML6,sexual_violence,True,True,True,True,True,5
ID_HHV7Z4D0,Physical_violence,True,True,True,True,True,5
ID_HHVV01EK,sexual_violence,True,True,True,True,True,5
ID_HHXMYPD1,sexual_violence,True,True,True,True,True,5
ID_HI1BPH61,sexual_violence,True,True,True,True,True,5
ID_HI5U32ZU,sexual_violence,True,True,True,True,True,5
ID_HI6VYJ2S,sexual_violence,True,True,True,True,True,5
ID_HICQDT4P,sexual_violence,True,True,True,True,True,5
ID_HIGGRAF9,Physical_violence,True,True,True,True,True,5
ID_HIHH7F2Z,sexual_violence,True,True,True,True,True,5
ID_HIVP7G5G,sexual_violence,True,True,True,True,True,5
ID_HJ1BXR7B,sexual_violence,True,True,True,True,True,5
ID_HJ3IQUIA,sexual_violence,True,True,True,True,True,5
ID_HJA96XOX,Physical_violence,True,True,True,True,True,5
ID_HJK3IKSP,sexual_violence,True,True,True,True,True,5
ID_HJVEUEKX,sexual_violence,True,True,True,True,True,5
ID_HK4OTLND,sexual_violence,True,True,True,True,True,5
ID_HK5GXKZS,sexual_violence,True,True,True,True,True,5
ID_HK9LWUUB,sexual_violence,True,True,True,True,True,5
ID_HKK62Y0Q,sexual_violence,True,True,True,True,True,5
ID_HKM628P6,sexual_violence,True,True,True,True,True,5
ID_HKN26OQG,sexual_violence,True,True,True,True,True,5
ID_HKN543VE,sexual_violence,True,True,True,True,True,5
ID_HKN8CMPD,emotional_violence,True,True,True,True,True,5
ID_HKUMLX7I,sexual_violence,True,True,True,True,True,5
ID_HKY65IY5,sexual_violence,True,True,True,True,True,5
ID_HL68E0VN,Physical_violence,True,True,True,True,True,5
ID_HL8JUWDG,sexual_violence,True,True,True,True,True,5
ID_HLP98O5O,sexual_violence,True,True,True,True,True,5
ID_HLUEJC5U,sexual_violence,True,True,True,True,True,5
ID_HLWAGWOI,sexual_violence,True,True,True,True,True,5
ID_HLWY2PRW,sexual_violence,True,True,True,True,True,5
ID_HM90AMEL,Physical_violence,True,True,True,True,True,5
ID_HNCMJWB1,sexual_violence,True,True,True,True,True,5
ID_HNDKRTFQ,Harmful_Traditional_practice,True,True,True,True,True,5
ID_HNE65XVQ,Physical_violence,True,True,True,True,True,5
ID_HNHKYKSS,Physical_violence,True,True,True,True,True,5
ID_HNJUAEPJ,sexual_violence,True,True,True,True,True,5
ID_HNS8NANJ,sexual_violence,True,True,True,True,True,5
ID_HO12RPYY,sexual_violence,True,True,True,True,True,5
ID_HO4SG670,sexual_violence,True,True,True,True,True,5
ID_HOCDCJO8,sexual_violence,True,True,True,True,True,5
ID_HOE6GVTR,sexual_violence,True,True,True,True,True,5
ID_HOJM5Q7K,sexual_violence,True,True,True,True,True,5
ID_HOQEIPZU,sexual_violence,True,True,True,True,True,5
ID_HOR5FVWA,sexual_violence,True,True,True,True,True,5
ID_HOSQRRYV,sexual_violence,True,True,True,True,True,5
ID_HOVQIWS5,sexual_violence,True,True,True,True,True,5
ID_HP2UHB2D,sexual_violence,True,True,True,True,True,5
ID_HP9ZJUM6,sexual_violence,True,True,True,True,True,5
ID_HPKVINH6,sexual_violence,True,True,True,True,True,5
ID_HPSN5FOE,sexual_violence,True,True,True,True,True,5
ID_HQGQSEPI,sexual_violence,True,True,True,True,True,5
ID_HQLFZO9T,sexual_violence,True,True,True,True,True,5
ID_HQYG8ECZ,emotional_violence,True,True,True,True,True,5
ID_HR9Z066K,sexual_violence,True,True,True,True,True,5
ID_HRE3WOHC,Physical_violence,True,True,True,True,True,5
ID_HRM7HLJ5,sexual_violence,True,True,True,True,True,5
ID_HRNM374E,sexual_violence,True,True,True,True,True,5
ID_HRQVO2RI,sexual_violence,True,True,True,True,True,5
ID_HS4Y1EZ2,sexual_violence,True,True,True,True,True,5
ID_HS5QLIDA,sexual_violence,True,True,True,True,True,5
ID_HSE833OY,sexual_violence,True,True,True,True,True,5
ID_HSJOM58Q,sexual_violence,True,True,True,True,True,5
ID_HST6SPXX,sexual_violence,True,True,True,True,True,5
ID_HTHTLIQ6,sexual_violence,True,True,True,True,True,5
ID_HTMJBXWC,sexual_violence,True,True,True,True,True,5
ID_HTQU7J06,sexual_violence,True,True,True,True,True,5
ID_HTWS1GUH,sexual_violence,True,True,True,True,True,5
ID_HU91D0RY,sexual_violence,True,True,True,True,True,5
ID_HU9WU9L6,sexual_violence,True,True,True,True,True,5
ID_HUBA693Q,sexual_violence,True,True,True,True,True,5
ID_HUIDWQBA,Physical_violence,True,True,True,True,True,5
ID_HUO88XGW,emotional_violence,True,True,True,True,True,5
ID_HUQCEWL2,sexual_violence,True,True,True,True,True,5
ID_HURKQWF0,sexual_violence,True,True,True,True,True,5
ID_HUX3J27N,Harmful_Traditional_practice,True,False,True,True,True,4
ID_HUZL8Z75,sexual_violence,True,True,True,True,True,5
ID_HV0NSV1O,sexual_violence,True,True,True,True,True,5
ID_HV1OKBHR,sexual_violence,True,True,True,True,True,5
ID_HV2TNTGL,sexual_violence,True,True,True,True,True,5
ID_HV57KSBM,sexual_violence,True,True,True,True,True,5
ID_HV7GQQAY,sexual_violence,True,True,True,True,True,5
ID_HV9Z29VN,sexual_violence,True,True,True,True,True,5
ID_HVAFHCT2,sexual_violence,True,True,True,True,True,5
ID_HW62CYUR,sexual_violence,True,True,True,True,True,5
ID_HW927F8B,sexual_violence,True,True,True,True,True,5
ID_HWDALA5R,Physical_violence,True,True,True,True,True,5
ID_HWZB7BZL,sexual_violence,True,True,True,True,True,5
ID_HX0QFAIW,sexual_violence,True,True,True,True,True,5
ID_HXAGQ5MQ,sexual_violence,True,True,True,True,True,5
ID_HXASRR63,sexual_violence,True,True,True,True,True,5
ID_HXCBCXZX,sexual_violence,True,True,True,True,True,5
ID_HXKD9C1E,sexual_violence,True,True,True,True,True,5
ID_HXM508B8,sexual_violence,True,True,True,True,True,5
ID_HXOB8K9X,sexual_violence,True,True,True,True,True,5
ID_HXODUFG8,sexual_violence,True,True,True,True,True,5
ID_HXOVY5GY,sexual_violence,True,True,True,True,True,5
ID_HY0IHELO,sexual_violence,True,True,True,True,True,5
ID_HY1LQV85,sexual_violence,True,True,True,True,True,5
ID_HY3JFCIQ,sexual_violence,True,True,True,True,True,5
ID_HYHFRLQA,sexual_violence,True,True,True,True,True,5
ID_HYL8GZL2,sexual_violence,True,True,True,True,True,5
ID_HZ1YBM09,emotional_violence,True,True,True,True,True,5
ID_HZ81GE8G,sexual_violence,True,True,True,True,True,5
ID_HZAC02CG,sexual_violence,True,True,True,True,True,5
ID_HZH6SBUZ,sexual_violence,True,True,True,True,True,5
ID_HZVW1TJ2,sexual_violence,True,True,True,True,True,5
ID_HZWI1QQ5,sexual_violence,True,True,True,True,True,5
ID_HZWPJJK7,sexual_violence,True,True,True,True,True,5
ID_I04Y2IEM,sexual_violence,True,True,True,True,True,5
ID_I16E6F2H,sexual_violence,True,True,True,True,True,5
ID_I1BH0WQQ,sexual_violence,True,True,True,True,True,5
ID_I1S1BKMZ,sexual_violence,True,True,True,True,True,5
ID_I2000I81,Physical_violence,True,True,True,True,True,5
ID_I20ADQGA,Physical_violence,True,True,True,True,True,5
ID_I222539E,sexual_violence,True,True,True,True,True,5
ID_I24B8PI7,sexual_violence,True,True,True,True,True,5
ID_I28Q969Q,sexual_violence,True,True,True,True,True,5
ID_I2AF3TE3,sexual_violence,True,True,True,True,True,5
ID_I2HUBZPM,sexual_violence,True,True,True,True,True,5
ID_I2JQLKG8,sexual_violence,True,True,True,True,True,5
ID_I2N45ZY9,sexual_violence,True,True,True,True,True,5
ID_I2PDJ9Z7,sexual_violence,True,True,True,True,True,5
ID_I2UTFLLX,sexual_violence,True,True,True,True,True,5
ID_I2WAIZFW,sexual_violence,True,True,True,True,True,5
ID_I2WV3UWL,sexual_violence,True,True,True,True,True,5
ID_I2XQ5DFQ,sexual_violence,True,True,True,True,True,5
ID_I32U8EJ8,sexual_violence,True,True,True,True,True,5
ID_I32YG15Y,Physical_violence,True,True,True,True,True,5
ID_I37028JS,sexual_violence,True,True,True,True,True,5
ID_I37NFKYN,sexual_violence,True,True,True,True,True,5
ID_I3BQR98V,sexual_violence,True,True,True,True,True,5
ID_I3FFSXCV,Physical_violence,True,True,True,True,True,5
ID_I3GDQTRW,sexual_violence,True,True,True,True,True,5
ID_I3XLRN6T,Physical_violence,True,True,True,True,True,5
ID_I4133USS,sexual_violence,True,True,True,True,True,5
ID_I42R2DHB,sexual_violence,True,True,True,True,True,5
ID_I47FCH3R,sexual_violence,True,True,True,True,True,5
ID_I4CBDCPA,sexual_violence,True,True,True,True,True,5
ID_I4G3KAZB,sexual_violence,True,True,True,True,True,5
ID_I4MNWFLA,Physical_violence,True,True,True,True,True,5
ID_I4WKP4WY,sexual_violence,True,True,True,True,True,5
ID_I4XMZBXT,sexual_violence,True,True,True,True,True,5
ID_I51VTJVQ,sexual_violence,True,True,True,True,True,5
ID_I55ZCQIG,sexual_violence,True,True,True,True,True,5
ID_I56L9E7U,Physical_violence,True,True,True,True,True,5
ID_I5A2Q5KW,sexual_violence,True,True,True,True,True,5
ID_I5AN63FQ,sexual_violence,True,True,True,True,True,5
ID_I5BLVU5Z,sexual_violence,True,True,True,True,True,5
ID_I5Z6O9UF,sexual_violence,True,True,True,True,True,5
ID_I68UEZ6X,sexual_violence,True,True,True,True,True,5
ID_I6LWNG6A,sexual_violence,True,True,True,True,True,5
ID_I6RNWUSJ,sexual_violence,True,True,True,True,True,5
ID_I6SYX3JV,sexual_violence,True,True,True,True,True,5
ID_I6VM12QZ,sexual_violence,True,True,True,True,True,5
ID_I78HI1WM,Physical_violence,True,True,True,True,True,5
ID_I796ORPF,sexual_violence,True,True,True,True,True,5
ID_I7AHW8VW,sexual_violence,True,True,True,True,True,5
ID_I7BB3XEH,sexual_violence,True,True,True,True,True,5
ID_I7F7N317,sexual_violence,True,True,True,True,True,5
ID_I7JCTK6X,sexual_violence,True,True,True,True,True,5
ID_I7KUTETA,sexual_violence,True,True,True,True,True,5
ID_I7KX33JP,sexual_violence,True,True,True,True,True,5
ID_I7XJ2TC4,Physical_violence,True,True,True,True,True,5
ID_I81L5QUV,sexual_violence,True,True,True,True,True,5
ID_I8G3EQ1N,sexual_violence,True,True,True,True,True,5
ID_I8L4XVG8,sexual_violence,True,True,True,True,True,5
ID_I8L8LYRT,sexual_violence,True,True,True,True,True,5
ID_I8MUB19I,Physical_violence,True,True,True,True,True,5
ID_I8SVUBPK,sexual_violence,True,True,True,True,True,5
ID_I985IYQ2,sexual_violence,True,True,True,True,True,5
ID_I9E7FOVE,sexual_violence,True,True,True,True,True,5
ID_I9FFIDHV,Physical_violence,True,True,True,True,True,5
ID_I9H8A8LB,emotional_violence,True,True,True,False,True,4
ID_I9LJKAUV,sexual_violence,True,True,True,True,True,5
ID_I9LPT2RB,sexual_violence,True,True,True,True,True,5
ID_IA066GBF,sexual_violence,True,True,True,True,True,5
ID_IA3W4O4O,sexual_violence,True,True,True,True,True,5
ID_IAEHNBQR,sexual_violence,True,True,True,True,True,5
ID_IAFYYN18,sexual_violence,True,True,True,True,True,5
ID_IALAX9BT,emotional_violence,True,True,True,True,True,5
ID_IANQGCNX,sexual_violence,True,True,True,True,True,5
ID_IAQD1VS7,sexual_violence,True,True,True,True,True,5
ID_IAV2JJ3U,sexual_violence,True,True,True,True,True,5
ID_IB3RDQIY,sexual_violence,True,True,True,True,True,5
ID_IB7UEMYA,sexual_violence,True,True,True,True,True,5
ID_IB88LVGK,sexual_violence,True,True,True,True,True,5
ID_IBDWLFDO,sexual_violence,True,True,True,True,True,5
ID_IBKONKA6,sexual_violence,True,True,True,True,True,5
ID_IBMGHGIU,sexual_violence,True,True,True,True,True,5
ID_IBMIBW6I,sexual_violence,True,True,True,True,True,5
ID_IC2GLAOX,sexual_violence,True,True,True,True,True,5
ID_IC6SGE6M,sexual_violence,True,True,True,True,True,5
ID_IC7DH0RB,sexual_violence,True,True,True,True,True,5
ID_ICAW9DT3,sexual_violence,True,True,True,True,True,5
ID_ICGK82P9,sexual_violence,True,True,True,True,True,5
ID_ICNLCT1Q,sexual_violence,True,True,True,True,True,5
ID_ICRHK6B9,sexual_violence,True,True,True,True,True,5
ID_ID13XDT4,sexual_violence,True,True,True,True,True,5
ID_IDBKZYZ5,sexual_violence,True,True,True,True,True,5
ID_IDEPOX2E,sexual_violence,True,True,True,True,True,5
ID_IDIQQ1PY,sexual_violence,True,True,True,True,True,5
ID_IDITMITC,sexual_violence,True,True,True,True,True,5
ID_IDOXUKGS,sexual_violence,True,True,True,True,True,5
ID_IDW2JRL4,sexual_violence,True,True,True,True,True,5
ID_IDZI9LWM,sexual_violence,True,True,True,True,True,5
ID_IE52NUYW,sexual_violence,True,True,True,True,True,5
ID_IE5U4LE3,emotional_violence,True,True,True,True,True,5
ID_IEFJV0H8,sexual_violence,True,True,True,True,True,5
ID_IEGQ8Q3E,sexual_violence,True,True,True,True,True,5
ID_IESHNSSE,sexual_violence,True,True,True,True,True,5
ID_IEYUMY1Q,Physical_violence,True,True,True,True,True,5
ID_IF5D4DFK,sexual_violence,True,True,True,True,True,5
ID_IF95VKFI,sexual_violence,True,True,True,True,True,5
ID_IF9L2JJH,sexual_violence,True,True,True,True,True,5
ID_IFHLXTTP,sexual_violence,True,True,True,True,True,5
ID_IFQ0JK6P,sexual_violence,True,True,True,True,True,5
ID_IFRGPZ69,sexual_violence,True,True,True,True,True,5
ID_IFYR5HYX,sexual_violence,True,True,True,True,True,5
ID_IGO9WHDV,sexual_violence,True,True,True,True,True,5
ID_IGPARYO4,sexual_violence,True,True,True,True,True,5
ID_IGZSINE7,sexual_violence,True,True,True,True,True,5
ID_IH1TCHW7,sexual_violence,True,True,True,True,True,5
ID_IH3HYHP4,Harmful_Traditional_practice,True,True,True,True,True,5
ID_IHBXM56O,sexual_violence,True,True,True,True,True,5
ID_IHC1V17O,sexual_violence,True,True,True,True,True,5
ID_IHGVXZNW,sexual_violence,True,True,True,True,True,5
ID_IHRTMHL7,sexual_violence,True,True,True,True,True,5
ID_IHWAUM83,sexual_violence,True,True,True,True,True,5
ID_II1FRGDO,sexual_violence,True,True,True,True,True,5
ID_II40UXWQ,sexual_violence,True,True,True,True,True,5
ID_II54N4IK,Physical_violence,True,True,True,True,True,5
ID_II8CIQVO,Physical_violence,True,True,True,True,True,5
ID_II9FPW13,sexual_violence,True,True,True,True,True,5
ID_IIGZNOX4,sexual_violence,True,True,True,True,True,5
ID_IIH9ONNT,sexual_violence,True,True,True,True,True,5
ID_IILXIJ5U,Physical_violence,True,True,True,True,True,5
ID_IIP8H7QU,sexual_violence,True,True,True,True,True,5
ID_IIQVJN4E,sexual_violence,True,True,True,True,True,5
ID_IIR8BU31,sexual_violence,True,True,True,True,True,5
ID_IIRLEDI9,sexual_violence,True,True,True,True,True,5
ID_IIT72OKR,sexual_violence,True,True,True,True,True,5
ID_IIV7CAYL,sexual_violence,True,True,True,True,True,5
ID_IJ6Y4MQA,sexual_violence,True,True,True,True,True,5
ID_IJC0S44N,Physical_violence,True,True,True,True,True,5
ID_IJJU0AMV,sexual_violence,True,True,True,True,True,5
ID_IJKXL0LF,sexual_violence,True,True,True,True,True,5
ID_IJUR0ZCD,sexual_violence,True,True,True,True,True,5
ID_IJX4389J,sexual_violence,True,True,True,True,True,5
ID_IK4TG7AR,sexual_violence,True,True,True,True,True,5
ID_IK5QAWSG,sexual_violence,True,True,True,True,True,5
ID_IK7QG1OT,sexual_violence,True,True,True,True,True,5
ID_IKHDPRTX,sexual_violence,True,True,True,True,True,5
ID_IKJC3I36,sexual_violence,True,True,True,True,True,5
ID_IKL9CW96,Physical_violence,True,True,True,True,True,5
ID_IKYWA8QO,sexual_violence,True,True,True,True,True,5
ID_IL1W9XGW,Physical_violence,True,True,True,True,True,5
ID_IL96Y8WK,sexual_violence,True,True,True,True,True,5
ID_ILM7Q89A,sexual_violence,True,True,True,True,True,5
ID_ILU5DVMS,Physical_violence,True,True,True,True,True,5
ID_ILWC5U02,sexual_violence,True,True,True,True,True,5
ID_ILYEB3TL,sexual_violence,True,True,True,True,True,5
ID_ILZ1EEUO,Physical_violence,True,True,True,True,True,5
ID_IM8EG1RP,sexual_violence,True,True,True,True,True,5
ID_IMANCATA,sexual_violence,True,True,True,True,True,5
ID_IMAYNU81,sexual_violence,True,True,True,True,True,5
ID_IMBHUWI0,sexual_violence,True,True,True,True,True,5
ID_IMJ0QPBA,sexual_violence,True,True,True,True,True,5
ID_IMRMHELA,Physical_violence,True,True,True,True,True,5
ID_IMTUQIT5,sexual_violence,True,True,True,True,True,5
ID_IMXH1EXX,sexual_violence,True,True,True,True,True,5
ID_IMXL3S12,Physical_violence,True,True,True,True,True,5
ID_IMXPIQYY,sexual_violence,True,True,True,True,True,5
ID_IMXWDOYU,sexual_violence,True,True,True,True,True,5
ID_IMZ3IDGW,Physical_violence,True,True,True,True,True,5
ID_IN2791GU,sexual_violence,True,True,True,True,True,5
ID_IN359HUY,sexual_violence,True,True,True,True,True,5
ID_INBVXDA6,sexual_violence,True,True,True,True,True,5
ID_INGLPSFD,sexual_violence,True,True,True,True,True,5
ID_INKUX411,sexual_violence,True,True,True,True,True,5
ID_INPN5ENB,sexual_violence,True,True,True,True,True,5
ID_INY4CMDU,sexual_violence,True,True,True,True,True,5
ID_IO0EH1KC,sexual_violence,True,True,True,True,True,5
ID_IO9BHZYV,Physical_violence,True,True,True,True,True,5
ID_IOAD7T7E,sexual_violence,True,True,True,True,True,5
ID_IOJEG9Z9,sexual_violence,True,True,True,True,True,5
ID_IOPP63Z9,sexual_violence,True,True,True,True,True,5
ID_IOYAQRJQ,sexual_violence,True,True,True,True,True,5
ID_IP0X5H6T,sexual_violence,True,True,True,False,True,4
ID_IPH3FOGZ,Physical_violence,True,True,True,True,True,5
ID_IPLSUJVV,sexual_violence,True,True,True,True,True,5
ID_IPP9RLWU,sexual_violence,True,True,True,True,True,5
ID_IPR9VT7L,Physical_violence,True,True,True,True,True,5
ID_IPX3RJK8,sexual_violence,True,True,True,True,True,5
ID_IPXI35JJ,sexual_violence,True,True,True,True,True,5
ID_IQ528JHD,sexual_violence,True,True,True,True,True,5
ID_IQ5WKEXG,sexual_violence,True,True,True,True,True,5
ID_IQ6BJP1M,sexual_violence,True,True,True,True,True,5
ID_IQGPKGSX,Physical_violence,True,True,True,True,True,5
ID_IQOZ5ACM,sexual_violence,True,True,True,True,True,5
ID_IQQP0O7J,Physical_violence,True,True,True,True,True,5
ID_IQZXP285,sexual_violence,True,True,True,True,True,5
ID_IR35NWMB,sexual_violence,True,True,True,True,True,5
ID_IR6YVYPX,sexual_violence,True,True,True,True,True,5
ID_IRA85QS0,sexual_violence,True,True,True,True,True,5
ID_IRBLWYUW,sexual_violence,True,True,True,True,True,5
ID_IRE24RUC,Physical_violence,True,True,True,True,True,5
ID_IRECRS3V,sexual_violence,True,True,True,True,True,5
ID_IRHFWHVI,sexual_violence,True,True,True,True,True,5
ID_IRIW8HSZ,sexual_violence,True,True,True,True,True,5
ID_IRTKJ7VK,sexual_violence,True,True,True,True,True,5
ID_IRUQBAKZ,sexual_violence,True,True,True,True,True,5
ID_IRXUVRFH,sexual_violence,True,True,True,True,True,5
ID_IS3TFQMG,sexual_violence,True,True,True,True,True,5
ID_ISANLQ6Z,sexual_violence,True,True,True,True,True,5
ID_ISCEDBZZ,Physical_violence,True,True,True,True,True,5
ID_IT10LTPM,sexual_violence,True,True,True,True,True,5
ID_IT2IVIUM,Physical_violence,True,True,True,True,True,5
ID_IT3EO1B7,sexual_violence,True,True,True,True,True,5
ID_IT46FIH8,sexual_violence,True,True,True,True,True,5
ID_IT978P5J,sexual_violence,True,True,True,True,True,5
ID_ITG6VQ00,Physical_violence,True,True,True,True,True,5
ID_ITLULZYX,sexual_violence,True,True,True,True,True,5
ID_ITPZNFPG,sexual_violence,True,True,True,True,True,5
ID_ITQVABH8,sexual_violence,True,True,True,True,True,5
ID_IU188HDZ,sexual_violence,True,True,True,True,True,5
ID_IU89SGOU,sexual_violence,True,True,True,True,True,5
ID_IU97LXTC,sexual_violence,True,True,True,True,True,5
ID_IU9K13TC,sexual_violence,True,True,True,True,True,5
ID_IUF9UOKO,sexual_violence,True,True,True,True,True,5
ID_IUNMFYMW,sexual_violence,True,True,True,True,True,5
ID_IUNVBJPS,sexual_violence,True,True,True,True,True,5
ID_IUP52YBC,sexual_violence,True,True,True,True,True,5
ID_IUSZHCRV,sexual_violence,True,True,True,True,True,5
ID_IUXP0B84,sexual_violence,True,True,True,True,True,5
ID_IUYMKQVQ,sexual_violence,True,True,True,True,True,5
ID_IV20C03L,sexual_violence,True,True,True,True,True,5
ID_IV4GY310,sexual_violence,True,True,True,True,True,5
ID_IV4N68RE,sexual_violence,True,True,True,True,True,5
ID_IVCNJCFK,sexual_violence,True,True,True,True,True,5
ID_IWCEBM6X,sexual_violence,True,True,True,True,True,5
ID_IWHYZRTL,Physical_violence,True,True,True,True,True,5
ID_IWIHRVN7,sexual_violence,True,True,True,True,True,5
ID_IWS8X2NC,emotional_violence,True,True,True,True,True,5
ID_IWU09E4M,sexual_violence,True,True,True,True,True,5
ID_IX4625NU,sexual_violence,True,True,True,True,True,5
ID_IX6A3RVC,sexual_violence,True,True,True,True,True,5
ID_IX84E874,Physical_violence,True,True,True,True,True,5
ID_IXMX7T4J,Physical_violence,True,True,True,True,True,5
ID_IXOTJH6N,sexual_violence,True,True,True,True,True,5
ID_IXQHSLM7,sexual_violence,True,True,True,True,True,5
ID_IXTMX5ZH,sexual_violence,True,True,True,True,True,5
ID_IXV313IR,sexual_violence,True,True,True,True,True,5
ID_IY5G4QRB,sexual_violence,True,True,True,True,True,5
ID_IY6Z3LX6,sexual_violence,True,True,True,True,True,5
ID_IYC5VB5D,Physical_violence,True,True,True,True,True,5
ID_IYLVSGJ9,sexual_violence,True,True,True,True,True,5
ID_IZ2OB51K,Physical_violence,True,True,True,True,True,5
ID_IZ4MRYWR,Physical_violence,True,True,True,True,True,5
ID_IZM9JODC,sexual_violence,True,True,True,True,True,5
ID_IZQ36W4C,sexual_violence,True,True,True,True,True,5
ID_IZT7TWAX,sexual_violence,True,True,True,True,True,5
ID_IZU36B79,sexual_violence,True,True,True,True,True,5
ID_IZYVCNSZ,sexual_violence,True,True,True,True,True,5
ID_J01CRIR2,sexual_violence,True,True,True,True,True,5
ID_J02R53PI,sexual_violence,True,True,True,True,True,5
ID_J02WBD5K,economic_violence,True,False,True,True,True,4
ID_J03QJS7R,sexual_violence,True,True,True,True,True,5
ID_J09KD63K,emotional_violence,True,True,True,True,True,5
ID_J0CE3OKR,sexual_violence,True,True,True,True,True,5
ID_J0F3556V,sexual_violence,True,True,True,True,True,5
ID_J0FU02BB,sexual_violence,True,True,True,True,True,5
ID_J0JHOPBP,sexual_violence,True,True,True,True,True,5
ID_J0PXCKRC,sexual_violence,True,True,True,True,True,5
ID_J143I905,sexual_violence,True,True,True,True,True,5
ID_J18MNX32,Physical_violence,True,True,True,True,True,5
ID_J19IPTRO,sexual_violence,True,True,True,True,True,5
ID_J19L3OYS,sexual_violence,True,True,True,True,True,5
ID_J1GJJ16Z,Physical_violence,True,True,True,True,True,5
ID_J1J3NZ9Q,sexual_violence,True,True,True,True,True,5
ID_J1SK446R,sexual_violence,True,True,True,True,True,5
ID_J22X07BN,sexual_violence,True,True,True,True,True,5
ID_J24LSM66,Physical_violence,True,True,True,True,True,5
ID_J2AAHB4N,sexual_violence,True,True,True,True,True,5
ID_J2AJ7J3K,sexual_violence,True,True,True,True,True,5
ID_J2TA6O9K,sexual_violence,True,True,True,True,True,5
ID_J2ZI6GE0,sexual_violence,True,True,True,True,True,5
ID_J30S4UZQ,sexual_violence,True,True,True,True,True,5
ID_J3D5SMPR,sexual_violence,True,True,True,True,True,5
ID_J3G8JGSF,sexual_violence,True,True,True,True,True,5
ID_J3K64WVS,sexual_violence,True,True,True,True,True,5
ID_J3MH3OEF,sexual_violence,True,True,True,True,True,5
ID_J3VSKK36,sexual_violence,True,True,True,True,True,5
ID_J3WNJMGR,sexual_violence,True,True,True,True,True,5
ID_J407PL14,Physical_violence,True,True,True,True,True,5
ID_J48XZEWX,Physical_violence,True,True,True,True,True,5
ID_J583FDKQ,sexual_violence,True,True,True,True,True,5
ID_J5NCFVK7,sexual_violence,True,True,True,True,True,5
ID_J5Q8OO0S,sexual_violence,True,True,True,True,True,5
ID_J624LUEU,sexual_violence,True,True,True,True,True,5
ID_J67008AT,sexual_violence,True,True,True,True,True,5
ID_J67WCT1I,sexual_violence,True,True,True,True,True,5
ID_J6G0YE2D,Physical_violence,True,True,True,True,True,5
ID_J6ZKVCB3,sexual_violence,True,True,True,True,True,5
ID_J72KRPY4,sexual_violence,True,True,True,True,True,5
ID_J7MZKSAP,Physical_violence,True,True,True,True,True,5
ID_J7PR9AZY,sexual_violence,True,True,True,True,True,5
ID_J7WIXPC4,Physical_violence,True,True,True,True,True,5
ID_J7XEPJUJ,sexual_violence,True,True,True,True,True,5
ID_J8AJAQJJ,sexual_violence,True,True,True,True,True,5
ID_J8CNS01T,sexual_violence,True,True,True,True,True,5
ID_J8HTJ0FJ,sexual_violence,True,True,True,True,True,5
ID_J8J9WZ9R,sexual_violence,True,True,True,True,True,5
ID_J8VAEB53,sexual_violence,True,True,True,True,True,5
ID_J8X8RCFA,sexual_violence,True,True,True,True,True,5
ID_J8YL9K9T,sexual_violence,True,True,True,True,True,5
ID_J950F8N6,sexual_violence,True,True,True,True,True,5
ID_J95USNQ9,sexual_violence,True,True,True,True,True,5
ID_J99GW8TV,sexual_violence,True,True,True,True,True,5
ID_J9FO05UA,Physical_violence,True,True,True,True,True,5
ID_J9I8T4JJ,Physical_violence,True,True,True,True,True,5
ID_J9O1N4GP,sexual_violence,True,True,True,True,True,5
ID_J9R86PJI,Physical_violence,True,True,True,True,True,5
ID_J9U8B2YC,sexual_violence,True,True,True,True,True,5
ID_J9VZWUPR,sexual_violence,True,True,True,True,True,5
ID_JA749O6Y,sexual_violence,True,True,True,True,True,5
ID_JB0B33YB,Physical_violence,True,True,True,True,True,5
ID_JB0GK34L,sexual_violence,True,True,True,True,True,5
ID_JB5T7V1C,sexual_violence,True,True,True,True,True,5
ID_JBA8RSEM,sexual_violence,True,True,True,True,True,5
ID_JBG4H72M,sexual_violence,True,True,True,True,True,5
ID_JBHANH13,sexual_violence,True,True,True,True,True,5
ID_JBLL5W8P,sexual_violence,True,True,True,True,True,5
ID_JCCD4XE7,Physical_violence,True,True,True,True,True,5
ID_JCCVHWLV,sexual_violence,True,True,True,True,True,5
ID_JCG69Y77,sexual_violence,True,True,True,True,True,5
ID_JCQDWCRU,sexual_violence,True,True,True,True,True,5
ID_JCS9GNIF,sexual_violence,True,True,True,True,True,5
ID_JD5XUZJO,Physical_violence,True,True,True,True,True,5
ID_JDCUYE2J,sexual_violence,True,True,True,True,True,5
ID_JDEF6BW9,sexual_violence,True,True,True,True,True,5
ID_JDGTBWXA,sexual_violence,True,True,True,True,True,5
ID_JE4VJ7D9,sexual_violence,True,True,True,True,True,5
ID_JE6OVMKP,sexual_violence,True,True,True,True,True,5
ID_JE6UC8ZF,sexual_violence,True,True,True,True,True,5
ID_JE9Y8VAF,sexual_violence,True,True,True,True,True,5
ID_JEGDW3N8,sexual_violence,True,True,True,True,True,5
ID_JEJWKFG1,Physical_violence,True,True,True,True,True,5
ID_JEPLW0DG,Physical_violence,True,True,True,True,True,5
ID_JETC0QC0,Physical_violence,True,True,True,True,True,5
ID_JEZRTJZA,sexual_violence,True,True,True,True,True,5
ID_JFB8D3ZO,sexual_violence,True,True,True,True,True,5
ID_JFH777KT,Physical_violence,True,True,True,True,True,5
ID_JFLR3JJ2,sexual_violence,True,True,True,True,True,5
ID_JFONBFXJ,sexual_violence,True,True,True,True,True,5
ID_JFT6SU6U,sexual_violence,True,True,True,True,True,5
ID_JFVDEIF9,sexual_violence,True,True,True,True,True,5
ID_JFW9OA7M,sexual_violence,True,True,True,True,True,5
ID_JFXPV83S,Physical_violence,True,True,True,True,True,5
ID_JG1HYQTF,sexual_violence,True,True,True,True,True,5
ID_JG5CUB3R,sexual_violence,True,True,True,True,True,5
ID_JGDW9ISR,sexual_violence,True,True,True,True,True,5
ID_JGQHMG20,Physical_violence,True,True,True,True,True,5
ID_JGRSS30N,Physical_violence,True,True,True,True,True,5
ID_JGXOQ1YS,sexual_violence,True,True,True,True,True,5
ID_JGZ9CVMJ,sexual_violence,True,True,True,True,True,5
ID_JH1K5LE8,emotional_violence,True,True,True,True,True,5
ID_JHAY0668,Physical_violence,True,True,True,True,True,5
ID_JHPQZS31,sexual_violence,True,True,True,True,True,5
ID_JHQ23DL3,sexual_violence,True,True,True,True,True,5
ID_JHVRZB2U,Physical_violence,True,True,True,True,True,5
ID_JI7I5FCL,sexual_violence,True,True,True,True,True,5
ID_JI8YUTID,sexual_violence,True,True,True,True,True,5
ID_JI9RIQNO,sexual_violence,True,True,True,True,True,5
ID_JIAURDBV,Harmful_Traditional_practice,True,True,True,True,True,5
ID_JIDRNIGO,Harmful_Traditional_practice,True,True,True,False,True,4
ID_JIIGVL93,Physical_violence,True,True,True,True,True,5
ID_JIJPD55X,sexual_violence,True,True,True,True,True,5
ID_JIQOBVOX,sexual_violence,True,True,True,True,True,5
ID_JJ0IASEA,sexual_violence,True,True,True,True,True,5
ID_JJ3LU6WO,sexual_violence,True,True,True,True,True,5
ID_JJ4QIAAO,sexual_violence,True,True,True,True,True,5
ID_JJBOTCIA,sexual_violence,True,True,True,True,True,5
ID_JJJIFSKW,emotional_violence,True,True,True,True,True,5
ID_JK6TXR24,Physical_violence,True,True,True,True,True,5
ID_JKAK7R6V,sexual_violence,True,True,True,True,True,5
ID_JKAO6MPN,sexual_violence,True,True,True,True,True,5
ID_JKEZ3WCN,sexual_violence,True,True,True,True,True,5
ID_JKGGPL8Z,sexual_violence,True,True,True,True,True,5
ID_JKHHSVGY,sexual_violence,True,True,True,True,True,5
ID_JKHVF4GH,emotional_violence,True,True,True,True,True,5
ID_JKSZK7X7,sexual_violence,True,True,True,True,True,5
ID_JL5DBM3I,sexual_violence,True,True,True,True,True,5
ID_JL5V51K4,sexual_violence,True,True,True,True,True,5
ID_JL88APQX,sexual_violence,True,True,True,True,True,5
ID_JLDA7XPA,sexual_violence,True,True,True,True,True,5
ID_JLF8G6JS,sexual_violence,True,True,True,True,True,5
ID_JLJRJGB1,sexual_violence,True,True,True,True,True,5
ID_JLKBS59T,sexual_violence,False,True,True,True,True,4
ID_JLLZGXCD,sexual_violence,True,True,True,True,True,5
ID_JM0UOBIV,sexual_violence,True,True,True,True,True,5
ID_JM1KKBCJ,sexual_violence,True,True,True,True,True,5
ID_JM9GFPBI,sexual_violence,True,True,True,True,True,5
ID_JMCHNCHG,sexual_violence,True,True,True,True,True,5
ID_JMNGTSSD,sexual_violence,True,True,True,True,True,5
ID_JMQHKHYG,sexual_violence,True,True,True,True,True,5
ID_JMSSR9BJ,sexual_violence,True,True,True,True,True,5
ID_JMTOP4KF,sexual_violence,True,True,True,True,True,5
ID_JMW8D3JY,sexual_violence,True,True,True,True,True,5
ID_JMWC4TYA,Physical_violence,True,True,True,True,True,5
ID_JMZB7MRW,sexual_violence,True,True,True,True,True,5
ID_JN4KE72X,Physical_violence,True,True,True,True,True,5
ID_JNO6G6R7,sexual_violence,True,True,True,True,True,5
ID_JNP98DPY,sexual_violence,True,True,True,True,True,5
ID_JO50S2GV,sexual_violence,True,True,True,True,True,5
ID_JOIF5V0J,Physical_violence,True,True,True,True,True,5
ID_JOQS4XIE,sexual_violence,True,True,True,True,True,5
ID_JOZKSO6X,sexual_violence,True,True,True,True,True,5
ID_JP2PH1DG,sexual_violence,True,True,True,True,True,5
ID_JPEMEMFO,sexual_violence,True,True,True,True,True,5
ID_JPIZVXQ8,sexual_violence,True,True,True,True,True,5
ID_JPKHA1Z4,sexual_violence,True,True,True,True,True,5
ID_JQ5FP4YN,sexual_violence,True,True,True,True,True,5
ID_JQ5SISKM,sexual_violence,True,True,True,True,True,5
ID_JQH57S3O,sexual_violence,True,True,True,True,True,5
ID_JQTZ8ED3,sexual_violence,True,True,True,True,True,5
ID_JR0O4ZXX,sexual_violence,True,True,True,True,True,5
ID_JR4ZXZ7B,Physical_violence,True,True,True,True,True,5
ID_JR5979YT,sexual_violence,True,True,True,True,True,5
ID_JRC5R9CX,sexual_violence,True,True,True,True,True,5
ID_JRJTMK6X,sexual_violence,True,True,True,True,True,5
ID_JRN3PXQ5,sexual_violence,True,True,True,True,True,5
ID_JRZAOSOW,sexual_violence,True,True,True,True,True,5
ID_JS79JFXN,sexual_violence,True,True,True,True,True,5
ID_JSBINOP1,sexual_violence,True,True,True,True,True,5
ID_JSFXKGUV,sexual_violence,True,True,True,True,True,5
ID_JSKBF3PY,sexual_violence,True,True,True,True,True,5
ID_JSOGL3VB,sexual_violence,True,True,True,True,True,5
ID_JTLAWORH,sexual_violence,True,True,True,True,True,5
ID_JTNDTRXK,sexual_violence,True,True,True,True,True,5
ID_JTVY1T17,Physical_violence,True,True,True,True,True,5
ID_JU0L27H5,sexual_violence,True,True,True,True,True,5
ID_JU6J96K2,Physical_violence,True,True,True,True,True,5
ID_JU9O6IAC,Physical_violence,True,True,True,True,True,5
ID_JUBJF274,sexual_violence,True,True,True,True,True,5
ID_JUJJ3BKM,sexual_violence,True,True,True,True,True,5
ID_JV079ET0,Physical_violence,True,True,True,True,True,5
ID_JVE4R9K9,sexual_violence,True,True,True,True,True,5
ID_JVFBXRG1,sexual_violence,True,True,True,True,True,5
ID_JVMS39ZL,Physical_violence,True,True,True,True,True,5
ID_JW61CJO1,sexual_violence,True,True,True,True,True,5
ID_JW6CGS5U,sexual_violence,True,True,True,True,True,5
ID_JWH86QXF,sexual_violence,True,True,True,True,True,5
ID_JWQJPGCN,sexual_violence,True,True,True,True,True,5
ID_JWZ11A3M,Physical_violence,True,True,True,True,True,5
ID_JWZXF5M2,sexual_violence,True,True,True,True,True,5
ID_JXKC06B6,sexual_violence,True,True,True,True,True,5
ID_JXKUCDBT,sexual_violence,True,True,True,True,True,5
ID_JXPMQCQO,sexual_violence,True,True,True,True,True,5
ID_JY0QGW8A,Physical_violence,True,True,True,True,True,5
ID_JY69ZA5I,sexual_violence,True,True,True,True,True,5
ID_JY8SE9EI,sexual_violence,True,True,True,True,True,5
ID_JYF037IL,emotional_violence,True,True,True,True,True,5
ID_JYLEQ4NZ,Physical_violence,True,True,True,True,True,5
ID_JYLO0BGJ,sexual_violence,True,True,True,True,True,5
ID_JYP3I3K3,sexual_violence,True,True,True,True,True,5
ID_JYWYXROI,Physical_violence,True,True,True,True,True,5
ID_JYXBY774,Physical_violence,True,True,True,True,True,5
ID_JZ0568OF,sexual_violence,True,True,True,True,True,5
ID_JZ2SM9AX,sexual_violence,True,True,True,True,True,5
ID_JZ48EW1D,emotional_violence,True,True,True,False,True,4
ID_JZD1M0C8,sexual_violence,True,True,True,True,True,5
ID_JZK9YX17,Physical_violence,True,True,True,True,True,5
ID_JZLUYK0R,sexual_violence,True,True,True,True,True,5
ID_JZOSBF3K,sexual_violence,True,True,True,True,True,5
ID_JZQ9TWOD,sexual_violence,True,True,True,True,True,5
ID_K03UZ6FA,sexual_violence,True,True,True,True,True,5
ID_K0MT3I7H,sexual_violence,True,True,True,True,True,5
ID_K0ND919U,sexual_violence,True,True,True,True,True,5
ID_K0W92UE2,Physical_violence,True,True,True,True,True,5
ID_K0XX3YZW,sexual_violence,True,True,True,True,True,5
ID_K15OFJAF,sexual_violence,True,True,True,True,True,5
ID_K15RWOW7,sexual_violence,True,True,True,True,True,5
ID_K1ORH41O,sexual_violence,True,True,True,True,True,5
ID_K1VRTPBT,sexual_violence,True,True,True,True,True,5
ID_K1XM6RW2,sexual_violence,True,True,True,True,True,5
ID_K22KALHI,sexual_violence,True,True,True,True,True,5
ID_K27DB5VO,sexual_violence,True,True,True,True,True,5
ID_K2BJJ0AW,sexual_violence,True,True,True,True,True,5
ID_K2EGWU1L,sexual_violence,True,True,True,True,True,5
ID_K2GXPAC5,Physical_violence,True,True,True,True,True,5
ID_K2LLC4FV,Physical_violence,True,True,True,True,True,5
ID_K30VTZYW,sexual_violence,True,True,True,True,True,5
ID_K44W8K8V,sexual_violence,True,True,True,True,True,5
ID_K4639S1C,sexual_violence,True,True,True,True,True,5
ID_K48MM2Y2,sexual_violence,True,True,True,True,True,5
ID_K4I6NP5L,sexual_violence,True,True,True,True,True,5
ID_K4JQ272R,Physical_violence,True,True,True,True,True,5
ID_K4LQBXSJ,Physical_violence,True,True,True,True,True,5
ID_K4NWJ1OL,sexual_violence,True,True,True,True,True,5
ID_K4PZ9CPN,sexual_violence,True,True,True,True,True,5
ID_K4Q34TNZ,sexual_violence,True,True,True,True,True,5
ID_K4Y5O0NQ,sexual_violence,True,True,True,True,True,5
ID_K50XKHOY,Physical_violence,True,True,True,True,True,5
ID_K521TCJQ,sexual_violence,True,True,True,True,True,5
ID_K56SA2TW,sexual_violence,True,True,True,True,True,5
ID_K58Q7AGA,sexual_violence,True,True,True,True,True,5
ID_K59ROTEL,sexual_violence,True,True,True,True,True,5
ID_K5JYHGEB,sexual_violence,True,True,True,True,True,5
ID_K5V0TQ2X,Physical_violence,True,True,True,True,True,5
ID_K5VUMJKI,sexual_violence,True,True,True,True,True,5
ID_K65HEGYW,sexual_violence,True,True,True,True,True,5
ID_K67YLPLU,sexual_violence,True,True,True,True,True,5
ID_K6SMFURE,sexual_violence,True,True,True,True,True,5
ID_K6YKFWSS,sexual_violence,True,True,True,True,True,5
ID_K72HXDSP,sexual_violence,True,True,True,True,True,5
ID_K8BF7ND9,sexual_violence,True,True,True,True,True,5
ID_K8CRC0H0,sexual_violence,True,True,True,True,True,5
ID_K8FWNNDA,sexual_violence,True,True,True,True,True,5
ID_K8OMV8BJ,sexual_violence,True,True,True,True,True,5
ID_K93ISTL3,sexual_violence,True,True,True,True,True,5
ID_K9A6DJJ5,sexual_violence,True,True,True,True,True,5
ID_K9BJLQQ4,sexual_violence,True,True,True,True,True,5
ID_K9DZQU7X,sexual_violence,True,True,True,True,True,5
ID_K9LONMBX,sexual_violence,True,True,True,True,True,5
ID_K9PT8TT7,sexual_violence,True,True,True,True,True,5
ID_K9QPULBJ,sexual_violence,True,True,True,True,True,5
ID_K9RCXMYA,sexual_violence,True,True,True,True,True,5
ID_K9RPLH40,sexual_violence,True,True,True,True,True,5
ID_K9Z3CUHG,sexual_violence,True,True,True,True,True,5
ID_K9ZJOJ2W,Physical_violence,True,True,True,True,True,5
ID_KA7EGWVK,sexual_violence,True,True,True,True,True,5
ID_KAMYFE58,sexual_violence,True,True,True,True,True,5
ID_KAPT81IS,sexual_violence,True,True,True,True,True,5
ID_KB97DRKT,Physical_violence,True,True,True,True,True,5
ID_KBA33FIF,sexual_violence,True,True,True,True,True,5
ID_KBCJXB1H,sexual_violence,True,True,True,True,True,5
ID_KBDZ2T21,sexual_violence,True,True,True,True,True,5
ID_KBGSM138,sexual_violence,True,True,True,True,True,5
ID_KBJN05UV,sexual_violence,True,True,True,True,True,5
ID_KBMQ4EFE,sexual_violence,True,True,True,True,True,5
ID_KBUTUD8A,sexual_violence,True,True,True,True,True,5
ID_KBXG1BVD,sexual_violence,True,True,True,True,True,5
ID_KC2ADWZ2,sexual_violence,True,True,True,True,True,5
ID_KC3HKE7W,sexual_violence,True,True,True,True,True,5
ID_KC4AQET2,sexual_violence,True,True,True,True,True,5
ID_KCAUJHKG,sexual_violence,True,True,True,True,True,5
ID_KCG14OP0,sexual_violence,True,True,True,True,True,5
ID_KCI6LBAU,sexual_violence,True,True,True,True,True,5
ID_KCRWL3UI,sexual_violence,True,True,True,True,True,5
ID_KCV30C5M,sexual_violence,True,True,True,True,True,5
ID_KCXLI39J,sexual_violence,True,True,True,True,True,5
ID_KDEWJ8DF,Physical_violence,True,True,True,True,True,5
ID_KDKUECUW,sexual_violence,True,True,True,True,True,5
ID_KDOFX8ZM,sexual_violence,True,True,True,True,True,5
ID_KDVNQV0I,sexual_violence,True,True,True,True,True,5
ID_KEADKKAI,sexual_violence,True,True,True,True,True,5
ID_KER9BGS2,sexual_violence,True,True,True,True,True,5
ID_KEZGPF5U,sexual_violence,True,True,True,True,True,5
ID_KF14EAUC,sexual_violence,True,True,True,True,True,5
ID_KF94XCAO,sexual_violence,True,True,True,True,True,5
ID_KFHFAB9B,sexual_violence,True,True,True,True,True,5
ID_KFHYIIA4,sexual_violence,True,True,True,True,True,5
ID_KFINUAR5,sexual_violence,True,True,True,True,True,5
ID_KFJ9PKUA,sexual_violence,True,True,True,True,True,5
ID_KFLMAH9E,sexual_violence,True,True,True,True,True,5
ID_KFWTWVOO,sexual_violence,True,True,True,True,True,5
ID_KFZPMX7G,sexual_violence,True,True,True,True,True,5
ID_KG3TYLAS,sexual_violence,True,True,True,True,True,5
ID_KG9SKF78,Physical_violence,True,True,True,True,True,5
ID_KGFZJW6O,Physical_violence,True,True,True,True,True,5
ID_KGHBA4W5,sexual_violence,True,True,True,True,True,5
ID_KGTBVRQR,sexual_violence,True,True,True,True,True,5
ID_KGXYQU1K,sexual_violence,True,True,True,True,True,5
ID_KH0KA7N5,sexual_violence,True,True,True,True,True,5
ID_KH99O41Z,sexual_violence,True,True,True,True,True,5
ID_KHD26BID,sexual_violence,True,True,True,True,True,5
ID_KHMSQY5M,sexual_violence,True,True,True,True,True,5
ID_KHNASFAG,sexual_violence,True,True,True,True,True,5
ID_KHT3SOD4,sexual_violence,True,True,True,True,True,5
ID_KHYE23UA,sexual_violence,True,True,True,True,True,5
ID_KI1TNB7T,sexual_violence,True,True,True,True,True,5
ID_KIGIPZTL,sexual_violence,True,True,True,True,True,5
ID_KIHJIBAB,sexual_violence,True,True,True,True,True,5
ID_KIQ5SN8W,sexual_violence,True,True,True,True,True,5
ID_KIX0JEDI,sexual_violence,True,True,True,True,True,5
ID_KJ7CFW71,sexual_violence,True,True,True,True,True,5
ID_KJA1ZD0R,sexual_violence,True,True,True,True,True,5
ID_KJQI2TC4,sexual_violence,True,True,True,True,True,5
ID_KJUQJ1IM,sexual_violence,True,True,True,True,True,5
ID_KK15AV35,sexual_violence,True,True,True,True,True,5
ID_KK6JPDE5,Physical_violence,True,True,True,True,True,5
ID_KK8N71J3,Physical_violence,True,True,True,True,True,5
ID_KKBDZ0H2,sexual_violence,True,True,True,True,True,5
ID_KKE8OMT4,sexual_violence,True,True,True,True,True,5
ID_KKRM2T77,sexual_violence,True,True,True,True,True,5
ID_KL6F00Y4,sexual_violence,True,True,True,True,True,5
ID_KL7DRPHG,sexual_violence,True,True,True,True,True,5
ID_KL7VSAN6,sexual_violence,True,True,True,True,True,5
ID_KLP2UP73,sexual_violence,True,True,True,True,True,5
ID_KLZ070K8,sexual_violence,True,True,True,True,True,5
ID_KM1IJV6S,sexual_violence,True,True,True,True,True,5
ID_KM1PX89J,sexual_violence,True,True,True,True,True,5
ID_KM25BG0Z,sexual_violence,True,True,True,True,True,5
ID_KM3V44S0,sexual_violence,True,True,True,True,True,5
ID_KM4WJY5U,sexual_violence,True,True,True,True,True,5
ID_KM5TEBPZ,sexual_violence,True,True,True,True,True,5
ID_KMHY021F,sexual_violence,True,True,True,True,True,5
ID_KN0775UG,sexual_violence,True,True,True,True,True,5
ID_KN4HVPPT,sexual_violence,True,True,True,True,True,5
ID_KNB6B07P,sexual_violence,True,True,True,True,True,5
ID_KNG3W0DN,sexual_violence,True,True,True,True,True,5
ID_KNHKNO6H,sexual_violence,True,True,True,True,True,5
ID_KNHSLG16,sexual_violence,True,True,True,True,True,5
ID_KNJKZMJ4,sexual_violence,True,True,True,True,True,5
ID_KNNQQA6Y,Physical_violence,True,True,True,True,True,5
ID_KNOLUJF8,sexual_violence,True,True,True,True,True,5
ID_KNSIWDJ1,sexual_violence,True,True,True,True,True,5
ID_KO53LDUM,sexual_violence,True,True,True,True,True,5
ID_KO62X15Z,economic_violence,True,True,True,True,True,5
ID_KOJPAXNX,sexual_violence,True,True,True,True,True,5
ID_KOMY8KPL,sexual_violence,True,True,True,True,True,5
ID_KP15LPFF,sexual_violence,True,True,True,True,True,5
ID_KP2ISOVN,sexual_violence,True,True,True,True,True,5
ID_KP3T85YM,sexual_violence,True,True,True,True,True,5
ID_KPZAA9UP,sexual_violence,True,True,True,True,True,5
ID_KQ68QDW2,sexual_violence,True,True,True,True,True,5
ID_KQBU0MB1,sexual_violence,True,True,True,True,True,5
ID_KQIHN468,sexual_violence,True,True,True,True,True,5
ID_KQIWEO79,sexual_violence,True,True,True,True,True,5
ID_KQMCBWZ6,Harmful_Traditional_practice,True,False,False,True,True,3
ID_KQN1H0DP,Physical_violence,True,True,True,True,True,5
ID_KQZIM2GC,sexual_violence,True,True,True,True,True,5
ID_KR4GVIWS,sexual_violence,True,True,True,True,True,5
ID_KR8WLZ7T,sexual_violence,True,True,True,True,True,5
ID_KRI5KL74,Physical_violence,True,True,True,True,True,5
ID_KRQQIM4U,sexual_violence,True,True,True,True,True,5
ID_KS22Y51O,sexual_violence,True,True,True,True,True,5
ID_KS8QEWU6,sexual_violence,True,True,True,True,True,5
ID_KSB69BSY,Physical_violence,True,True,True,True,True,5
ID_KSEKR5NR,sexual_violence,True,True,True,True,True,5
ID_KSGTKFWZ,sexual_violence,True,True,True,True,True,5
ID_KSKXJCK0,sexual_violence,True,True,True,True,True,5
ID_KSLUZTNW,sexual_violence,True,True,True,True,True,5
ID_KSODGLDH,Physical_violence,True,True,True,True,True,5
ID_KSYND8YE,sexual_violence,True,True,True,True,True,5
ID_KSZIVDKH,sexual_violence,True,True,True,True,True,5
ID_KT258YPX,Physical_violence,True,True,True,True,True,5
ID_KT6YEZLK,sexual_violence,True,True,True,True,True,5
ID_KT8PU0J3,sexual_violence,True,True,True,True,True,5
ID_KTGM3DRM,sexual_violence,True,True,True,True,True,5
ID_KTHFZB6X,sexual_violence,True,True,True,True,True,5
ID_KTJIDNF2,sexual_violence,True,True,True,True,True,5
ID_KTYL5X36,Physical_violence,True,True,True,True,True,5
ID_KU4WUEYQ,Physical_violence,True,True,True,True,True,5
ID_KUB1WRDY,sexual_violence,True,True,True,True,True,5
ID_KUI45SGF,sexual_violence,True,True,True,True,True,5
ID_KUPYK80H,sexual_violence,True,True,True,True,True,5
ID_KUQ2DVIQ,sexual_violence,True,True,True,True,True,5
ID_KVAFGCWB,sexual_violence,True,True,True,True,True,5
ID_KVH4IS97,Physical_violence,True,True,True,True,True,5
ID_KVJ5R4TV,sexual_violence,True,True,True,True,True,5
ID_KVJUB0B1,sexual_violence,True,True,True,True,True,5
ID_KVLSUYE1,sexual_violence,True,True,True,True,True,5
ID_KVMXXXF5,sexual_violence,True,True,True,True,True,5
ID_KVR1N4S1,Physical_violence,True,True,True,True,True,5
ID_KVTG8IKZ,sexual_violence,True,True,True,True,True,5
ID_KVX3NMMI,sexual_violence,True,True,True,True,True,5
ID_KW76D1L3,Physical_violence,True,True,True,True,True,5
ID_KW85F93Q,sexual_violence,True,True,True,True,True,5
ID_KWA9MGKH,sexual_violence,True,True,True,True,True,5
ID_KWXNOQ4B,sexual_violence,True,True,True,True,True,5
ID_KX071GKT,sexual_violence,True,True,True,True,True,5
ID_KXE0GIVU,Physical_violence,True,True,True,True,True,5
ID_KXE6G7T6,sexual_violence,True,True,True,True,True,5
ID_KXKV24OZ,sexual_violence,True,True,True,True,True,5
ID_KXMWLLX4,sexual_violence,True,True,True,True,True,5
ID_KXOX299D,sexual_violence,False,True,True,True,True,4
ID_KXV89GKG,sexual_violence,True,True,True,True,True,5
ID_KXVYCGQN,sexual_violence,True,True,True,True,True,5
ID_KXW21KN8,sexual_violence,True,True,True,True,True,5
ID_KY2NFLGB,sexual_violence,True,True,True,True,True,5
ID_KY9TMA6F,sexual_violence,True,True,True,True,True,5
ID_KYID7NQV,sexual_violence,True,True,True,True,True,5
ID_KZ80P34I,sexual_violence,True,True,True,True,True,5
ID_KZ8CIS4S,sexual_violence,True,True,True,True,True,5
ID_KZDJYA2B,sexual_violence,True,True,True,True,True,5
ID_KZG1MS71,sexual_violence,True,True,True,True,True,5
ID_KZKLZ11U,sexual_violence,True,True,True,True,True,5
ID_KZOMVB9S,sexual_violence,True,True,True,True,True,5
ID_KZPM2P96,Physical_violence,True,True,True,True,True,5
ID_KZRTZKSX,sexual_violence,True,True,True,True,True,5
ID_KZTO0WV9,Physical_violence,True,True,True,True,True,5
ID_KZW0IJH7,sexual_violence,True,True,True,True,True,5
ID_L00W9BSK,sexual_violence,True,True,True,True,True,5
ID_L0335O0M,sexual_violence,True,True,True,True,True,5
ID_L075Z2D2,sexual_violence,True,True,True,True,True,5
ID_L0BF6O78,Physical_violence,True,True,True,True,True,5
ID_L0DCXOFH,sexual_violence,True,True,True,True,True,5
ID_L0E0VYIS,Physical_violence,True,True,True,True,True,5
ID_L0HE4Z2F,sexual_violence,True,True,True,True,True,5
ID_L0RJV6S8,Physical_violence,True,True,True,True,True,5
ID_L0YTAXED,Physical_violence,True,True,True,True,True,5
ID_L10ABXK1,Physical_violence,True,True,True,True,True,5
ID_L19AEVC8,sexual_violence,True,True,True,True,True,5
ID_L1VLCPUE,sexual_violence,True,True,True,True,True,5
ID_L1WBZOQ5,sexual_violence,True,True,True,True,True,5
ID_L20A1638,sexual_violence,True,True,True,True,True,5
ID_L2ABWCCO,Physical_violence,True,True,True,True,True,5
ID_L2KW6ZYK,sexual_violence,True,True,True,True,True,5
ID_L2P9AT4L,sexual_violence,True,True,True,True,True,5
ID_L2PZHO33,sexual_violence,True,True,True,True,True,5
ID_L2THBU4U,sexual_violence,True,True,True,True,True,5
ID_L34A5ZXE,Physical_violence,True,True,True,True,True,5
ID_L37OQM4A,sexual_violence,True,True,True,True,True,5
ID_L389CXBE,sexual_violence,True,True,True,True,True,5
ID_L3LLYFU6,sexual_violence,True,True,True,True,True,5
ID_L3SW4YFJ,sexual_violence,True,True,True,True,True,5
ID_L3XJ1QWZ,sexual_violence,True,True,True,True,True,5
ID_L3XPPXUK,sexual_violence,True,True,True,True,True,5
ID_L43UMJ5C,sexual_violence,True,True,True,True,True,5
ID_L44JR54B,sexual_violence,True,True,True,True,True,5
ID_L45PQ749,sexual_violence,True,True,True,True,True,5
ID_L4ENMROE,sexual_violence,True,True,True,True,True,5
ID_L4EUANM3,sexual_violence,True,True,True,True,True,5
ID_L4RCP32V,sexual_violence,True,True,True,True,True,5
ID_L4RTNB6H,sexual_violence,True,True,True,True,True,5
ID_L4TW1L6P,Physical_violence,True,True,True,True,True,5
ID_L4ZNW2A6,economic_violence,True,True,True,False,True,4
ID_L56G59SI,sexual_violence,True,True,True,True,True,5
ID_L63KZ33B,sexual_violence,True,True,True,True,True,5
ID_L68088M1,Physical_violence,True,True,True,True,True,5
ID_L6A40JEX,sexual_violence,True,True,True,True,True,5
ID_L6DQR0UU,sexual_violence,True,True,True,True,True,5
ID_L6QG26RT,Physical_violence,True,True,True,True,True,5
ID_L6R6LM3L,Physical_violence,True,True,True,True,True,5
ID_L6WAH3KO,sexual_violence,True,True,True,True,True,5
ID_L75P3X20,sexual_violence,True,True,True,True,True,5
ID_L7D3BL0C,sexual_violence,True,True,True,True,True,5
ID_L7OIKBG7,sexual_violence,True,True,True,True,True,5
ID_L80ZJ9XK,sexual_violence,True,True,True,True,True,5
ID_L8H65N0R,sexual_violence,True,True,True,True,True,5
ID_L8IJ9DFF,Physical_violence,True,True,True,True,True,5
ID_L8KH8BA1,sexual_violence,True,True,True,True,True,5
ID_L8T8CXEQ,Physical_violence,True,True,True,True,True,5
ID_L8XMZMT4,sexual_violence,True,True,True,True,True,5
ID_L95LFAZ6,sexual_violence,True,True,True,True,True,5
ID_L9BYYW1X,sexual_violence,True,True,True,True,True,5
ID_L9HS62QB,sexual_violence,True,True,True,True,True,5
ID_L9NSFOW7,sexual_violence,True,True,True,True,True,5
ID_L9ODN9YP,sexual_violence,True,True,True,True,True,5
ID_L9SZAEVG,emotional_violence,True,True,True,True,True,5
ID_L9ZXJD1B,sexual_violence,True,True,True,True,True,5
ID_LA3H0B5G,sexual_violence,True,True,True,True,True,5
ID_LA8OUXGF,sexual_violence,True,True,True,True,True,5
ID_LAAGVIKE,sexual_violence,True,True,True,True,True,5
ID_LAESP5VG,sexual_violence,True,True,True,True,True,5
ID_LALU7Y90,sexual_violence,True,True,True,True,True,5
ID_LAQVVRD3,sexual_violence,True,True,True,True,True,5
ID_LAW6AF8X,sexual_violence,True,True,True,True,True,5
ID_LB2MFYTH,Physical_violence,True,True,True,True,True,5
ID_LBPGPLOM,Physical_violence,True,True,True,True,True,5
ID_LBZBM6HC,Physical_violence,True,True,True,True,True,5
ID_LC8M7DAL,Physical_violence,True,True,True,True,True,5
ID_LCDVA9RU,sexual_violence,True,True,True,True,True,5
ID_LCECM83Q,Physical_violence,True,True,True,True,True,5
ID_LCI9Z7P2,sexual_violence,True,True,True,True,True,5
ID_LCPMKRZ9,Physical_violence,True,True,True,True,True,5
ID_LCU0O52Z,sexual_violence,True,True,True,True,True,5
ID_LCUJAMHG,sexual_violence,True,True,True,True,True,5
ID_LCVL5J6A,sexual_violence,True,True,True,True,True,5
ID_LDAYD06D,Physical_violence,True,True,True,True,True,5
ID_LDYIACUJ,sexual_violence,True,True,True,True,True,5
ID_LE2VTUO8,sexual_violence,True,True,True,True,True,5
ID_LE4TN3RI,sexual_violence,True,True,True,True,True,5
ID_LE7NW0M9,Physical_violence,True,True,True,True,True,5
ID_LEQ79R8Y,sexual_violence,True,True,True,True,True,5
ID_LESGI2GP,sexual_violence,True,True,True,True,True,5
ID_LEXS6VVZ,Physical_violence,True,True,True,True,True,5
ID_LF0PHZRI,Physical_violence,True,True,True,True,True,5
ID_LF19KV9V,sexual_violence,True,True,True,True,True,5
ID_LFEZ7V6R,Physical_violence,True,True,True,True,True,5
ID_LFF46LCD,sexual_violence,True,True,True,True,True,5
ID_LFFMC0VA,Physical_violence,True,True,True,True,True,5
ID_LFHW68L9,sexual_violence,True,True,True,True,True,5
ID_LFI8RSTN,sexual_violence,True,True,True,True,True,5
ID_LFJYHDMS,sexual_violence,True,True,True,True,True,5
ID_LFQTS2MR,Physical_violence,True,True,True,True,True,5
ID_LFVWUDGF,sexual_violence,True,True,True,True,True,5
ID_LG3MB5S9,sexual_violence,True,True,True,True,True,5
ID_LG61TUZ7,sexual_violence,True,True,True,True,True,5
ID_LGJUPEI6,sexual_violence,True,True,True,True,True,5
ID_LGLMJO19,sexual_violence,True,True,True,True,True,5
ID_LGWNVWO8,sexual_violence,True,True,True,True,True,5
ID_LH6XJVK1,sexual_violence,True,True,True,True,True,5
ID_LH95B2PS,sexual_violence,True,True,True,True,True,5
ID_LHALOLWK,emotional_violence,True,True,True,True,True,5
ID_LHNXYEZO,sexual_violence,True,True,True,True,True,5
ID_LHSGOFR1,sexual_violence,True,True,True,True,True,5
ID_LHWK9VQG,sexual_violence,True,True,True,True,True,5
ID_LHZJ5GNQ,sexual_violence,True,True,True,True,True,5
ID_LIBJZIYF,sexual_violence,True,True,True,True,True,5
ID_LIYJ9PZX,sexual_violence,True,True,True,True,True,5
ID_LJ2GLUKF,sexual_violence,True,True,True,True,True,5
ID_LJ3TL85M,sexual_violence,True,True,True,True,True,5
ID_LJ9Q6MZ6,sexual_violence,True,True,True,True,True,5
ID_LJG9OWVC,Physical_violence,True,True,True,True,True,5
ID_LJGU7VI2,sexual_violence,True,True,True,True,True,5
ID_LJLPYVT0,sexual_violence,True,True,True,True,True,5
ID_LJMIO52L,Physical_violence,True,True,True,True,True,5
ID_LJUA1Q4R,sexual_violence,True,True,True,True,True,5
ID_LJW3PIRI,sexual_violence,True,True,True,True,True,5
ID_LJXLII19,sexual_violence,True,True,True,True,True,5
ID_LK8CXHXK,sexual_violence,True,True,True,True,True,5
ID_LKCO06L0,sexual_violence,True,True,True,True,True,5
ID_LKSV68JF,economic_violence,True,True,True,True,True,5
ID_LL5ZGSH1,sexual_violence,True,True,True,True,True,5
ID_LLD97PJ1,sexual_violence,True,True,True,True,True,5
ID_LLKVOERE,sexual_violence,True,True,True,True,True,5
ID_LLW2X16N,sexual_violence,True,True,True,True,True,5
ID_LMCHD29G,sexual_violence,True,True,True,True,True,5
ID_LMF4MRE4,sexual_violence,True,True,True,True,True,5
ID_LMHRDDPC,sexual_violence,True,True,True,True,True,5
ID_LMK7GB3Y,sexual_violence,True,True,True,True,True,5
ID_LMU1D9EO,sexual_violence,True,True,True,True,True,5
ID_LMXZ719K,sexual_violence,True,True,True,True,True,5
ID_LN24R4RS,sexual_violence,True,True,True,True,True,5
ID_LNLNI8VE,sexual_violence,True,True,True,True,True,5
ID_LO0G5BJM,sexual_violence,True,True,True,True,True,5
ID_LO41GT0T,sexual_violence,True,True,True,True,True,5
ID_LO5HKX5Q,sexual_violence,True,True,True,True,True,5
ID_LOFN8SEM,sexual_violence,True,True,True,True,True,5
ID_LOOB2QH1,sexual_violence,True,True,True,True,True,5
ID_LOZRCPQA,sexual_violence,True,True,True,True,True,5
ID_LP30XBI5,sexual_violence,True,True,True,True,True,5
ID_LP4CKJVY,sexual_violence,True,True,True,True,True,5
ID_LPM4FO8P,Physical_violence,True,True,True,True,True,5
ID_LPPM4QD2,Physical_violence,True,True,True,True,True,5
ID_LPQ8NUNO,sexual_violence,True,True,True,True,True,5
ID_LPS70C2A,Physical_violence,True,True,True,True,True,5
ID_LQ1HENM1,sexual_violence,True,True,True,True,True,5
ID_LQ32YMN0,sexual_violence,True,True,True,True,True,5
ID_LQ8X12F6,sexual_violence,True,True,True,True,True,5
ID_LQVS1J9L,sexual_violence,True,True,True,True,True,5
ID_LQWS0ZTI,sexual_violence,True,True,True,True,True,5
ID_LREIEGHQ,Physical_violence,True,True,True,True,True,5
ID_LRL3C63D,sexual_violence,True,True,True,True,True,5
ID_LROM9TI8,sexual_violence,True,True,True,True,True,5
ID_LRQ9RETA,sexual_violence,True,True,True,True,True,5
ID_LRXAMNBW,sexual_violence,True,True,True,True,True,5
ID_LRYXZQ0G,Physical_violence,True,True,True,True,True,5
ID_LRZ0EX72,sexual_violence,True,True,True,True,True,5
ID_LRZ307ON,sexual_violence,True,True,True,True,True,5
ID_LS0FLIFE,sexual_violence,True,True,True,True,True,5
ID_LS877YBC,Physical_violence,True,True,True,True,True,5
ID_LT2D5FGG,sexual_violence,True,True,True,True,True,5
ID_LT6PZ8VJ,sexual_violence,True,True,True,True,True,5
ID_LTB3I0L7,sexual_violence,True,True,True,True,True,5
ID_LTEI6OL7,sexual_violence,True,True,True,True,True,5
ID_LTOXXR75,sexual_violence,True,True,True,True,True,5
ID_LTT8ST62,Physical_violence,True,True,True,True,True,5
ID_LTXZAYNS,sexual_violence,True,True,True,True,True,5
ID_LU05MT4E,sexual_violence,True,True,True,True,True,5
ID_LU2IKQ12,sexual_violence,True,True,True,True,True,5
ID_LU7LCB08,sexual_violence,True,True,True,True,True,5
ID_LUBILGLI,Physical_violence,True,True,True,True,True,5
ID_LUDCE0JO,sexual_violence,True,True,True,True,True,5
ID_LUFC7ZO8,sexual_violence,True,True,True,True,True,5
ID_LUGXY5OD,sexual_violence,True,True,True,True,True,5
ID_LV5I34D1,sexual_violence,True,True,True,True,True,5
ID_LV7VR6LJ,sexual_violence,True,True,True,True,True,5
ID_LVA1D3EH,sexual_violence,True,True,True,True,True,5
ID_LVF9TNRP,sexual_violence,True,True,True,True,True,5
ID_LVFK13G9,sexual_violence,True,True,True,True,True,5
ID_LVHH1T0I,Physical_violence,True,True,True,True,True,5
ID_LVKHOR4U,sexual_violence,True,True,True,True,True,5
ID_LVR3GQST,sexual_violence,True,True,True,True,True,5
ID_LVS8FTF1,Physical_violence,True,True,True,True,True,5
ID_LVTFADZ5,sexual_violence,True,True,True,True,True,5
ID_LVU3AKQM,Physical_violence,True,True,True,True,True,5
ID_LVYFDVOG,sexual_violence,True,True,True,True,True,5
ID_LW2VECAR,sexual_violence,True,True,True,True,True,5
ID_LWELFM3F,sexual_violence,True,True,True,True,True,5
ID_LWKGVYJT,sexual_violence,True,True,True,True,True,5
ID_LWYT0ODY,Physical_violence,True,True,True,True,True,5
ID_LXF6BA1C,sexual_violence,True,True,True,True,True,5
ID_LXF8OB6C,sexual_violence,True,True,True,True,True,5
ID_LXOF57RW,sexual_violence,True,True,True,True,True,5
ID_LXUEH670,sexual_violence,True,True,True,True,True,5
ID_LXW9TRLI,sexual_violence,True,True,True,True,True,5
ID_LY0B83R6,sexual_violence,True,True,True,True,True,5
ID_LYOFLB6K,Physical_violence,True,True,True,True,True,5
ID_LYQWO39J,sexual_violence,True,True,True,True,True,5
ID_LYTL5P6H,Physical_violence,True,True,True,True,True,5
ID_LYX4GK7Y,sexual_violence,True,True,True,True,True,5
ID_LZA20A8Z,sexual_violence,True,True,True,True,True,5
ID_LZALO77Y,sexual_violence,True,True,True,True,True,5
ID_LZC5OZY3,sexual_violence,True,True,True,True,True,5
ID_LZCQ28G9,emotional_violence,True,True,True,True,True,5
ID_LZE078ZN,sexual_violence,True,True,True,True,True,5
ID_LZIXK6LI,sexual_violence,True,True,True,True,True,5
ID_M00BM3LG,sexual_violence,True,True,True,True,True,5
ID_M0GPHVLE,Physical_violence,True,True,True,True,True,5
ID_M0HISDNZ,emotional_violence,True,True,True,True,True,5
ID_M0KAOO2F,sexual_violence,True,True,True,True,True,5
ID_M0S32O8J,sexual_violence,True,True,True,True,True,5
ID_M0VYVDAB,sexual_violence,True,True,True,True,True,5
ID_M0WYZTQP,sexual_violence,True,True,True,True,True,5
ID_M0XY79GN,Physical_violence,True,True,True,True,True,5
ID_M0Y1ZF37,sexual_violence,True,True,True,True,True,5
ID_M0ZRI5MP,sexual_violence,True,True,True,True,True,5
ID_M10CYM8B,sexual_violence,True,True,True,True,True,5
ID_M13Z2TBG,sexual_violence,True,True,True,True,True,5
ID_M14Z1U17,sexual_violence,True,True,True,True,True,5
ID_M1BZMK8K,sexual_violence,True,True,True,True,True,5
ID_M1DAQ6K0,sexual_violence,True,True,True,True,True,5
ID_M1I71YMW,sexual_violence,True,True,True,True,True,5
ID_M1OUS7V8,sexual_violence,True,True,True,True,True,5
ID_M1SH4BRD,sexual_violence,True,True,True,True,True,5
ID_M1XGTKVJ,sexual_violence,True,True,True,True,True,5
ID_M24TQ9VN,sexual_violence,True,True,True,True,True,5
ID_M270DN36,sexual_violence,True,True,True,True,True,5
ID_M27FSGHN,sexual_violence,True,True,True,True,True,5
ID_M27G8VHB,sexual_violence,True,True,True,True,True,5
ID_M2S44CB0,Physical_violence,True,True,True,True,True,5
ID_M33NFDTZ,sexual_violence,True,True,True,True,True,5
ID_M36PTAU8,sexual_violence,True,True,True,True,True,5
ID_M3A25GZT,sexual_violence,True,True,True,True,True,5
ID_M3C43ZU4,sexual_violence,True,True,True,True,True,5
ID_M3EO41NJ,sexual_violence,True,True,True,True,True,5
ID_M3FGI6OA,sexual_violence,True,True,True,True,True,5
ID_M3HVDH29,sexual_violence,True,True,True,True,True,5
ID_M3JY7O0K,sexual_violence,True,True,True,True,True,5
ID_M3QDRRHO,sexual_violence,True,True,True,True,True,5
ID_M42L5BPE,sexual_violence,True,True,True,True,True,5
ID_M4646SGP,sexual_violence,True,True,True,True,True,5
ID_M4F97PA9,sexual_violence,True,True,True,True,True,5
ID_M4IQ9N3Z,sexual_violence,True,True,True,True,True,5
ID_M4MG5WO0,Physical_violence,True,True,True,True,True,5
ID_M4PF1C8O,sexual_violence,True,True,True,True,True,5
ID_M5KHHLG0,sexual_violence,True,True,True,True,True,5
ID_M5MLFY6O,sexual_violence,True,True,True,True,True,5
ID_M6ERQBNU,sexual_violence,True,True,True,True,True,5
ID_M70X2QGT,sexual_violence,True,True,True,True,True,5
ID_M76A8YBQ,sexual_violence,True,True,True,True,True,5
ID_M7B6OXZ8,sexual_violence,True,True,True,True,True,5
ID_M7B8WATJ,sexual_violence,True,True,True,True,True,5
ID_M7GN7WGF,sexual_violence,True,True,True,True,True,5
ID_M8APNIF9,sexual_violence,True,True,True,True,True,5
ID_M8IF5HA4,Physical_violence,True,True,True,True,True,5
ID_M8JPQKEV,sexual_violence,True,True,True,True,True,5
ID_M8LT4QBO,sexual_violence,True,True,True,True,True,5
ID_M8ZB6NW7,sexual_violence,True,True,True,True,True,5
ID_M949KH28,sexual_violence,True,True,True,True,True,5
ID_M94FEKYI,sexual_violence,True,True,True,True,True,5
ID_M950OWFG,sexual_violence,True,True,True,True,True,5
ID_M9FS2KCP,sexual_violence,True,True,True,True,True,5
ID_M9Q82WPR,sexual_violence,True,True,True,True,True,5
ID_MA38BIDE,sexual_violence,True,True,True,True,True,5
ID_MA5WFM6O,sexual_violence,True,True,True,True,True,5
ID_MAGIIQ5O,sexual_violence,True,True,True,True,True,5
ID_MAMF9UO8,sexual_violence,True,True,True,True,True,5
ID_MAW2LI0Y,sexual_violence,True,True,True,True,True,5
ID_MAZ603YG,sexual_violence,True,True,True,True,True,5
ID_MB671H05,sexual_violence,True,True,True,True,True,5
ID_MBIQFLKU,Physical_violence,True,True,True,True,True,5
ID_MBPK2O2L,Physical_violence,True,True,True,True,True,5
ID_MBS6KEV7,sexual_violence,True,True,True,True,True,5
ID_MC1BMW4K,sexual_violence,True,True,True,True,True,5
ID_MC34PULO,sexual_violence,True,True,True,True,True,5
ID_MC6QMHN2,sexual_violence,True,True,True,True,True,5
ID_MCAYNDG9,emotional_violence,True,True,True,True,True,5
ID_MCC45CLD,sexual_violence,True,True,True,True,True,5
ID_MCCX7K55,sexual_violence,True,True,True,True,True,5
ID_MCE07CVA,sexual_violence,True,True,True,True,True,5
ID_MCGL6COK,sexual_violence,True,True,True,True,True,5
ID_MCLY972L,sexual_violence,True,True,True,True,True,5
ID_MCR9DEZ9,sexual_violence,True,True,True,True,True,5
ID_MCU8TNZB,sexual_violence,True,True,True,True,True,5
ID_MCVMBXE9,Physical_violence,True,True,True,True,True,5
ID_MD9A7SSX,sexual_violence,True,True,True,True,True,5
ID_MDMHE2CP,sexual_violence,True,True,True,True,True,5
ID_MDPUE43V,Physical_violence,True,True,True,True,True,5
ID_ME0WWUT0,sexual_violence,True,True,True,True,True,5
ID_ME2B9U7O,sexual_violence,True,True,True,True,True,5
ID_MEDAXW7A,sexual_violence,True,True,True,True,True,5
ID_MEIGM545,sexual_violence,True,True,True,True,True,5
ID_MERD5ZZ2,sexual_violence,True,True,True,True,True,5
ID_MF1I76IL,sexual_violence,True,True,True,True,True,5
ID_MF2IY3UX,Physical_violence,True,True,True,True,True,5
ID_MF76HCS1,sexual_violence,True,True,True,True,True,5
ID_MFC27OFJ,sexual_violence,True,True,True,True,True,5
ID_MFD9TOTJ,sexual_violence,True,True,True,True,True,5
ID_MFDOZQWS,sexual_violence,True,True,True,True,True,5
ID_MFGBS8II,sexual_violence,True,True,True,True,True,5
ID_MFHHXFIZ,sexual_violence,True,True,True,True,True,5
ID_MG4757R8,sexual_violence,True,True,True,True,True,5
ID_MG5RSIPN,sexual_violence,True,True,True,True,True,5
ID_MG9CJUCL,sexual_violence,True,True,True,True,True,5
ID_MGTHYX7P,sexual_violence,True,True,True,True,True,5
ID_MGWT645D,sexual_violence,True,True,True,True,True,5
ID_MH2QCRNJ,sexual_violence,True,True,True,True,True,5
ID_MH5XMUWA,sexual_violence,True,True,True,True,True,5
ID_MH6WVBVO,sexual_violence,True,True,True,True,True,5
ID_MH7YR6OM,sexual_violence,True,True,True,True,True,5
ID_MHA4VLK5,sexual_violence,True,True,True,True,True,5
ID_MHP1KUYX,Physical_violence,True,True,True,True,True,5
ID_MHVIGWYH,sexual_violence,True,True,True,True,True,5
ID_MHVUBW17,Physical_violence,True,True,True,True,True,5
ID_MHX1NQJ5,sexual_violence,True,True,True,True,True,5
ID_MI06P4DM,sexual_violence,True,True,True,True,True,5
ID_MIA8ADKD,sexual_violence,True,True,True,True,True,5
ID_MIBYNG4S,sexual_violence,True,True,True,True,True,5
ID_MIHWQ5NP,sexual_violence,True,True,True,True,True,5
ID_MIM886M2,sexual_violence,True,True,True,True,True,5
ID_MIQX4N1R,sexual_violence,True,True,True,True,True,5
ID_MISCMB48,sexual_violence,True,True,True,True,True,5
ID_MIVXIKYA,sexual_violence,True,True,True,True,True,5
ID_MIW4QYO9,sexual_violence,True,True,True,True,True,5
ID_MJ1NAJ9P,sexual_violence,True,True,True,True,True,5
ID_MJ7FK8F5,Physical_violence,True,True,True,True,True,5
ID_MJE5HW6M,Physical_violence,True,True,True,True,True,5
ID_MJFQUTV0,sexual_violence,True,True,True,True,True,5
ID_MJRKI0EQ,Physical_violence,True,True,True,True,True,5
ID_MJS8DKA1,sexual_violence,True,True,True,True,True,5
ID_MK04DSHU,sexual_violence,True,True,True,True,True,5
ID_MK1U671S,sexual_violence,True,True,True,True,True,5
ID_MK3BZT9T,sexual_violence,True,True,True,True,True,5
ID_MKCGE7ZD,sexual_violence,True,True,True,True,True,5
ID_MKLT0ENB,sexual_violence,True,True,True,True,True,5
ID_MKQ1EJV1,sexual_violence,True,True,True,True,True,5
ID_MKUM65L7,Physical_violence,True,True,True,True,True,5
ID_MKVKD0MB,sexual_violence,True,True,True,True,True,5
ID_ML89ER8V,sexual_violence,True,True,True,True,True,5
ID_MLPASUPX,sexual_violence,True,True,True,True,True,5
ID_MLWWWL35,sexual_violence,True,True,True,True,True,5
ID_MM37ZBG4,Physical_violence,True,True,True,True,True,5
ID_MM605G6P,Physical_violence,True,True,True,True,True,5
ID_MM8MWJU2,sexual_violence,True,True,True,True,True,5
ID_MMTQJM3F,Physical_violence,True,True,True,True,True,5
ID_MNA3FFB4,sexual_violence,True,True,True,True,True,5
ID_MNHG784W,sexual_violence,True,True,True,True,True,5
ID_MNKMWOOC,Physical_violence,True,True,True,True,True,5
ID_MNZ5U8BI,sexual_violence,True,True,True,True,True,5
ID_MOBJ128C,sexual_violence,True,True,True,True,True,5
ID_MOL5MIUM,sexual_violence,True,True,True,True,True,5
ID_MONINVJL,sexual_violence,True,True,True,True,True,5
ID_MOYJYN9U,sexual_violence,True,True,True,True,True,5
ID_MPA11H65,sexual_violence,True,True,True,True,True,5
ID_MPDER8F7,sexual_violence,True,True,True,True,True,5
ID_MPGCRDDT,sexual_violence,True,True,True,True,True,5
ID_MPIRJ5NW,sexual_violence,True,True,True,True,True,5
ID_MPL8WGJM,sexual_violence,True,True,True,True,True,5
ID_MPO78TGZ,Physical_violence,True,True,True,True,True,5
ID_MPZVMKKM,sexual_violence,True,True,True,True,True,5
ID_MQ1WWXF3,sexual_violence,True,True,True,True,True,5
ID_MQDUSLIG,sexual_violence,True,True,True,True,True,5
ID_MQGFVFO6,Physical_violence,True,True,True,True,True,5
ID_MQIERQIX,sexual_violence,True,True,True,True,True,5
ID_MQJ50DTS,sexual_violence,True,True,True,True,True,5
ID_MR54LCDI,sexual_violence,True,True,True,True,True,5
ID_MRCN409R,sexual_violence,True,True,True,True,True,5
ID_MS9I8J3U,Physical_violence,True,True,True,True,True,5
ID_MSBVMQLJ,sexual_violence,True,True,True,True,True,5
ID_MTB688YZ,sexual_violence,True,True,True,True,True,5
ID_MTH22G38,sexual_violence,True,True,True,True,True,5
ID_MTK5YWR8,sexual_violence,True,True,True,True,True,5
ID_MTKSL6J0,sexual_violence,True,True,True,True,True,5
ID_MTLA5W67,sexual_violence,True,True,True,True,True,5
ID_MTSE2F35,sexual_violence,True,True,True,True,True,5
ID_MU5CJXYV,sexual_violence,True,True,True,True,True,5
ID_MUB8LGZR,sexual_violence,True,True,True,True,True,5
ID_MUEGPSL0,Physical_violence,True,True,True,True,True,5
ID_MUEKZRSA,sexual_violence,True,True,True,True,True,5
ID_MUGUAGHK,sexual_violence,True,True,True,True,True,5
ID_MUM76YI9,sexual_violence,True,True,True,True,True,5
ID_MUMA80E0,sexual_violence,True,True,True,True,True,5
ID_MUOHPUSM,sexual_violence,True,True,True,True,True,5
ID_MUPS4RHQ,Physical_violence,True,True,True,True,True,5
ID_MUW85LO2,Physical_violence,True,True,True,True,True,5
ID_MVAKC0AV,sexual_violence,True,True,True,True,True,5
ID_MVBDEHXG,Physical_violence,True,True,True,True,True,5
ID_MVEMGYSC,sexual_violence,True,True,True,True,True,5
ID_MVJE3U66,sexual_violence,True,True,True,True,True,5
ID_MVJLGDM4,sexual_violence,True,True,True,True,True,5
ID_MVJLSKPE,sexual_violence,True,True,True,True,True,5
ID_MVJZZSQO,sexual_violence,True,True,True,True,True,5
ID_MVNBKNQR,sexual_violence,True,True,True,True,True,5
ID_MVT48DJD,sexual_violence,True,True,True,True,True,5
ID_MVV9QIKE,sexual_violence,True,True,True,True,True,5
ID_MW1O08G5,sexual_violence,True,True,True,True,True,5
ID_MW3TKKJ9,sexual_violence,True,True,True,True,True,5
ID_MWIKDNA9,sexual_violence,True,True,True,True,True,5
ID_MWU0YM8M,sexual_violence,True,True,True,True,True,5
ID_MWUA17WG,sexual_violence,True,True,True,True,True,5
ID_MWXXNLWY,sexual_violence,True,True,True,True,True,5
ID_MX7LW27D,sexual_violence,True,True,True,True,True,5
ID_MXXQLIY5,sexual_violence,True,True,True,True,True,5
ID_MY6EOZ9U,sexual_violence,True,True,True,True,True,5
ID_MY7IL81S,sexual_violence,True,True,True,True,True,5
ID_MYA0H0SI,Physical_violence,True,True,True,True,True,5
ID_MYK7L1LU,Physical_violence,True,True,True,True,True,5
ID_MYTHLY3V,Physical_violence,True,True,True,True,True,5
ID_MYTQVVRK,sexual_violence,True,True,True,True,True,5
ID_MYY9FT4C,Physical_violence,True,True,True,True,True,5
ID_MZ1LNEY2,sexual_violence,True,True,True,True,True,5
ID_MZ405JZ2,sexual_violence,True,True,True,True,True,5
ID_MZDODYZZ,sexual_violence,True,True,True,True,True,5
ID_MZKTSW6G,sexual_violence,True,True,True,True,True,5
ID_MZLY5ZD6,sexual_violence,True,True,True,True,True,5
ID_MZQ0EBJX,sexual_violence,True,True,True,True,True,5
ID_MZT9X54J,Physical_violence,True,True,True,True,True,5
ID_MZV16MU0,sexual_violence,True,True,True,True,True,5
ID_MZXQ70W6,sexual_violence,True,True,True,True,True,5
ID_N0I2U9I0,Physical_violence,True,True,True,True,True,5
ID_N0IJ1IYS,sexual_violence,True,True,True,True,True,5
ID_N0LZ0PCM,sexual_violence,True,True,True,True,True,5
ID_N0NKO7W7,Physical_violence,True,True,True,True,True,5
ID_N0OCP6YB,emotional_violence,True,True,True,True,True,5
ID_N0TDF1IK,sexual_violence,True,True,True,True,True,5
ID_N10XX546,sexual_violence,True,True,True,True,True,5
ID_N1HN92AK,sexual_violence,True,True,True,True,True,5
ID_N1KLJ071,sexual_violence,True,True,True,True,True,5
ID_N1S5UGYM,sexual_violence,False,True,True,True,True,4
ID_N1SVLK4C,Physical_violence,True,True,True,True,True,5
ID_N1VA1785,sexual_violence,True,True,True,True,True,5
ID_N1WSCS9X,sexual_violence,True,True,True,True,True,5
ID_N1WT8GGG,sexual_violence,True,True,True,True,True,5
ID_N1X9EABP,sexual_violence,True,True,True,True,True,5
ID_N1ZV93LW,sexual_violence,True,True,True,True,True,5
ID_N2BW3V91,sexual_violence,True,True,True,True,True,5
ID_N2NJIZL7,sexual_violence,True,True,True,True,True,5
ID_N2WWN62S,sexual_violence,True,True,True,True,True,5
ID_N39V295R,Physical_violence,True,True,True,True,True,5
ID_N3CPEEII,Physical_violence,True,True,True,True,True,5
ID_N3I69K58,sexual_violence,True,True,True,True,True,5
ID_N3QRNGIY,sexual_violence,True,True,True,True,True,5
ID_N3V5VAJ8,sexual_violence,True,True,True,True,True,5
ID_N3VEY9OI,sexual_violence,True,True,True,True,True,5
ID_N3VZB85C,sexual_violence,True,True,True,True,True,5
ID_N3W4LHZV,sexual_violence,True,True,True,True,True,5
ID_N46CY9Q4,sexual_violence,True,True,True,True,True,5
ID_N4J1LJ7D,sexual_violence,True,True,True,True,True,5
ID_N4KEMRCZ,sexual_violence,True,True,True,True,True,5
ID_N4O4D4P2,sexual_violence,True,True,True,True,True,5
ID_N4QCXT9X,sexual_violence,True,True,True,True,True,5
ID_N4R6UQGI,Physical_violence,True,True,True,True,True,5
ID_N4UFRXJ0,sexual_violence,True,True,True,True,True,5
ID_N5DH6QWA,sexual_violence,True,True,True,True,True,5
ID_N5QO3GDH,sexual_violence,True,True,True,True,True,5
ID_N5RXS9V2,sexual_violence,True,True,True,True,True,5
ID_N689RV7A,sexual_violence,True,True,True,True,True,5
ID_N6GADOGB,sexual_violence,True,True,True,True,True,5
ID_N6JN9ZM0,Physical_violence,True,True,True,True,True,5
ID_N6NC63QB,Physical_violence,True,True,True,True,True,5
ID_N6NQP8KU,sexual_violence,True,True,True,True,True,5
ID_N6RMMD5G,Physical_violence,True,True,True,True,True,5
ID_N709BNYY,sexual_violence,True,True,True,True,True,5
ID_N76A0TY8,sexual_violence,True,True,True,True,True,5
ID_N7AS83DX,Physical_violence,True,True,True,True,True,5
ID_N7CCKUWZ,sexual_violence,True,True,True,True,True,5
ID_N7DFXZU6,sexual_violence,True,True,True,True,True,5
ID_N7I6Z0T5,sexual_violence,True,True,True,True,True,5
ID_N7MPB8WS,sexual_violence,True,True,True,True,True,5
ID_N7PV0CJI,Physical_violence,True,True,True,True,True,5
ID_N804FCMD,sexual_violence,True,True,True,True,True,5
ID_N840SRH5,sexual_violence,True,True,True,True,True,5
ID_N8BSGAIQ,sexual_violence,False,True,True,True,True,4
ID_N8C34L0H,sexual_violence,True,True,True,True,True,5
ID_N8DJUKR8,sexual_violence,True,True,True,True,True,5
ID_N8HU1HGM,sexual_violence,True,True,True,True,True,5
ID_N8QCD5XW,sexual_violence,True,True,True,True,True,5
ID_N8UP7V5I,sexual_violence,True,True,True,True,True,5
ID_N92CFW4Y,Physical_violence,True,True,True,True,True,5
ID_N947QWBW,sexual_violence,True,True,True,True,True,5
ID_N98OHQBV,sexual_violence,True,True,True,True,True,5
ID_N9CV0MWJ,Physical_violence,True,True,True,True,True,5
ID_N9FY73NR,sexual_violence,True,True,True,True,True,5
ID_N9LLHERB,sexual_violence,True,True,True,True,True,5
ID_NA3IX5B4,economic_violence,True,False,True,True,True,4
ID_NA6T85M0,sexual_violence,True,True,True,True,True,5
ID_NACUBC7L,sexual_violence,True,True,True,True,True,5
ID_NAGK8ZH9,sexual_violence,True,True,True,True,True,5
ID_NAR6CHJO,sexual_violence,True,True,True,True,True,5
ID_NAXPVUEV,sexual_violence,True,True,True,True,True,5
ID_NAZCNFOJ,sexual_violence,True,True,True,True,True,5
ID_NB0WQWF9,sexual_violence,True,True,True,True,True,5
ID_NBBKFQP7,Physical_violence,True,True,True,True,True,5
ID_NBFNTVFK,sexual_violence,True,False,True,True,False,3
ID_NBXUPD1C,sexual_violence,True,True,True,True,True,5
ID_NCAONYQZ,sexual_violence,True,True,True,True,True,5
ID_NCL85IM0,sexual_violence,True,True,True,True,True,5
ID_NCQ41BF7,sexual_violence,True,True,True,True,True,5
ID_NCQWG99K,sexual_violence,True,True,True,True,True,5
ID_NCUBN275,sexual_violence,False,True,True,True,True,4
ID_NDGYC5TN,sexual_violence,True,True,True,True,True,5
ID_NDMSAQUS,sexual_violence,True,True,True,True,True,5
ID_NDNBZTDM,sexual_violence,True,True,True,True,True,5
ID_NE1K6XCO,Physical_violence,True,True,True,True,True,5
ID_NE2WJOIP,sexual_violence,True,True,True,True,True,5
ID_NE7ESURI,sexual_violence,True,True,True,True,True,5
ID_NE9YFC9P,emotional_violence,True,True,True,True,True,5
ID_NEDR6K9E,sexual_violence,True,True,True,True,True,5
ID_NEKM7F4E,Physical_violence,True,True,True,True,True,5
ID_NF01M5VX,sexual_violence,True,True,True,True,True,5
ID_NF7H26E7,sexual_violence,True,True,True,True,True,5
ID_NF8TM1V4,sexual_violence,True,True,True,True,True,5
ID_NFATIPCJ,sexual_violence,True,True,True,True,True,5
ID_NFBNILUJ,sexual_violence,True,True,True,True,True,5
ID_NFFI0O1E,emotional_violence,True,True,True,True,True,5
ID_NFKCGCQK,Physical_violence,True,True,True,True,True,5
ID_NFPCOW63,Physical_violence,True,True,True,True,True,5
ID_NFXBL4M5,sexual_violence,True,True,True,True,True,5
ID_NFXD7R7C,sexual_violence,True,True,True,True,True,5
ID_NFXGZD6Y,sexual_violence,True,True,True,True,True,5
ID_NG5QW6TI,sexual_violence,True,True,True,True,True,5
ID_NG62FJ3Q,Physical_violence,True,True,True,True,True,5
ID_NG75MAHS,sexual_violence,True,True,True,True,True,5
ID_NGBSUVZL,Physical_violence,True,True,True,True,True,5
ID_NGPKU4QH,sexual_violence,True,True,True,True,True,5
ID_NGTWVXD5,sexual_violence,True,True,True,True,True,5
ID_NH01YZO2,sexual_violence,True,True,True,True,True,5
ID_NHQ4AK0J,Physical_violence,True,True,True,True,True,5
ID_NHSYKXIE,sexual_violence,True,True,True,True,True,5
ID_NI5M65OT,sexual_violence,True,True,True,True,True,5
ID_NI6K5JJ7,sexual_violence,True,True,True,True,True,5
ID_NI9FNZFW,sexual_violence,True,True,True,True,True,5
ID_NIACPVFJ,sexual_violence,True,True,True,True,True,5
ID_NIR55Z0U,sexual_violence,True,True,True,True,True,5
ID_NIRJ0X3M,sexual_violence,True,True,True,True,True,5
ID_NIVZAHNC,sexual_violence,True,True,True,True,True,5
ID_NIYKZEW2,sexual_violence,True,True,True,True,True,5
ID_NJ4B7IU6,Physical_violence,True,True,True,True,True,5
ID_NJ5BQVQI,Physical_violence,True,True,True,True,True,5
ID_NJ8DZQ9A,sexual_violence,True,True,True,True,True,5
ID_NJ9GHTLI,sexual_violence,True,True,True,True,True,5
ID_NJC0ZFCS,sexual_violence,True,True,True,True,True,5
ID_NJE3NM4K,sexual_violence,True,True,True,True,True,5
ID_NJEWR38M,sexual_violence,True,True,True,True,True,5
ID_NJY7TBPH,sexual_violence,True,True,True,True,True,5
ID_NK3NI70J,sexual_violence,True,True,True,True,True,5
ID_NK5GJP10,sexual_violence,True,True,True,True,True,5
ID_NKE67AOS,sexual_violence,True,True,True,True,True,5
ID_NKET1PVN,sexual_violence,True,True,True,True,True,5
ID_NL1OUABN,sexual_violence,True,True,True,True,True,5
ID_NL3E2N82,sexual_violence,True,True,True,True,True,5
ID_NL9Y5F67,sexual_violence,True,True,True,True,True,5
ID_NLA08VXZ,sexual_violence,True,True,True,True,True,5
ID_NLAPG60L,sexual_violence,True,True,True,True,True,5
ID_NLQV0ADP,Physical_violence,True,True,True,True,True,5
ID_NLSICM0I,sexual_violence,True,True,True,True,True,5
ID_NM5SDHRL,sexual_violence,True,True,True,True,True,5
ID_NMT0FO5L,sexual_violence,True,True,True,True,True,5
ID_NMWEAPIN,sexual_violence,True,True,True,True,True,5
ID_NMX7AYVH,sexual_violence,True,True,True,True,True,5
ID_NN9I4PD2,sexual_violence,True,True,True,True,True,5
ID_NND9H3ER,sexual_violence,True,True,True,True,True,5
ID_NNDPL9CO,Physical_violence,True,True,True,True,True,5
ID_NNMU2LMP,Physical_violence,True,True,True,True,True,5
ID_NNOHPABK,sexual_violence,True,True,True,True,True,5
ID_NNVMIFMG,sexual_violence,True,True,True,True,True,5
ID_NO61TUW5,sexual_violence,True,True,True,True,True,5
ID_NO6BSH7L,sexual_violence,True,True,True,True,True,5
ID_NOE9D082,sexual_violence,True,True,True,True,True,5
ID_NOHZ9LL6,sexual_violence,True,True,True,True,True,5
ID_NOJHWI82,sexual_violence,True,True,True,True,True,5
ID_NOLC8LJU,sexual_violence,True,True,True,True,True,5
ID_NOR1TXRA,sexual_violence,True,True,True,True,True,5
ID_NOWXBYS7,sexual_violence,True,True,True,True,True,5
ID_NP17KL31,sexual_violence,True,True,True,True,True,5
ID_NP9NZLH1,sexual_violence,True,True,True,True,True,5
ID_NPASY3QE,economic_violence,True,True,True,True,True,5
ID_NPXZH5WC,sexual_violence,True,True,True,True,True,5
ID_NPY6ZAZO,sexual_violence,True,True,True,True,True,5
ID_NPYOSNHO,sexual_violence,True,True,True,True,True,5
ID_NQ071F9L,sexual_violence,True,True,True,True,True,5
ID_NQDV5MNN,Harmful_Traditional_practice,True,True,True,True,True,5
ID_NQE2LWPN,sexual_violence,True,True,True,True,True,5
ID_NQK7GYRT,sexual_violence,True,True,True,True,True,5
ID_NR6P0V65,sexual_violence,True,True,True,True,True,5
ID_NR8GL2E8,sexual_violence,True,True,True,True,True,5
ID_NRDQD0B7,sexual_violence,True,True,True,True,True,5
ID_NRJUWBIW,Physical_violence,True,True,True,True,True,5
ID_NRL16FB3,Physical_violence,True,True,True,True,True,5
ID_NSFK3VDW,sexual_violence,True,True,True,True,True,5
ID_NSHT9CO5,sexual_violence,True,True,True,True,True,5
ID_NSW5XFT6,sexual_violence,True,True,True,True,True,5
ID_NT97OK57,sexual_violence,True,True,True,True,True,5
ID_NTG3E26R,sexual_violence,True,True,True,True,True,5
ID_NU4S1EG0,sexual_violence,True,True,True,True,True,5
ID_NU8ONDCA,sexual_violence,True,True,True,True,True,5
ID_NUAXNUQP,Harmful_Traditional_practice,True,True,True,False,True,4
ID_NUD42URY,sexual_violence,True,True,True,True,True,5
ID_NUFV7F3Q,sexual_violence,True,True,True,True,True,5
ID_NUQMI3MR,sexual_violence,True,True,True,True,True,5
ID_NUWA6QGJ,sexual_violence,True,True,True,True,True,5
ID_NV2WKBJX,Physical_violence,True,True,True,True,True,5
ID_NV68UH1W,sexual_violence,True,True,True,True,True,5
ID_NVCGROSN,sexual_violence,True,True,True,True,True,5
ID_NVHOTPWY,sexual_violence,True,True,True,True,True,5
ID_NVLFVIAW,Physical_violence,True,True,True,True,True,5
ID_NVZNELBB,sexual_violence,True,True,True,True,True,5
ID_NWCLOXI9,sexual_violence,True,True,True,True,True,5
ID_NWGF2S28,sexual_violence,True,True,True,True,True,5
ID_NWHEEFNL,sexual_violence,True,True,True,True,True,5
ID_NWKQVB89,sexual_violence,True,True,True,True,True,5
ID_NWLP23HR,Physical_violence,True,True,True,True,True,5
ID_NWO8YVBO,sexual_violence,True,True,True,True,True,5
ID_NWQJ4PLA,sexual_violence,True,True,True,True,True,5
ID_NWS530WQ,sexual_violence,True,True,True,True,True,5
ID_NWXXBYRB,Physical_violence,True,True,True,True,True,5
ID_NX0MB5FQ,sexual_violence,True,True,True,True,True,5
ID_NX23BNIV,sexual_violence,True,True,True,True,True,5
ID_NX3TMZ26,sexual_violence,True,True,True,True,True,5
ID_NX4889JG,sexual_violence,True,True,True,True,True,5
ID_NXE4BYPD,sexual_violence,True,True,True,True,True,5
ID_NXOGROUX,sexual_violence,True,True,True,True,True,5
ID_NXRC7AVL,sexual_violence,True,True,True,True,True,5
ID_NXS691UF,sexual_violence,True,True,True,True,True,5
ID_NXSYV5T8,sexual_violence,True,True,True,True,True,5
ID_NXV3AUNU,sexual_violence,True,True,True,True,True,5
ID_NXVIQGCA,sexual_violence,True,True,True,True,True,5
ID_NY1XFNK4,sexual_violence,True,True,True,True,True,5
ID_NY509RZI,sexual_violence,True,True,True,True,True,5
ID_NY5O6H87,sexual_violence,True,True,True,True,True,5
ID_NY8UIMZJ,sexual_violence,True,True,True,True,True,5
ID_NYGU34AI,sexual_violence,True,True,True,True,True,5
ID_NYPDX8BS,Physical_violence,True,True,True,True,True,5
ID_NYQURWBI,sexual_violence,True,True,True,True,True,5
ID_NYRXO8JD,sexual_violence,True,True,True,True,True,5
ID_NYUBHMYV,sexual_violence,True,True,True,True,True,5
ID_NYXHUBWU,sexual_violence,True,True,True,True,True,5
ID_NYYKQQBM,sexual_violence,True,True,True,True,True,5
ID_NZ82T82C,sexual_violence,True,True,True,True,True,5
ID_NZ95DV5X,Physical_violence,True,True,True,True,True,5
ID_NZNUGBZ5,sexual_violence,True,True,True,True,True,5
ID_NZTR06ZB,sexual_violence,True,True,True,True,True,5
ID_NZUN7IGZ,sexual_violence,True,True,True,True,True,5
ID_NZWCFZ6M,Physical_violence,True,True,True,True,True,5
ID_O00PN7KA,sexual_violence,True,True,True,True,True,5
ID_O09ZAN20,sexual_violence,True,True,True,True,True,5
ID_O0MMH7NW,Physical_violence,True,True,True,True,True,5
ID_O0NY192B,sexual_violence,True,True,True,True,True,5
ID_O0UA4JZY,sexual_violence,True,True,True,True,True,5
ID_O0Y177G4,sexual_violence,True,True,True,True,True,5
ID_O0ZISD13,sexual_violence,True,True,True,True,True,5
ID_O19KXAUA,sexual_violence,True,True,True,True,True,5
ID_O1DCK8BT,economic_violence,True,True,True,True,True,5
ID_O1H6ZVLS,sexual_violence,True,True,True,True,True,5
ID_O25D40W4,Physical_violence,True,True,True,True,True,5
ID_O2JH1FT1,sexual_violence,True,True,True,True,True,5
ID_O2OUM9DN,Physical_violence,True,True,True,True,True,5
ID_O2TOU8D4,sexual_violence,True,True,True,True,True,5
ID_O2W3JPCL,sexual_violence,True,True,True,True,True,5
ID_O382WAVK,sexual_violence,True,True,True,True,True,5
ID_O3O9AXHL,sexual_violence,True,True,True,True,True,5
ID_O3Q1P140,Physical_violence,True,True,True,True,True,5
ID_O3YG3MLH,sexual_violence,True,True,True,True,True,5
ID_O3ZA9R7D,Physical_violence,True,True,True,True,True,5
ID_O40G6WH8,sexual_violence,True,True,True,True,True,5
ID_O42126L3,sexual_violence,True,True,True,True,True,5
ID_O42E9JBY,sexual_violence,True,True,True,True,True,5
ID_O42TNTVE,sexual_violence,True,True,True,True,True,5
ID_O4549V6A,sexual_violence,True,True,True,True,True,5
ID_O47K7Z7M,sexual_violence,True,True,True,True,True,5
ID_O48BKAQ0,Physical_violence,True,True,True,True,True,5
ID_O4IU4BQ4,Physical_violence,True,True,True,True,True,5
ID_O4NK2NEU,emotional_violence,True,True,True,False,True,4
ID_O4PWZ6IL,sexual_violence,True,True,True,True,True,5
ID_O4VMG5JW,Physical_violence,True,True,True,True,True,5
ID_O59RPP29,sexual_violence,True,True,True,True,True,5
ID_O5B0M0ST,sexual_violence,True,True,True,True,True,5
ID_O5B6Y63O,Physical_violence,True,True,True,True,True,5
ID_O5RMCD7Y,Physical_violence,True,True,True,True,True,5
ID_O5Z5H2IL,sexual_violence,True,True,True,True,True,5
ID_O5ZN8OI2,Physical_violence,True,True,True,True,True,5
ID_O66EYBP8,sexual_violence,True,True,True,True,True,5
ID_O6KDFTHL,sexual_violence,True,True,True,True,True,5
ID_O6SWKDAI,sexual_violence,True,True,True,True,True,5
ID_O7CAZRHA,sexual_violence,True,True,True,True,True,5
ID_O7FSPXKS,Physical_violence,True,True,True,True,True,5
ID_O7GQ1ZE0,sexual_violence,True,True,True,True,True,5
ID_O7M64S9Q,sexual_violence,True,True,True,True,True,5
ID_O7NT1EPA,Physical_violence,True,True,True,True,True,5
ID_O810FNGI,sexual_violence,True,True,True,True,True,5
ID_O834KR52,Physical_violence,True,True,True,True,True,5
ID_O83AMM6I,sexual_violence,True,True,True,True,True,5
ID_O8CU2ZRV,sexual_violence,True,True,True,True,True,5
ID_O8KNW1SU,sexual_violence,True,True,True,True,True,5
ID_O8LLQZ04,sexual_violence,True,True,True,True,True,5
ID_O8M4ROTT,sexual_violence,True,True,True,True,True,5
ID_O8OFBBM8,sexual_violence,True,True,True,True,True,5
ID_O8XQ9IZ9,sexual_violence,True,True,True,True,True,5
ID_O8YES1C1,sexual_violence,True,True,True,True,True,5
ID_O949A5WO,sexual_violence,True,True,True,True,True,5
ID_O97O8ZAE,sexual_violence,True,True,True,True,True,5
ID_O985D2AX,sexual_violence,True,True,True,True,True,5
ID_O9LAT8Q5,sexual_violence,True,True,True,True,True,5
ID_O9QUIKT2,sexual_violence,True,True,True,True,True,5
ID_O9SZKQMG,Physical_violence,True,True,True,True,True,5
ID_O9UB9UH1,sexual_violence,True,True,True,True,True,5
ID_O9WI7BR0,sexual_violence,True,True,True,True,True,5
ID_OAE6PQIU,sexual_violence,True,True,True,True,True,5
ID_OARCQGWO,sexual_violence,True,True,True,True,True,5
ID_OARF0067,sexual_violence,True,True,True,True,True,5
ID_OAY9SRAL,sexual_violence,True,True,True,True,True,5
ID_OB1HL0FN,sexual_violence,True,True,True,True,True,5
ID_OB2UVKQB,sexual_violence,True,True,True,True,True,5
ID_OB3V2CQG,Physical_violence,True,True,True,True,True,5
ID_OB8Y9TPZ,sexual_violence,True,True,True,True,True,5
ID_OBBALPKM,sexual_violence,True,True,True,True,True,5
ID_OBNY14QM,sexual_violence,True,True,True,True,True,5
ID_OBY67YUF,sexual_violence,True,True,True,True,True,5
ID_OBYGEF6I,sexual_violence,True,True,True,True,True,5
ID_OCRK87XD,sexual_violence,True,True,True,True,True,5
ID_OCSPLYWZ,sexual_violence,True,True,True,True,True,5
ID_OD22CNMO,sexual_violence,True,True,True,True,True,5
ID_ODEN7UBP,sexual_violence,True,True,True,True,True,5
ID_ODH72XC4,sexual_violence,True,True,True,True,True,5
ID_ODI26UAE,emotional_violence,True,True,True,True,True,5
ID_ODLCGK59,sexual_violence,True,True,True,True,True,5
ID_ODOKSDLQ,sexual_violence,True,True,True,True,True,5
ID_ODRGFVKI,sexual_violence,True,True,True,True,True,5
ID_ODY954T2,Physical_violence,True,True,True,True,True,5
ID_ODYFE0P4,Physical_violence,True,True,True,True,True,5
ID_OE18BSMX,Physical_violence,True,True,True,True,True,5
ID_OE901N2Y,sexual_violence,True,True,True,True,True,5
ID_OE98HLF0,sexual_violence,True,True,True,True,True,5
ID_OEDP8FAA,sexual_violence,True,True,True,True,True,5
ID_OEDXDAII,sexual_violence,True,True,True,True,True,5
ID_OEGOTN8M,sexual_violence,True,True,True,True,True,5
ID_OEI1ND5M,sexual_violence,True,True,True,True,True,5
ID_OEMKWVGR,sexual_violence,True,True,True,True,True,5
ID_OEUA8QFN,sexual_violence,True,True,True,True,True,5
ID_OF163WW6,sexual_violence,True,True,True,True,True,5
ID_OF3OR0DD,sexual_violence,True,True,True,True,True,5
ID_OFE1QLFC,sexual_violence,True,True,True,True,True,5
ID_OFGKXNWB,sexual_violence,True,True,True,True,True,5
ID_OFP71NTY,sexual_violence,True,True,True,True,True,5
ID_OFPH3Z8D,sexual_violence,True,True,True,True,True,5
ID_OFPKRWV8,Physical_violence,True,True,True,True,True,5
ID_OFRP5O4J,sexual_violence,True,True,True,True,True,5
ID_OG1SMJN7,sexual_violence,True,True,True,True,True,5
ID_OG44YKWV,sexual_violence,True,True,True,True,True,5
ID_OGBN3DA5,sexual_violence,True,True,True,True,True,5
ID_OGR1J6FX,sexual_violence,True,True,True,True,True,5
ID_OHR282VN,sexual_violence,True,True,True,True,True,5
ID_OHZAYID3,sexual_violence,True,True,True,True,True,5
ID_OI8LY72K,sexual_violence,True,True,True,True,True,5
ID_OILFKURC,sexual_violence,True,True,True,True,True,5
ID_OIX59W2V,sexual_violence,True,True,True,True,True,5
ID_OJ1KJFVX,sexual_violence,True,True,True,True,True,5
ID_OJ3ZRTRS,sexual_violence,True,True,True,True,True,5
ID_OJ71K4X8,Physical_violence,True,True,True,True,True,5
ID_OJ9WS9SR,sexual_violence,True,True,True,True,True,5
ID_OJFR965J,sexual_violence,True,True,True,True,True,5
ID_OJYLZMU9,sexual_violence,True,True,True,True,True,5
ID_OK8SKCVF,sexual_violence,True,True,True,True,True,5
ID_OKDWZZLM,Physical_violence,True,True,True,True,True,5
ID_OKMRP3IY,sexual_violence,True,True,True,True,True,5
ID_OKQWNB00,sexual_violence,True,True,True,True,True,5
ID_OKWDGIZU,sexual_violence,True,True,True,True,True,5
ID_OL29HSHC,sexual_violence,True,True,True,True,True,5
ID_OL5UBEV8,sexual_violence,True,True,True,True,True,5
ID_OL8M16Q1,Physical_violence,True,True,True,True,True,5
ID_OLEQ4KOM,Physical_violence,True,True,True,True,True,5
ID_OLIKJXTT,Physical_violence,True,True,True,True,True,5
ID_OLIOC1YL,sexual_violence,True,True,True,True,True,5
ID_OLJ41IJC,sexual_violence,True,True,True,True,True,5
ID_OLJBRDHZ,sexual_violence,True,True,True,True,True,5
ID_OLPZ2QMO,sexual_violence,True,True,True,True,True,5
ID_OLXACJP4,sexual_violence,True,True,True,True,True,5
ID_OMFQJIW9,sexual_violence,True,True,True,True,True,5
ID_OMG7XGZM,sexual_violence,True,True,True,True,True,5
ID_OMH3VY7T,sexual_violence,True,True,True,True,True,5
ID_OMIIAVU6,sexual_violence,True,True,True,True,True,5
ID_OMJFCUQV,sexual_violence,True,True,True,True,True,5
ID_OMY05PBJ,sexual_violence,True,True,True,True,True,5
ID_ON0J2DJE,Physical_violence,True,True,True,True,True,5
ID_ON9HD8WU,sexual_violence,True,True,True,True,True,5
ID_ONFHROOY,sexual_violence,True,True,True,True,True,5
ID_ONI0F2TH,sexual_violence,True,True,True,True,True,5
ID_ONQF2TD4,sexual_violence,True,True,True,True,True,5
ID_OO57O6IP,sexual_violence,True,True,True,True,True,5
ID_OO5R4CCL,sexual_violence,True,True,True,True,True,5
ID_OOGG86DQ,sexual_violence,True,True,True,True,True,5
ID_OP1UQTNS,sexual_violence,True,True,True,True,True,5
ID_OPHYO6S7,sexual_violence,True,True,True,True,True,5
ID_OPZW35B4,Physical_violence,True,True,True,True,True,5
ID_OQ3N3PD5,sexual_violence,True,True,True,True,True,5
ID_OQLT1MYQ,sexual_violence,True,True,True,True,True,5
ID_OQRT6Y02,sexual_violence,True,True,True,True,True,5
ID_OR0T4KN7,Harmful_Traditional_practice,True,True,True,False,True,4
ID_OR4MA2AE,sexual_violence,True,True,True,True,True,5
ID_OR6DUVF8,sexual_violence,True,True,True,True,True,5
ID_ORP3LH2N,sexual_violence,True,True,True,True,True,5
ID_OS1WD5G6,sexual_violence,True,True,True,True,True,5
ID_OS7E9HS8,sexual_violence,True,True,True,True,True,5
ID_OS8FAZIR,sexual_violence,True,True,True,True,True,5
ID_OSDAZLAW,sexual_violence,True,True,True,True,True,5
ID_OSKEM7TE,sexual_violence,True,True,True,True,True,5
ID_OT2TPZM2,sexual_violence,True,True,True,True,True,5
ID_OT52B9VY,sexual_violence,True,True,True,True,True,5
ID_OT5FKOWQ,sexual_violence,True,True,True,True,True,5
ID_OTEW85W8,sexual_violence,True,True,True,True,True,5
ID_OTN221ZN,sexual_violence,True,True,True,True,True,5
ID_OTT0KH1M,sexual_violence,True,True,True,True,True,5
ID_OTX4S52I,sexual_violence,True,True,True,True,True,5
ID_OTXFPIK7,sexual_violence,True,True,True,True,True,5
ID_OU3HP99L,sexual_violence,True,True,True,True,True,5
ID_OU4NF6OL,Physical_violence,True,True,True,True,True,5
ID_OUB3NQY3,sexual_violence,True,True,True,True,True,5
ID_OUBVLWB7,sexual_violence,True,True,True,True,True,5
ID_OUJELZ3G,sexual_violence,True,True,True,True,True,5
ID_OUQ54RUO,sexual_violence,True,True,True,True,True,5
ID_OURLX313,sexual_violence,True,True,True,True,True,5
ID_OUXLPFQV,Physical_violence,True,True,True,True,True,5
ID_OV31GCH9,Physical_violence,True,True,True,True,True,5
ID_OVAD4FU3,sexual_violence,True,True,True,True,True,5
ID_OVAIZI3O,sexual_violence,True,True,True,True,True,5
ID_OVIWBGAL,sexual_violence,True,True,True,True,True,5
ID_OVT5HYTQ,sexual_violence,True,True,True,True,True,5
ID_OW3CSQ6T,Physical_violence,True,True,True,True,True,5
ID_OWD168SA,sexual_violence,True,True,True,True,True,5
ID_OWISY1YR,sexual_violence,True,True,True,True,True,5
ID_OWMOAOSC,sexual_violence,True,True,True,True,True,5
ID_OWWKPPUR,sexual_violence,True,True,True,True,True,5
ID_OWWPS7G5,sexual_violence,True,True,True,True,True,5
ID_OXFXEXSO,sexual_violence,True,True,True,True,True,5
ID_OXFY98VF,sexual_violence,True,True,True,True,True,5
ID_OXGONPAD,sexual_violence,True,True,True,True,True,5
ID_OXX4PBRH,sexual_violence,True,True,True,True,True,5
ID_OY72Z74I,sexual_violence,True,True,True,True,True,5
ID_OYEEW51S,sexual_violence,True,True,True,True,True,5
ID_OYFFYXD1,sexual_violence,True,True,True,True,True,5
ID_OYGOGI7M,Physical_violence,True,True,True,True,True,5
ID_OYGRQ69E,sexual_violence,True,True,True,True,True,5
ID_OYL6SDHH,sexual_violence,True,True,True,True,True,5
ID_OYPOHK1S,sexual_violence,True,True,True,True,True,5
ID_OYUIC8VJ,Physical_violence,True,True,True,True,True,5
ID_OZ0LC6W5,sexual_violence,True,True,True,True,True,5
ID_OZEMEK3G,Physical_violence,True,True,True,True,True,5
ID_OZGMYTWL,sexual_violence,True,True,True,True,True,5
ID_OZI39F4I,sexual_violence,True,True,True,True,True,5
ID_OZNCLSBW,Physical_violence,True,True,True,True,True,5
ID_OZU9U9NH,Physical_violence,True,True,True,True,True,5
ID_OZWZZ1T1,sexual_violence,True,True,True,True,True,5
ID_P04054G7,sexual_violence,True,True,True,True,True,5
ID_P0BGBYC0,sexual_violence,True,True,True,True,True,5
ID_P0EOQXFS,emotional_violence,True,True,True,True,True,5
ID_P0T4XJZH,sexual_violence,True,True,True,True,True,5
ID_P0V47RPY,sexual_violence,True,True,True,True,True,5
ID_P1FURK23,Physical_violence,True,True,True,True,True,5
ID_P1GH3IP3,Physical_violence,True,True,True,True,True,5
ID_P1HIH0IK,sexual_violence,True,True,True,True,True,5
ID_P1N8BTGL,sexual_violence,True,True,True,True,True,5
ID_P1RSD4JP,economic_violence,True,True,True,True,True,5
ID_P24MMFG5,sexual_violence,True,True,True,True,True,5
ID_P256MDRF,sexual_violence,True,True,True,True,True,5
ID_P27OA40X,sexual_violence,True,True,True,True,True,5
ID_P2MA3BAA,sexual_violence,True,True,True,True,True,5
ID_P2WDDL9T,Physical_violence,True,True,True,True,True,5
ID_P317AZV0,sexual_violence,True,True,True,True,True,5
ID_P31BHJ5Z,sexual_violence,True,True,True,True,True,5
ID_P31SB6MM,sexual_violence,True,True,True,True,True,5
ID_P31X6ZS2,sexual_violence,True,True,True,True,True,5
ID_P32J2MUK,sexual_violence,True,True,True,True,True,5
ID_P3O2VDNQ,sexual_violence,True,True,True,True,True,5
ID_P3TM1D7F,sexual_violence,True,True,True,True,True,5
ID_P3VEUUFV,Physical_violence,True,True,True,True,True,5
ID_P3YBOV1V,emotional_violence,True,False,True,True,True,4
ID_P40LSQCW,sexual_violence,True,True,True,True,True,5
ID_P433BM1S,Physical_violence,True,True,True,True,True,5
ID_P48UJR3L,sexual_violence,True,True,True,True,True,5
ID_P493VTXX,Physical_violence,True,True,True,True,True,5
ID_P498VV5J,Physical_violence,True,True,True,True,True,5
ID_P49UOUOU,sexual_violence,True,True,True,True,True,5
ID_P4E9UTG8,sexual_violence,True,True,True,True,True,5
ID_P4NJUTIC,sexual_violence,True,True,True,True,True,5
ID_P4SNYV8E,Physical_violence,True,True,True,True,True,5
ID_P5504L7K,sexual_violence,True,True,True,True,True,5
ID_P55N3YR6,sexual_violence,True,True,True,True,True,5
ID_P569IHJ5,Physical_violence,True,True,True,True,True,5
ID_P57UM0RI,sexual_violence,True,True,True,True,True,5
ID_P58KMOOR,sexual_violence,True,True,True,True,True,5
ID_P5LX7D8S,Physical_violence,True,True,True,True,True,5
ID_P5O9JQFW,sexual_violence,True,True,True,True,True,5
ID_P5P40K52,sexual_violence,True,True,True,True,True,5
ID_P5QO7LBN,sexual_violence,True,True,True,True,True,5
ID_P5QTKCCL,sexual_violence,True,True,True,True,True,5
ID_P5T2HTTO,sexual_violence,True,True,True,True,True,5
ID_P63SFY1K,Physical_violence,True,True,True,True,True,5
ID_P6CAGQQO,sexual_violence,True,True,True,True,True,5
ID_P6KW30DQ,sexual_violence,True,True,True,True,True,5
ID_P6LMJBWN,Physical_violence,True,True,True,True,True,5
ID_P6M7E1F5,sexual_violence,True,True,True,True,True,5
ID_P6QUQIGP,sexual_violence,True,True,True,True,True,5
ID_P6WUL7ZV,sexual_violence,True,True,True,True,True,5
ID_P7BMR8DK,Physical_violence,True,True,True,True,True,5
ID_P7CN6WOE,sexual_violence,True,True,True,True,True,5
ID_P7HLVJ3T,sexual_violence,True,True,True,True,True,5
ID_P7XVSTQZ,sexual_violence,True,True,True,True,True,5
ID_P8JSR29P,sexual_violence,True,True,True,True,True,5
ID_P8PRVSQM,sexual_violence,True,True,True,True,True,5
ID_P8PW0MW2,sexual_violence,True,True,True,True,True,5
ID_P8XIT0VQ,Physical_violence,True,True,True,True,True,5
ID_P9B12JR7,sexual_violence,True,True,True,True,True,5
ID_P9FG7IIW,Physical_violence,True,True,True,True,True,5
ID_P9P1N9JR,sexual_violence,True,True,True,True,True,5
ID_P9QA2NTP,sexual_violence,True,True,True,True,True,5
ID_P9W5S3QE,sexual_violence,True,True,True,True,True,5
ID_PA2Q565G,sexual_violence,True,True,True,True,True,5
ID_PAAKEYFT,sexual_violence,True,True,True,True,True,5
ID_PAEXSU1A,sexual_violence,True,True,True,True,True,5
ID_PAGQM5RQ,sexual_violence,True,True,True,True,True,5
ID_PAPGKGM2,sexual_violence,True,True,True,True,True,5
ID_PBP6FIKV,sexual_violence,True,True,True,True,True,5
ID_PC6HFIBA,sexual_violence,True,True,True,True,True,5
ID_PC93NLFA,sexual_violence,True,True,True,True,True,5
ID_PCCVXLCQ,Physical_violence,True,True,True,True,True,5
ID_PCEP1AB2,sexual_violence,True,True,True,True,True,5
ID_PCK5D9SX,sexual_violence,True,True,True,True,True,5
ID_PCN64LGF,sexual_violence,True,True,True,True,True,5
ID_PCP4A36M,sexual_violence,True,True,True,True,True,5
ID_PCQRGHLV,sexual_violence,True,True,True,True,True,5
ID_PCV3K9TE,Physical_violence,True,True,True,True,True,5
ID_PCYP9DT6,sexual_violence,True,True,True,True,True,5
ID_PD8FB9LP,Physical_violence,True,True,True,True,True,5
ID_PDIT7BD1,sexual_violence,True,True,True,True,True,5
ID_PDNUEZA2,sexual_violence,True,True,True,True,True,5
ID_PEDAJQH7,sexual_violence,True,True,True,True,True,5
ID_PEDZHFT4,sexual_violence,True,True,True,True,True,5
ID_PEFKUY52,sexual_violence,True,True,True,True,True,5
ID_PEIS36E0,sexual_violence,True,True,True,True,True,5
ID_PF003ZQ8,sexual_violence,True,True,True,True,True,5
ID_PF199QA7,sexual_violence,True,True,True,True,True,5
ID_PF3DJ7WA,Physical_violence,True,True,True,True,True,5
ID_PF5EJFSB,sexual_violence,True,True,True,True,True,5
ID_PFFR75UQ,Physical_violence,True,True,True,True,True,5
ID_PFJF4B9V,sexual_violence,True,True,True,True,True,5
ID_PFW92TKV,sexual_violence,True,True,True,True,True,5
ID_PFZQARA5,sexual_violence,True,True,True,True,True,5
ID_PG3I9U7Y,Physical_violence,True,True,True,True,True,5
ID_PGPG4E9T,sexual_violence,True,True,True,True,True,5
ID_PH881BWK,sexual_violence,True,True,True,True,True,5
ID_PH8PPNCL,sexual_violence,True,True,True,True,True,5
ID_PHAQTBKL,sexual_violence,True,True,True,True,True,5
ID_PHMXUWM4,sexual_violence,True,True,True,True,True,5
ID_PHR9OF10,sexual_violence,True,True,True,True,True,5
ID_PHT7Q5WW,sexual_violence,True,True,True,True,True,5
ID_PHU3GCAK,Physical_violence,True,True,True,True,True,5
ID_PHYEETGY,sexual_violence,True,True,True,True,True,5
ID_PIBN08EZ,sexual_violence,True,True,True,True,True,5
ID_PIC22CPX,Physical_violence,True,True,True,True,True,5
ID_PII29QU3,sexual_violence,True,True,True,True,True,5
ID_PIK8KROY,sexual_violence,True,True,True,True,True,5
ID_PIQ5E5BG,sexual_violence,True,True,True,True,True,5
ID_PIRILRIC,sexual_violence,True,True,True,True,True,5
ID_PIVW8REM,Physical_violence,True,True,True,True,True,5
ID_PJCOU33I,sexual_violence,True,True,True,True,True,5
ID_PJD8QLUD,sexual_violence,True,True,True,True,True,5
ID_PJFP7KLL,sexual_violence,True,True,True,True,True,5
ID_PJKU9KQD,Physical_violence,True,True,True,True,True,5
ID_PJN5NQDW,Physical_violence,True,True,True,True,True,5
ID_PJOJ1YCL,economic_violence,True,True,True,True,True,5
ID_PJUKVEQG,sexual_violence,True,True,True,True,True,5
ID_PJWWX9RW,sexual_violence,True,True,True,True,True,5
ID_PK4M29GV,sexual_violence,True,True,True,True,True,5
ID_PK947VYK,sexual_violence,True,True,True,True,True,5
ID_PK94A513,sexual_violence,True,True,True,True,True,5
ID_PKLTT4SQ,sexual_violence,True,True,True,True,True,5
ID_PKM85PND,Physical_violence,True,True,True,True,True,5
ID_PKRS6EO8,sexual_violence,True,True,True,True,True,5
ID_PKRYXBMD,sexual_violence,True,True,True,True,True,5
ID_PL4QZ8ES,sexual_violence,True,True,True,True,True,5
ID_PLG2WTEF,Physical_violence,True,True,True,True,True,5
ID_PLJM535K,sexual_violence,True,True,True,True,True,5
ID_PLLU0T1S,sexual_violence,True,True,True,True,True,5
ID_PLTG046T,sexual_violence,True,True,True,True,True,5
ID_PMDLTNPV,sexual_violence,True,True,True,True,True,5
ID_PMIWUJTW,sexual_violence,True,True,True,True,True,5
ID_PML6BEZI,sexual_violence,True,True,True,True,True,5
ID_PMTDGQI0,Physical_violence,True,True,True,True,True,5
ID_PMZGXM5Y,sexual_violence,True,True,True,True,True,5
ID_PNFAKT5U,sexual_violence,True,True,True,True,True,5
ID_PNJS2PUS,Physical_violence,True,True,True,True,True,5
ID_PNNPI57O,sexual_violence,True,True,True,True,True,5
ID_PNPBIO8L,sexual_violence,True,True,True,True,True,5
ID_PNSY25QI,emotional_violence,True,True,True,True,True,5
ID_PNTBXKM1,Harmful_Traditional_practice,True,True,True,True,True,5
ID_PNUQ8UUD,sexual_violence,True,True,True,True,True,5
ID_PO2YDC5Y,Physical_violence,True,True,True,True,True,5
ID_PO4CTYC6,sexual_violence,True,True,True,True,True,5
ID_POC2P12Q,sexual_violence,True,True,True,True,True,5
ID_POED3B2L,sexual_violence,True,True,True,True,True,5
ID_POEHVTB9,sexual_violence,True,True,True,True,True,5
ID_POKLNPQD,sexual_violence,True,True,True,True,True,5
ID_POLXRQQ7,sexual_violence,True,True,True,True,True,5
ID_POYUMP9Q,sexual_violence,True,True,True,True,True,5
ID_PP0XYTCG,sexual_violence,True,True,True,True,True,5
ID_PP5Z15CA,sexual_violence,True,True,True,True,True,5
ID_PPLQJZT8,sexual_violence,True,True,True,True,True,5
ID_PPRE7CR3,Physical_violence,True,True,True,True,True,5
ID_PPWE3NL4,sexual_violence,True,True,True,True,True,5
ID_PQ5KVHA0,sexual_violence,True,True,True,True,True,5
ID_PQ6XFBWU,sexual_violence,True,True,True,True,True,5
ID_PQARS8OE,sexual_violence,True,True,True,True,True,5
ID_PQDTBOR5,sexual_violence,True,True,True,True,True,5
ID_PQULNGA5,sexual_violence,True,True,True,True,True,5
ID_PQWD79EL,sexual_violence,True,True,True,True,True,5
ID_PQX7REZO,sexual_violence,True,True,True,True,True,5
ID_PR7STF2V,sexual_violence,True,True,True,True,True,5
ID_PRFLBPFA,sexual_violence,True,True,True,True,True,5
ID_PRHLGB3R,sexual_violence,True,True,True,True,True,5
ID_PRPPMUKR,Physical_violence,True,True,True,True,True,5
ID_PRTHJ934,Physical_violence,True,True,True,True,True,5
ID_PRWZHAPO,sexual_violence,True,True,True,True,True,5
ID_PS8TYHBT,sexual_violence,True,True,True,True,True,5
ID_PSL8JS7K,sexual_violence,True,True,True,True,True,5
ID_PSZD7PRR,Harmful_Traditional_practice,True,True,True,False,True,4
ID_PT32Q2MI,sexual_violence,True,True,True,True,True,5
ID_PTJ6CKUH,Physical_violence,True,True,True,True,True,5
ID_PTKCCZXL,sexual_violence,True,True,True,True,True,5
ID_PU6I4Z42,sexual_violence,True,True,True,True,True,5
ID_PUF6DBZ2,sexual_violence,True,True,True,True,True,5
ID_PUL6WR8G,sexual_violence,True,True,True,True,True,5
ID_PUNRGSHA,sexual_violence,True,True,True,True,True,5
ID_PUPVTSW3,sexual_violence,True,True,True,True,True,5
ID_PURRLTIY,emotional_violence,True,False,True,True,True,4
ID_PUVGJUS5,sexual_violence,True,True,True,True,True,5
ID_PV5QG9LV,sexual_violence,True,True,True,True,True,5
ID_PVCY9JMA,sexual_violence,True,True,True,True,True,5
ID_PVDTY0HY,sexual_violence,True,True,True,True,True,5
ID_PVOIFEP0,sexual_violence,True,True,True,True,True,5
ID_PVRM17ZA,sexual_violence,True,True,True,True,True,5
ID_PVUKIFGF,sexual_violence,True,True,True,True,True,5
ID_PVZNMN6Y,sexual_violence,True,True,True,True,True,5
ID_PW61R1QC,sexual_violence,True,True,True,True,True,5
ID_PWD12I0Q,sexual_violence,True,True,True,True,True,5
ID_PWIYZ4PG,sexual_violence,True,True,True,True,True,5
ID_PX17W0DF,sexual_violence,True,True,True,True,True,5
ID_PX9JENG9,Physical_violence,True,True,True,True,True,5
ID_PXHWR1DQ,sexual_violence,True,True,True,True,True,5
ID_PXI83DVL,Physical_violence,True,True,True,True,True,5
ID_PXPZBUDS,sexual_violence,True,True,True,True,True,5
ID_PXR4TVLN,sexual_violence,True,True,True,True,True,5
ID_PXU8N52Z,sexual_violence,True,True,True,True,True,5
ID_PXUIF7L1,Physical_violence,True,True,True,True,True,5
ID_PXZMJD5H,sexual_violence,True,True,True,True,True,5
ID_PY3ZGL6A,sexual_violence,True,True,True,True,True,5
ID_PY5WE0Z4,sexual_violence,True,True,True,True,True,5
ID_PYA70GYQ,sexual_violence,True,True,True,True,True,5
ID_PYETAZ4S,sexual_violence,True,True,True,True,True,5
ID_PZ9PN4EK,sexual_violence,True,True,True,True,True,5
ID_PZDVXHLW,sexual_violence,True,True,True,True,True,5
ID_PZKGPZ1U,sexual_violence,True,True,True,True,True,5
ID_PZL6P9KB,sexual_violence,True,True,True,True,True,5
ID_PZMFXRQ5,sexual_violence,True,True,True,True,True,5
ID_PZWD73F0,emotional_violence,True,True,True,True,True,5
ID_PZXFQ59J,sexual_violence,True,True,True,True,True,5
ID_Q09B5NWA,Physical_violence,True,True,True,True,True,5
ID_Q0KNZYTP,sexual_violence,True,True,True,True,True,5
ID_Q0YZFMRN,Physical_violence,True,True,True,True,True,5
ID_Q178YY1P,sexual_violence,True,True,True,True,True,5
ID_Q1DNIPEM,sexual_violence,True,True,True,True,True,5
ID_Q1FPMZ13,Physical_violence,True,True,True,True,True,5
ID_Q1MXW353,sexual_violence,True,True,True,False,True,4
ID_Q1ZUL1OQ,sexual_violence,True,True,True,True,True,5
ID_Q20T59MG,sexual_violence,True,True,True,True,True,5
ID_Q24J1V4O,sexual_violence,True,True,True,True,True,5
ID_Q2WE3C94,sexual_violence,True,True,True,True,True,5
ID_Q2WENY0A,sexual_violence,True,True,True,True,True,5
ID_Q336QA19,sexual_violence,True,True,True,True,True,5
ID_Q3I6V0CJ,sexual_violence,True,True,True,True,True,5
ID_Q3IHX7MR,sexual_violence,True,True,True,True,True,5
ID_Q3JZWS82,sexual_violence,True,True,True,True,True,5
ID_Q3P10Z5O,sexual_violence,True,True,True,True,True,5
ID_Q3XO87SU,sexual_violence,True,True,True,True,True,5
ID_Q3ZESGV4,Physical_violence,True,True,True,True,True,5
ID_Q4179EPY,Physical_violence,True,True,True,True,True,5
ID_Q49F017V,sexual_violence,True,True,True,True,True,5
ID_Q4EWRELK,sexual_violence,True,True,True,True,True,5
ID_Q4JGWPVA,Physical_violence,True,True,True,True,True,5
ID_Q4KA9J7N,sexual_violence,True,True,True,True,True,5
ID_Q4N4ZG23,sexual_violence,True,True,True,True,True,5
ID_Q4NGMVFB,sexual_violence,True,True,True,True,True,5
ID_Q4NK7LAU,Physical_violence,True,True,True,True,True,5
ID_Q4NTQ08Y,Physical_violence,True,True,True,True,True,5
ID_Q4OPCIOY,Physical_violence,True,True,True,True,True,5
ID_Q4U3HUY6,sexual_violence,True,True,True,True,True,5
ID_Q564SHRN,Physical_violence,True,True,True,True,True,5
ID_Q5E618R1,sexual_violence,True,True,True,True,True,5
ID_Q5PVM0ND,sexual_violence,True,True,True,True,True,5
ID_Q60MVXMK,sexual_violence,True,True,True,True,True,5
ID_Q67NYPVB,sexual_violence,True,True,True,True,True,5
ID_Q6A87X5F,sexual_violence,True,True,True,True,True,5
ID_Q6JCZIAB,Physical_violence,True,True,True,True,True,5
ID_Q6JESO14,sexual_violence,True,True,True,True,True,5
ID_Q6LG4DLF,sexual_violence,True,True,True,True,True,5
ID_Q6O5Q3XD,sexual_violence,True,True,True,True,True,5
ID_Q6Y5RXNU,sexual_violence,True,True,True,True,True,5
ID_Q7O51TEX,sexual_violence,True,True,True,True,True,5
ID_Q7R1GVQD,sexual_violence,True,True,True,True,True,5
ID_Q7X61648,sexual_violence,True,True,True,True,True,5
ID_Q888DUWS,sexual_violence,True,True,True,True,True,5
ID_Q8HM0L8Z,sexual_violence,True,True,True,True,True,5
ID_Q8IFQYIU,sexual_violence,True,True,True,True,True,5
ID_Q8IS2I8P,sexual_violence,True,True,True,True,True,5
ID_Q8QDU4NW,sexual_violence,True,True,True,True,True,5
ID_Q9132GDQ,sexual_violence,True,True,True,True,True,5
ID_Q9J7YMPJ,sexual_violence,True,True,True,True,True,5
ID_Q9S2EO8L,sexual_violence,True,True,True,True,True,5
ID_Q9V12I3G,sexual_violence,True,True,True,True,True,5
ID_Q9VQXYAP,sexual_violence,True,True,True,True,True,5
ID_QA840HRM,sexual_violence,True,True,True,True,True,5
ID_QAHH4CS7,Physical_violence,True,True,True,True,True,5
ID_QAHO2R4U,sexual_violence,True,True,True,True,True,5
ID_QAIFPVLT,sexual_violence,True,True,True,True,True,5
ID_QAMDNDM7,sexual_violence,True,True,True,True,True,5
ID_QAMWSX2R,sexual_violence,True,True,True,True,True,5
ID_QAS023VI,sexual_violence,True,True,True,True,True,5
ID_QAVQ1IMO,emotional_violence,True,True,True,True,True,5
ID_QAWKXQSV,Physical_violence,True,True,True,True,True,5
ID_QAYIGQAN,sexual_violence,True,True,True,True,True,5
ID_QB01EUAH,sexual_violence,True,True,True,True,True,5
ID_QB6TA6UB,sexual_violence,True,True,True,True,True,5
ID_QBDAQRTE,sexual_violence,True,True,True,True,True,5
ID_QBHZO5U5,sexual_violence,True,True,True,True,True,5
ID_QBIOMTXP,sexual_violence,True,True,True,True,True,5
ID_QBS7BZ93,sexual_violence,True,True,True,True,True,5
ID_QC056YKK,sexual_violence,True,True,True,True,True,5
ID_QC7CM3QV,sexual_violence,True,True,True,True,True,5
ID_QCKRAXFQ,sexual_violence,True,True,True,True,True,5
ID_QCMEL5HD,sexual_violence,True,True,True,True,True,5
ID_QCOHW5JS,sexual_violence,True,True,True,True,True,5
ID_QCQAA4S8,sexual_violence,True,True,True,True,True,5
ID_QCSYA64K,sexual_violence,True,True,True,True,True,5
ID_QCWZ4329,sexual_violence,True,True,True,True,True,5
ID_QCZJ94LQ,sexual_violence,True,True,True,True,True,5
ID_QD1OAGSG,sexual_violence,True,True,True,True,True,5
ID_QD5LS9XZ,Physical_violence,True,True,True,True,True,5
ID_QDB09D9E,sexual_violence,True,True,True,True,True,5
ID_QDCJGEQF,sexual_violence,True,True,True,True,True,5
ID_QDLLNNUS,sexual_violence,True,True,True,True,True,5
ID_QDLUHBY1,sexual_violence,True,True,True,True,True,5
ID_QDWT1JUS,sexual_violence,True,True,True,True,True,5
ID_QDZC74H2,Physical_violence,True,True,True,True,True,5
ID_QE1VP4PY,sexual_violence,True,True,True,True,True,5
ID_QE7AGZH5,sexual_violence,True,True,True,True,True,5
ID_QEB7BQZC,sexual_violence,True,True,True,True,True,5
ID_QELQ3QBS,Physical_violence,True,True,True,True,True,5
ID_QEVVXSQV,sexual_violence,True,True,True,True,True,5
ID_QEWPC6W4,Physical_violence,True,True,True,True,True,5
ID_QEXZOXBK,sexual_violence,True,True,True,True,True,5
ID_QEYHNXOX,sexual_violence,True,True,True,True,True,5
ID_QF3F3UJK,sexual_violence,True,True,True,True,True,5
ID_QF56FXVB,sexual_violence,True,True,True,True,True,5
ID_QF65EB70,sexual_violence,True,True,True,True,True,5
ID_QF7OWV4V,sexual_violence,True,True,True,True,True,5
ID_QFBA3RPR,sexual_violence,True,True,True,True,True,5
ID_QFEW0CQC,sexual_violence,True,True,True,True,True,5
ID_QFHTBOMA,sexual_violence,True,True,True,True,True,5
ID_QFNSKHO1,sexual_violence,True,True,True,True,True,5
ID_QFV9RYIP,sexual_violence,True,True,True,True,True,5
ID_QFYH32XR,Physical_violence,True,True,True,True,True,5
ID_QG66HSAB,sexual_violence,True,True,True,True,True,5
ID_QG7RGXS8,sexual_violence,True,True,True,True,True,5
ID_QGEYJU2R,sexual_violence,True,True,True,True,True,5
ID_QGK515SA,sexual_violence,True,True,True,True,True,5
ID_QGNEMGVI,sexual_violence,True,True,True,True,True,5
ID_QGTKYMB7,sexual_violence,True,True,True,True,True,5
ID_QGUPFRUK,Physical_violence,True,True,True,True,True,5
ID_QI1DV95I,sexual_violence,True,True,True,True,True,5
ID_QI1TBQA2,sexual_violence,True,True,True,True,True,5
ID_QI4R3CLT,sexual_violence,True,True,True,True,True,5
ID_QI5703H7,sexual_violence,True,True,True,True,True,5
ID_QI8OHV8K,sexual_violence,True,True,True,True,True,5
ID_QIHJF08N,sexual_violence,True,True,True,True,True,5
ID_QII966TO,sexual_violence,True,True,True,True,True,5
ID_QIIBKT36,sexual_violence,True,True,True,True,True,5
ID_QILOEVEC,sexual_violence,True,True,True,True,True,5
ID_QIOEV1H3,sexual_violence,True,True,True,True,True,5
ID_QIT0OMIC,sexual_violence,True,True,True,True,True,5
ID_QITW6GVV,sexual_violence,True,True,True,True,True,5
ID_QJ4FH6LI,sexual_violence,True,True,True,True,True,5
ID_QJBBPNWT,sexual_violence,True,True,True,True,True,5
ID_QJDLANSU,sexual_violence,True,True,True,True,True,5
ID_QJEY9W57,sexual_violence,True,True,True,True,True,5
ID_QJJKGTNR,Physical_violence,True,True,True,True,True,5
ID_QJKAEUQU,Physical_violence,True,True,True,True,True,5
ID_QJWO84YO,sexual_violence,True,True,True,True,True,5
ID_QK1ZSJ8H,sexual_violence,True,True,True,True,True,5
ID_QK2MQZIF,sexual_violence,True,True,True,True,True,5
ID_QK3G5OV0,Physical_violence,True,True,True,True,True,5
ID_QK5S746Q,sexual_violence,True,True,True,True,True,5
ID_QK7JH1JR,sexual_violence,True,True,True,True,True,5
ID_QKCR16GG,sexual_violence,True,True,True,True,True,5
ID_QKDL3WAH,Physical_violence,True,True,True,True,True,5
ID_QKJMLBXS,sexual_violence,True,True,True,True,True,5
ID_QKOJ2Y9F,sexual_violence,True,True,True,True,True,5
ID_QKWMKWJE,sexual_violence,True,True,True,True,True,5
ID_QKZD555H,sexual_violence,True,True,True,True,True,5
ID_QL4FZAEC,sexual_violence,True,True,True,True,True,5
ID_QLX0DEJE,emotional_violence,True,True,True,True,True,5
ID_QMXCUWSE,sexual_violence,True,True,True,True,True,5
ID_QN51MIMV,sexual_violence,True,True,True,True,True,5
ID_QN74SCJN,sexual_violence,True,True,True,True,True,5
ID_QNA0TZTL,sexual_violence,True,True,True,True,True,5
ID_QNHAIIGP,sexual_violence,True,True,True,True,True,5
ID_QNW9C4L8,sexual_violence,True,True,True,True,True,5
ID_QO0R2Q6P,sexual_violence,True,True,True,True,True,5
ID_QO21A08V,sexual_violence,True,True,True,True,True,5
ID_QOC8BJXX,sexual_violence,True,True,True,True,True,5
ID_QOKOGYFN,sexual_violence,True,True,True,True,True,5
ID_QOPMF7JO,sexual_violence,True,True,True,True,True,5
ID_QOQ8TOHR,sexual_violence,True,True,True,True,True,5
ID_QOTR4MSA,sexual_violence,True,True,True,True,True,5
ID_QP0T21P2,Physical_violence,True,True,True,True,True,5
ID_QPASLOSF,sexual_violence,True,True,True,True,True,5
ID_QPOO49OC,emotional_violence,True,True,True,True,True,5
ID_QPZMSODG,economic_violence,True,False,True,False,True,3
ID_QQ1RF4RX,sexual_violence,True,True,True,True,True,5
ID_QQ3845NK,Harmful_Traditional_practice,True,True,True,True,True,5
ID_QQ8AEPEF,sexual_violence,True,True,True,True,True,5
ID_QQA269VF,sexual_violence,True,True,True,True,True,5
ID_QQBAYVQY,sexual_violence,True,True,True,True,True,5
ID_QQG0TQZT,emotional_violence,True,True,True,True,True,5
ID_QQJ8SHFZ,sexual_violence,True,True,True,True,True,5
ID_QQKQG5B3,sexual_violence,True,True,True,True,True,5
ID_QQNHSNNB,sexual_violence,True,True,True,True,True,5
ID_QR6JWPZS,sexual_violence,True,True,True,True,True,5
ID_QR8I9X2E,sexual_violence,True,True,True,True,True,5
ID_QRO0V67Q,sexual_violence,True,True,True,True,True,5
ID_QRS62Z2D,sexual_violence,True,True,True,True,True,5
ID_QRTIEGOW,sexual_violence,True,True,True,True,True,5
ID_QS6V465N,sexual_violence,True,True,True,True,True,5
ID_QSE74W00,sexual_violence,True,True,True,True,True,5
ID_QSJ88NG3,sexual_violence,True,True,True,True,True,5
ID_QSL869FJ,sexual_violence,True,True,True,True,True,5
ID_QSM2J3KS,sexual_violence,True,True,True,True,True,5
ID_QSRTU855,sexual_violence,True,True,True,True,True,5
ID_QT50FCRE,sexual_violence,True,True,True,True,True,5
ID_QT5KU145,sexual_violence,True,True,True,True,True,5
ID_QTBS4PBO,sexual_violence,True,True,True,True,True,5
ID_QTPRNIS2,sexual_violence,True,True,True,True,True,5
ID_QU4OZ6YR,emotional_violence,True,True,True,True,True,5
ID_QU4VBWWS,sexual_violence,True,True,True,True,True,5
ID_QUBU81UZ,sexual_violence,True,True,True,True,True,5
ID_QUCHN9TS,sexual_violence,True,True,True,True,True,5
ID_QUHFXMH1,Physical_violence,True,True,True,True,True,5
ID_QUO0Q9Q8,sexual_violence,True,True,True,True,True,5
ID_QUPEC06U,Physical_violence,True,True,True,True,True,5
ID_QUR18FGC,sexual_violence,True,True,True,True,True,5
ID_QURVA2BV,sexual_violence,True,True,True,True,True,5
ID_QUUSEIQS,sexual_violence,True,True,True,True,True,5
ID_QUVP3O6V,sexual_violence,True,True,True,True,True,5
ID_QUWK3066,sexual_violence,True,True,True,True,True,5
ID_QUYMMZSH,sexual_violence,True,True,True,True,True,5
ID_QV3H18R4,sexual_violence,True,True,True,True,True,5
ID_QVCWYLEZ,sexual_violence,True,True,True,True,True,5
ID_QVLWZRU9,Physical_violence,True,True,True,True,True,5
ID_QVY4IGED,sexual_violence,True,True,True,True,True,5
ID_QW29461C,Physical_violence,True,True,True,True,True,5
ID_QW97KKJ7,sexual_violence,True,True,True,True,True,5
ID_QWDBE9KN,sexual_violence,True,True,True,True,True,5
ID_QWGPA8DY,sexual_violence,True,True,True,True,True,5
ID_QWUC47T1,sexual_violence,True,True,True,True,True,5
ID_QWUM9RFD,sexual_violence,True,True,True,True,True,5
ID_QWY6X99I,Physical_violence,True,True,True,True,True,5
ID_QWYRANF9,sexual_violence,True,True,True,True,True,5
ID_QX4FA07B,sexual_violence,True,True,True,True,True,5
ID_QX50LFG1,sexual_violence,True,True,True,True,True,5
ID_QXA0K94A,Physical_violence,True,True,True,True,True,5
ID_QXAA0S77,sexual_violence,True,True,True,True,True,5
ID_QXAU1D7V,sexual_violence,True,True,True,True,True,5
ID_QXBZRV5R,sexual_violence,True,True,True,True,True,5
ID_QXIEYWM5,sexual_violence,True,True,True,True,True,5
ID_QXSXWZH0,sexual_violence,True,True,True,True,True,5
ID_QXWH4G3L,sexual_violence,True,True,True,True,True,5
ID_QY2FDPB7,sexual_violence,True,True,True,True,True,5
ID_QY7QSKRK,sexual_violence,True,True,True,True,True,5
ID_QY86C81U,sexual_violence,True,True,True,True,True,5
ID_QY8QZSUI,sexual_violence,True,True,True,True,True,5
ID_QYIL1OB2,Physical_violence,True,True,True,True,True,5
ID_QYKV7FOA,Physical_violence,True,True,True,True,True,5
ID_QYPJCYAO,sexual_violence,True,True,True,True,True,5
ID_QYV2Q3VI,sexual_violence,True,True,True,True,True,5
ID_QZ0AJ5S1,sexual_violence,True,True,True,True,True,5
ID_QZ2K2OG5,sexual_violence,True,True,True,True,True,5
ID_QZ2S76SH,sexual_violence,True,True,True,True,True,5
ID_QZ36DNDA,sexual_violence,True,True,True,True,True,5
ID_QZFCDA4P,sexual_violence,True,True,True,True,True,5
ID_QZMO5STC,sexual_violence,True,True,True,True,True,5
ID_QZTINL8G,sexual_violence,True,True,True,True,True,5
ID_QZY97ZBP,sexual_violence,True,True,True,True,True,5
ID_R01KO3FD,sexual_violence,True,True,True,True,True,5
ID_R01VQSXC,sexual_violence,True,True,True,True,True,5
ID_R04T1IPP,sexual_violence,True,True,True,True,True,5
ID_R09EKGEE,sexual_violence,True,True,True,True,True,5
ID_R1A718QZ,sexual_violence,True,True,True,True,True,5
ID_R1ASSD1P,sexual_violence,True,True,True,True,True,5
ID_R1DIOT59,sexual_violence,True,True,True,True,True,5
ID_R1SNDFA8,sexual_violence,True,True,True,True,True,5
ID_R1W6O1DS,sexual_violence,True,True,True,True,True,5
ID_R216M94E,sexual_violence,True,True,True,True,True,5
ID_R2357TAX,sexual_violence,True,True,True,True,True,5
ID_R2ARZCCJ,sexual_violence,True,True,True,True,True,5
ID_R2BCSYIT,sexual_violence,True,True,True,True,True,5
ID_R2F2U3N7,sexual_violence,True,True,True,True,True,5
ID_R2GJQMXF,sexual_violence,True,True,True,True,True,5
ID_R2GP2C3H,sexual_violence,True,True,True,True,True,5
ID_R2HAO42Z,sexual_violence,True,True,True,True,True,5
ID_R2JSJS7P,Physical_violence,True,True,True,True,True,5
ID_R2K5HMUV,sexual_violence,True,True,True,True,True,5
ID_R2RKNAH2,Physical_violence,True,True,True,True,True,5
ID_R2X5S24P,sexual_violence,True,True,True,True,True,5
ID_R2Y1TRW7,Physical_violence,True,True,True,True,True,5
ID_R311IB65,sexual_violence,True,True,True,True,True,5
ID_R3575KF6,sexual_violence,True,True,True,True,True,5
ID_R388WA3W,sexual_violence,True,True,True,True,True,5
ID_R3A91PDT,economic_violence,True,True,True,False,True,4
ID_R3BGEWO5,Physical_violence,True,True,True,True,True,5
ID_R3E3X5YO,sexual_violence,True,True,True,True,True,5
ID_R3JYGXFA,sexual_violence,True,True,True,True,True,5
ID_R3OIXVDF,sexual_violence,True,True,True,True,True,5
ID_R3U9S2TM,sexual_violence,True,True,True,True,True,5
ID_R3WFEORX,sexual_violence,True,True,True,True,True,5
ID_R3Y5MVXY,sexual_violence,True,True,True,True,True,5
ID_R41AT67X,Physical_violence,True,True,True,True,True,5
ID_R4947KAS,sexual_violence,True,True,True,True,True,5
ID_R4K9PKE4,sexual_violence,True,True,True,True,True,5
ID_R4MTSI9T,sexual_violence,True,True,True,True,True,5
ID_R4SZ61HL,sexual_violence,True,True,True,True,True,5
ID_R4ZSLLWR,sexual_violence,True,True,True,True,True,5
ID_R59889TE,sexual_violence,True,True,True,True,True,5
ID_R5M7FCA3,Physical_violence,True,True,True,True,True,5
ID_R5WZ7Y8V,sexual_violence,True,True,True,True,True,5
ID_R6OZ8OM3,sexual_violence,True,True,True,True,True,5
ID_R6PC39ZG,sexual_violence,True,True,True,True,True,5
ID_R6PYSNON,sexual_violence,True,True,True,True,True,5
ID_R6UTH9ES,sexual_violence,True,True,True,True,True,5
ID_R70YNZDK,Physical_violence,True,True,True,True,True,5
ID_R74QRQ19,sexual_violence,True,True,True,True,True,5
ID_R7BBAVKH,sexual_violence,True,True,True,True,True,5
ID_R7GQN7YS,sexual_violence,True,True,True,True,True,5
ID_R7LOMBWN,Physical_violence,True,True,True,True,True,5
ID_R7QUAVE1,sexual_violence,True,True,True,True,True,5
ID_R7ZVZF98,sexual_violence,True,True,True,True,True,5
ID_R80EOI34,sexual_violence,True,True,True,True,True,5
ID_R899G1UO,sexual_violence,True,True,True,True,True,5
ID_R8GUC9ZP,sexual_violence,True,True,True,True,True,5
ID_R8IR2TN5,sexual_violence,True,True,True,True,True,5
ID_R8SHBQGV,sexual_violence,True,True,True,True,True,5
ID_R8V9EDS4,Physical_violence,True,True,True,True,True,5
ID_R8WL536R,sexual_violence,True,True,True,True,True,5
ID_R94PBPHD,sexual_violence,True,True,True,True,True,5
ID_R987UF8W,sexual_violence,True,True,True,True,True,5
ID_R9CMH35W,sexual_violence,True,True,True,True,True,5
ID_R9CN8TZ8,sexual_violence,True,True,True,True,True,5
ID_R9CV4FTH,sexual_violence,True,True,True,True,True,5
ID_R9DMT61F,sexual_violence,True,True,True,True,True,5
ID_R9GVM1PP,sexual_violence,True,True,True,True,True,5
ID_R9PCXEVA,sexual_violence,True,True,True,True,True,5
ID_R9PM6M5N,sexual_violence,True,True,True,True,True,5
ID_RA2U8JQQ,Physical_violence,True,True,True,True,True,5
ID_RA5KUQVZ,sexual_violence,True,True,True,True,True,5
ID_RA7B46TZ,sexual_violence,True,True,True,True,True,5
ID_RAJ4X52Q,sexual_violence,True,True,True,True,True,5
ID_RB2I91FR,sexual_violence,True,True,True,True,True,5
ID_RB64NY6E,Physical_violence,True,True,True,True,True,5
ID_RB7KB0I2,sexual_violence,True,True,True,True,True,5
ID_RBBAD1IF,sexual_violence,True,True,True,True,True,5
ID_RBC18GNT,sexual_violence,True,True,True,True,True,5
ID_RBCGOUBG,sexual_violence,True,True,True,True,True,5
ID_RBIX6G7R,sexual_violence,True,True,True,True,True,5
ID_RBNG6SJJ,sexual_violence,True,True,True,True,True,5
ID_RBZ3AXFL,sexual_violence,True,True,True,True,True,5
ID_RC5RZKLO,sexual_violence,True,True,True,True,True,5
ID_RCIH5TZ3,Physical_violence,True,True,True,True,True,5
ID_RD908UU5,sexual_violence,True,True,True,True,True,5
ID_RDEM3S88,sexual_violence,True,True,True,True,True,5
ID_RDTDW94P,sexual_violence,True,True,True,True,True,5
ID_RDTRPB37,sexual_violence,True,True,True,True,True,5
ID_RDUPQ15S,sexual_violence,True,True,True,True,True,5
ID_RDXWF7X0,sexual_violence,True,True,True,True,True,5
ID_RE01XS5B,Physical_violence,True,True,True,True,True,5
ID_RE5KY4TG,sexual_violence,True,True,True,True,True,5
ID_RE81ZTLT,sexual_violence,True,True,True,True,True,5
ID_REM15H4D,sexual_violence,True,True,True,True,True,5
ID_RERFFKW9,emotional_violence,True,True,True,True,True,5
ID_REWOETWJ,sexual_violence,True,True,True,True,True,5
ID_REY1689U,sexual_violence,True,True,True,True,True,5
ID_REYJGDM7,sexual_violence,True,True,True,True,True,5
ID_RG24604K,sexual_violence,True,True,True,True,True,5
ID_RG4YPFNP,Physical_violence,True,True,True,True,True,5
ID_RG5UILKL,sexual_violence,True,True,True,True,True,5
ID_RGCY8P07,sexual_violence,True,True,True,True,True,5
ID_RGCYH4YN,sexual_violence,True,True,True,True,True,5
ID_RGETU2NP,sexual_violence,True,True,True,True,True,5
ID_RH0HW8S2,sexual_violence,True,True,True,True,True,5
ID_RH5U8ZQW,sexual_violence,True,True,True,True,True,5
ID_RHEFHXEM,sexual_violence,True,True,True,True,True,5
ID_RHREW0RO,sexual_violence,True,True,True,True,True,5
ID_RI9RC305,sexual_violence,True,True,True,True,True,5
ID_RIBEGM8N,sexual_violence,True,True,True,True,True,5
ID_RICU55R1,sexual_violence,True,True,True,True,True,5
ID_RID986BV,sexual_violence,True,True,True,True,True,5
ID_RIE90TM3,sexual_violence,True,True,True,True,True,5
ID_RIFASNBW,sexual_violence,True,True,True,True,True,5
ID_RITN6FN6,sexual_violence,True,True,True,True,True,5
ID_RITPC9I7,sexual_violence,True,True,True,True,True,5
ID_RJ1RNW6T,sexual_violence,True,True,True,True,True,5
ID_RJ3MOQJE,sexual_violence,True,True,True,True,True,5
ID_RJ4DN9U2,Physical_violence,True,True,True,True,True,5
ID_RJC9MPAR,sexual_violence,True,True,True,True,True,5
ID_RJP4WMB1,sexual_violence,True,True,True,True,True,5
ID_RJZDB9XU,sexual_violence,True,True,True,True,True,5
ID_RK5MI3O6,sexual_violence,True,True,True,True,True,5
ID_RKACN6NU,sexual_violence,True,True,True,True,True,5
ID_RKBVIXJM,Physical_violence,True,True,True,True,True,5
ID_RKE669ZH,sexual_violence,True,True,True,True,True,5
ID_RKRU8MET,sexual_violence,True,True,True,True,True,5
ID_RL28UHQJ,sexual_violence,True,True,True,True,True,5
ID_RLCND4U0,sexual_violence,True,True,True,True,True,5
ID_RLL7NHDW,Physical_violence,True,True,True,True,True,5
ID_RLMGJINB,Physical_violence,True,True,True,True,True,5
ID_RLNSPPC2,sexual_violence,True,True,True,True,True,5
ID_RLSA3UED,sexual_violence,True,True,True,True,True,5
ID_RLX9UEEW,Physical_violence,True,True,True,True,True,5
ID_RM40WLT1,sexual_violence,True,True,True,True,True,5
ID_RMOOA5Z0,sexual_violence,True,True,True,True,True,5
ID_RMQVJ41P,sexual_violence,True,True,True,True,True,5
ID_RMU9MORY,sexual_violence,True,True,True,True,True,5
ID_RMUMTCCI,Physical_violence,True,True,True,True,True,5
ID_RMYT0MLO,sexual_violence,True,True,True,True,True,5
ID_RNH3WZ6B,Physical_violence,True,True,True,True,True,5
ID_RNT8AMPD,Physical_violence,True,True,True,True,True,5
ID_RO5PD81U,sexual_violence,True,True,True,True,True,5
ID_ROA150TV,sexual_violence,True,True,True,True,True,5
ID_ROEYCOEO,sexual_violence,True,True,True,True,True,5
ID_ROG02AHW,sexual_violence,True,True,True,True,True,5
ID_ROPDWHVX,Harmful_Traditional_practice,True,True,True,True,True,5
ID_RORSCKVT,sexual_violence,True,True,True,True,True,5
ID_ROTULBDA,sexual_violence,True,True,True,True,True,5
ID_ROXHVJGW,sexual_violence,True,True,True,True,True,5
ID_ROXMPL5B,sexual_violence,True,True,True,True,True,5
ID_RP3YFNRQ,Physical_violence,True,True,True,True,True,5
ID_RP7ES6BN,sexual_violence,True,True,True,True,True,5
ID_RPBZB14Q,sexual_violence,True,True,True,True,True,5
ID_RPP5QK5K,sexual_violence,True,True,True,True,True,5
ID_RPQFFY2A,Physical_violence,True,True,True,True,True,5
ID_RQ1W1751,sexual_violence,True,True,True,True,True,5
ID_RQ25AQSB,sexual_violence,True,True,True,True,True,5
ID_RQ6TLLQK,Physical_violence,True,True,True,True,True,5
ID_RQAJ3TGY,sexual_violence,True,True,True,True,True,5
ID_RQC5TLP0,Physical_violence,True,True,True,True,True,5
ID_RQDUGHJ6,Physical_violence,True,True,True,True,True,5
ID_RQI3DHYW,sexual_violence,True,True,True,True,True,5
ID_RQIXNEOH,sexual_violence,True,True,True,True,True,5
ID_RQK4ZNDQ,Physical_violence,True,True,True,True,True,5
ID_RQWHKGNX,sexual_violence,True,True,True,True,True,5
ID_RR3TPUPX,emotional_violence,True,True,True,True,True,5
ID_RR450OYP,emotional_violence,True,True,True,True,True,5
ID_RR83FBUN,Physical_violence,True,True,True,True,True,5
ID_RR9WM22M,Physical_violence,True,True,True,True,True,5
ID_RRCM5UI2,Physical_violence,True,True,True,True,True,5
ID_RRU4XI9Y,sexual_violence,True,True,True,True,True,5
ID_RS1PMTFP,sexual_violence,True,True,True,True,True,5
ID_RS9X3CSF,sexual_violence,True,True,True,True,True,5
ID_RSD9XYBP,Physical_violence,True,True,True,True,True,5
ID_RSJB1K8K,sexual_violence,True,True,True,True,True,5
ID_RSUQBFK1,sexual_violence,True,True,True,True,True,5
ID_RSZ03DGK,sexual_violence,True,True,True,True,True,5
ID_RT0POHNU,sexual_violence,True,True,True,True,True,5
ID_RT1T75II,sexual_violence,True,True,True,True,True,5
ID_RTKZGG12,sexual_violence,True,True,True,True,True,5
ID_RU63BM8W,Physical_violence,True,True,True,True,True,5
ID_RUEBBW9R,sexual_violence,True,True,True,True,True,5
ID_RULURQTS,sexual_violence,True,True,True,True,True,5
ID_RUR4A0H7,economic_violence,True,True,True,True,True,5
ID_RUYL7TOM,sexual_violence,True,True,True,True,True,5
ID_RV253QL2,Physical_violence,True,True,True,True,True,5
ID_RVC9ELVF,sexual_violence,True,True,True,True,True,5
ID_RVGXQDY6,sexual_violence,True,True,True,True,True,5
ID_RVNSJNRU,sexual_violence,True,True,True,True,True,5
ID_RVU1ZNVS,sexual_violence,True,True,True,True,True,5
ID_RVX8G2FQ,sexual_violence,True,True,True,True,True,5
ID_RW8A69J1,sexual_violence,True,True,True,True,True,5
ID_RWG7H224,sexual_violence,True,True,True,True,True,5
ID_RWRNG7YJ,emotional_violence,True,True,True,True,True,5
ID_RX2BU7MK,sexual_violence,True,True,True,True,True,5
ID_RX358K2A,sexual_violence,True,True,True,True,True,5
ID_RXA0VCBI,sexual_violence,True,True,True,True,True,5
ID_RXDSGUUF,economic_violence,True,True,True,False,True,4
ID_RXFWPSFF,sexual_violence,True,True,True,True,True,5
ID_RXJ0WMWR,sexual_violence,True,True,True,True,True,5
ID_RXJCKSUV,sexual_violence,True,True,True,True,True,5
ID_RZ17M6N8,sexual_violence,True,True,True,True,True,5
ID_RZ3OTV2F,sexual_violence,True,True,True,True,True,5
ID_RZ87V9W4,sexual_violence,True,True,True,True,True,5
ID_RZNL5IO7,sexual_violence,True,True,True,True,True,5
ID_RZRGED0E,sexual_violence,False,True,False,True,False,2
ID_RZU3FX4Z,sexual_violence,True,True,True,True,True,5
ID_S01LRHOO,sexual_violence,True,True,True,True,True,5
ID_S07Q8R7C,sexual_violence,True,True,True,True,True,5
ID_S09VKDR3,sexual_violence,True,True,True,True,True,5
ID_S0AE5TK3,sexual_violence,True,True,True,True,True,5
ID_S0P4T57H,sexual_violence,True,True,True,True,True,5
ID_S1AJL0Z6,sexual_violence,True,True,True,True,True,5
ID_S1AJSVDQ,Physical_violence,True,True,True,True,True,5
ID_S1I9HXDR,Physical_violence,True,True,True,True,True,5
ID_S1IGAEYY,sexual_violence,True,True,True,True,True,5
ID_S1SVBAC5,sexual_violence,True,True,True,True,True,5
ID_S1YTH1I5,sexual_violence,True,True,True,True,True,5
ID_S22XNUN4,sexual_violence,True,True,True,True,True,5
ID_S23Q3JYK,sexual_violence,True,True,True,True,True,5
ID_S2AJZ0BX,sexual_violence,True,True,True,True,True,5
ID_S2EHRATA,Physical_violence,True,True,True,True,True,5
ID_S2ILXLCV,sexual_violence,True,True,True,True,True,5
ID_S2KNZ5C1,sexual_violence,True,True,True,True,True,5
ID_S2N479LD,sexual_violence,True,True,True,True,True,5
ID_S32TCUM4,sexual_violence,True,True,True,True,True,5
ID_S33Q5JA4,Physical_violence,True,True,True,True,True,5
ID_S348Y9DB,sexual_violence,True,True,True,True,True,5
ID_S3FCBBOL,sexual_violence,True,True,True,True,True,5
ID_S3HNK84Q,sexual_violence,True,True,True,True,True,5
ID_S4322PNF,sexual_violence,True,True,True,True,True,5
ID_S4TE29SW,Physical_violence,True,True,True,True,True,5
ID_S51UAOTR,sexual_violence,True,True,True,True,True,5
ID_S5471CTY,sexual_violence,True,True,True,True,True,5
ID_S54URBKI,sexual_violence,True,True,True,True,True,5
ID_S5CK7ARM,Physical_violence,True,True,True,True,True,5
ID_S5D6UDW5,sexual_violence,True,True,True,True,True,5
ID_S5HRJQ91,sexual_violence,True,True,True,True,True,5
ID_S5O8FEN3,sexual_violence,True,True,True,True,True,5
ID_S5SZUKJQ,sexual_violence,True,True,True,True,True,5
ID_S5VYKVNL,sexual_violence,True,True,True,True,True,5
ID_S5ZM0F3W,sexual_violence,True,True,True,True,True,5
ID_S61M7S9N,sexual_violence,True,True,True,True,True,5
ID_S63LT5DY,sexual_violence,True,True,True,True,True,5
ID_S6B9MY1Q,sexual_violence,True,True,True,True,True,5
ID_S6JW8ZBB,sexual_violence,True,True,True,True,True,5
ID_S6ZS817S,sexual_violence,True,True,True,True,True,5
ID_S701NVUO,sexual_violence,True,True,True,True,True,5
ID_S75PPAZX,Physical_violence,True,True,True,True,True,5
ID_S77ETRNX,sexual_violence,True,True,True,True,True,5
ID_S79C9SOH,sexual_violence,True,True,True,True,True,5
ID_S79TXVP4,sexual_violence,True,True,True,True,True,5
ID_S7F0MLTP,sexual_violence,True,True,True,True,True,5
ID_S7MTYJ4L,sexual_violence,True,True,True,True,True,5
ID_S7WYGAI8,Physical_violence,True,True,True,True,True,5
ID_S8ACSFXA,sexual_violence,True,True,True,True,True,5
ID_S8ASGZDK,sexual_violence,True,True,True,True,True,5
ID_S8CYA66T,sexual_violence,True,True,True,True,True,5
ID_S8MH6OFG,sexual_violence,True,True,True,True,True,5
ID_S8XSNFHL,sexual_violence,True,True,True,True,True,5
ID_S920TZ1G,Physical_violence,True,True,True,True,True,5
ID_S9ONMJ80,sexual_violence,True,True,True,True,True,5
ID_S9PUFT5X,sexual_violence,True,True,True,True,True,5
ID_S9V7YJCP,sexual_violence,True,True,True,True,True,5
ID_S9Z638W3,Physical_violence,True,True,True,True,True,5
ID_SA4WV3HJ,sexual_violence,True,True,True,True,True,5
ID_SA6355EY,sexual_violence,True,True,True,True,True,5
ID_SA85S6EG,Physical_violence,True,True,True,True,True,5
ID_SAG0XZTE,emotional_violence,True,True,True,True,True,5
ID_SAJXY4UM,sexual_violence,True,True,True,True,True,5
ID_SB5NO1LZ,sexual_violence,True,True,True,True,True,5
ID_SBAW3X09,sexual_violence,True,True,True,True,True,5
ID_SBDVCY6Z,sexual_violence,True,True,True,True,True,5
ID_SBFHGND9,Physical_violence,True,True,True,True,True,5
ID_SBHEB4QQ,sexual_violence,True,True,True,True,True,5
ID_SC4JMJWQ,sexual_violence,True,True,True,True,True,5
ID_SCL9FB2T,Physical_violence,True,True,True,True,True,5
ID_SCN5EVHH,sexual_violence,True,True,True,True,True,5
ID_SCUXUPTQ,sexual_violence,True,True,True,True,True,5
ID_SD7IR995,sexual_violence,True,True,True,True,True,5
ID_SD82G2KZ,sexual_violence,True,True,True,True,True,5
ID_SDBAA79J,sexual_violence,True,True,True,True,True,5
ID_SDF18SMB,sexual_violence,True,True,True,True,True,5
ID_SDJWW689,Physical_violence,True,True,True,True,True,5
ID_SDRWMVH0,sexual_violence,True,True,True,True,True,5
ID_SDSG4CHC,sexual_violence,True,True,True,True,True,5
ID_SDYO16RL,sexual_violence,True,True,True,True,True,5
ID_SE6O5BQ1,Physical_violence,True,True,True,True,True,5
ID_SE76Z4G6,sexual_violence,True,True,True,True,True,5
ID_SEQDB05U,sexual_violence,True,True,True,True,True,5
ID_SEXDYIVH,sexual_violence,True,True,True,True,True,5
ID_SF60KAQ2,sexual_violence,True,True,True,True,True,5
ID_SF7LSWU1,sexual_violence,True,True,True,True,True,5
ID_SFAUZAK4,sexual_violence,True,True,True,True,True,5
ID_SFBK8PIK,sexual_violence,True,True,True,True,True,5
ID_SFBLR0MJ,sexual_violence,True,True,True,True,True,5
ID_SFV910CF,sexual_violence,True,True,True,True,True,5
ID_SGC07YE3,sexual_violence,True,True,True,True,True,5
ID_SGRHOAZ3,sexual_violence,True,True,True,True,True,5
ID_SGS9T9U5,sexual_violence,True,True,True,True,True,5
ID_SGUQBM52,Physical_violence,True,True,True,True,True,5
ID_SHAZ5ZA8,sexual_violence,False,True,True,True,True,4
ID_SHGK302C,sexual_violence,True,True,True,True,True,5
ID_SHJLNULU,Physical_violence,True,True,True,True,True,5
ID_SHNLM0UK,Physical_violence,True,True,True,True,True,5
ID_SHPWOU3X,sexual_violence,True,True,True,True,True,5
ID_SHTZBNPC,Physical_violence,True,True,True,True,True,5
ID_SI06YRDI,sexual_violence,True,True,True,True,True,5
ID_SI22AADK,sexual_violence,True,True,True,True,True,5
ID_SI3XTLAZ,sexual_violence,True,True,True,True,True,5
ID_SI41ZCFA,sexual_violence,True,True,True,True,True,5
ID_SI6XWF9A,Physical_violence,True,True,True,True,True,5
ID_SICNBMLT,sexual_violence,True,True,True,True,True,5
ID_SIM1TTVQ,sexual_violence,True,True,True,True,True,5
ID_SIZ12GSU,Physical_violence,True,True,True,True,True,5
ID_SJ4XUU3B,sexual_violence,True,True,True,True,True,5
ID_SJKMR8C0,sexual_violence,True,True,True,True,True,5
ID_SJNBCWJ4,sexual_violence,True,True,True,True,True,5
ID_SJXDH1R0,sexual_violence,True,True,True,True,True,5
ID_SJYZC2CP,sexual_violence,True,True,True,True,True,5
ID_SK00369G,sexual_violence,True,True,True,True,True,5
ID_SK3QCQLM,sexual_violence,True,True,True,True,True,5
ID_SKEAG6MT,Harmful_Traditional_practice,True,True,True,True,True,5
ID_SKG0HG2X,sexual_violence,True,True,True,True,True,5
ID_SKHGNBI5,sexual_violence,True,True,True,True,True,5
ID_SKJ6UOWA,sexual_violence,True,True,True,True,True,5
ID_SKK5L9WD,sexual_violence,True,True,True,True,True,5
ID_SKVJRIOS,sexual_violence,True,True,True,True,True,5
ID_SKWYLUCX,Physical_violence,True,True,True,True,True,5
ID_SL3RAFW1,sexual_violence,True,True,True,True,True,5
ID_SLJ86QAW,emotional_violence,True,True,True,True,True,5
ID_SLL3YRKV,sexual_violence,True,True,True,True,True,5
ID_SLWLDTI1,sexual_violence,True,True,True,True,True,5
ID_SM0WWVHZ,sexual_violence,True,True,True,True,True,5
ID_SMA9PJ68,sexual_violence,True,True,True,True,True,5
ID_SMBVWFJC,Physical_violence,True,True,True,True,True,5
ID_SMEQ9KPU,Physical_violence,True,True,True,True,True,5
ID_SMM96WSL,sexual_violence,True,True,True,True,True,5
ID_SN5NUQSC,sexual_violence,True,True,True,True,True,5
ID_SNAGDGHE,sexual_violence,True,True,True,True,True,5
ID_SNDPBTSJ,sexual_violence,True,True,True,True,True,5
ID_SNEH67ML,sexual_violence,True,True,True,True,True,5
ID_SNHEZAS8,Physical_violence,True,True,True,True,True,5
ID_SNQJGEEE,Physical_violence,True,True,True,True,True,5
ID_SNQS43O7,Physical_violence,True,True,True,True,True,5
ID_SNU70QL9,sexual_violence,True,True,True,True,True,5
ID_SO0NHVSL,sexual_violence,True,True,True,True,True,5
ID_SO6R5AHP,sexual_violence,True,True,True,True,True,5
ID_SO8DB692,sexual_violence,True,True,True,True,True,5
ID_SOALPU1A,sexual_violence,True,True,True,True,True,5
ID_SOG9ZE10,sexual_violence,True,True,True,True,True,5
ID_SOGI7XWH,sexual_violence,True,True,True,True,True,5
ID_SOIYHF1F,sexual_violence,True,True,True,True,True,5
ID_SOJV4X59,sexual_violence,True,True,True,True,True,5
ID_SOO0YPQJ,sexual_violence,True,True,True,True,True,5
ID_SOQ8AYS1,sexual_violence,True,True,True,True,True,5
ID_SOW9J0E5,sexual_violence,True,True,True,True,True,5
ID_SP2QZVI0,sexual_violence,True,True,True,True,True,5
ID_SP528FYW,sexual_violence,True,True,True,True,True,5
ID_SP6CW6VY,Physical_violence,True,True,True,True,True,5
ID_SP70EUSX,sexual_violence,True,True,True,True,True,5
ID_SPW9UHCS,emotional_violence,True,True,True,True,True,5
ID_SPX3PE74,Physical_violence,True,True,True,True,True,5
ID_SPZL7X9C,sexual_violence,True,True,True,True,True,5
ID_SQ36H9PE,sexual_violence,True,True,True,True,True,5
ID_SQ4ADY96,sexual_violence,True,True,True,True,True,5
ID_SQ7JXX1J,sexual_violence,True,True,True,True,True,5
ID_SQATL45M,emotional_violence,True,True,True,True,True,5
ID_SQOQ80DO,Physical_violence,True,True,True,True,True,5
ID_SR3BIH2E,sexual_violence,True,True,True,True,True,5
ID_SRC0Q7FR,Physical_violence,True,True,True,True,True,5
ID_SRCGH5LG,Physical_violence,True,True,True,True,True,5
ID_SRMSA1AY,Physical_violence,True,True,True,True,True,5
ID_SRNZXISP,sexual_violence,True,True,True,True,True,5
ID_SRPSUIIB,sexual_violence,True,True,True,True,True,5
ID_SRQRI0PN,sexual_violence,True,True,True,True,True,5
ID_SRSA5L99,sexual_violence,True,True,True,True,True,5
ID_SRWZ8S9T,sexual_violence,True,True,True,True,True,5
ID_SRZCG6EG,sexual_violence,True,True,True,True,True,5
ID_SS3VZ3GH,sexual_violence,True,True,True,True,True,5
ID_SSAJCEIY,sexual_violence,True,True,True,True,True,5
ID_SSASRSTW,sexual_violence,True,True,True,True,True,5
ID_SSFTPUHN,sexual_violence,True,True,True,True,True,5
ID_SSKX0JYU,sexual_violence,True,True,True,True,True,5
ID_SSUSAELX,sexual_violence,True,True,True,True,True,5
ID_SSXN7HP4,sexual_violence,True,True,True,True,True,5
ID_ST5M4MMA,Physical_violence,True,True,True,True,True,5
ID_ST867AXK,sexual_violence,True,True,True,True,True,5
ID_STGG31CE,sexual_violence,True,True,True,True,True,5
ID_STKT55VK,sexual_violence,True,True,True,True,True,5
ID_STMGKH5H,Physical_violence,True,True,True,True,True,5
ID_STQRTT39,Physical_violence,True,True,True,True,True,5
ID_SU2G6CQH,sexual_violence,True,True,True,True,True,5
ID_SUB2WEQZ,sexual_violence,True,True,True,True,True,5
ID_SUJTVN9M,sexual_violence,True,True,True,True,True,5
ID_SUQK0FN6,sexual_violence,True,True,True,True,True,5
ID_SV45GY2G,sexual_violence,True,True,True,True,True,5
ID_SV6ZAKFN,sexual_violence,True,True,True,True,True,5
ID_SVC505N5,sexual_violence,True,True,True,True,True,5
ID_SVH5KP4R,sexual_violence,True,True,True,True,True,5
ID_SVN4KZCG,sexual_violence,True,True,True,True,True,5
ID_SW9QSRZJ,sexual_violence,True,True,True,True,True,5
ID_SWA7VHRG,sexual_violence,True,True,True,True,True,5
ID_SWF8NGPQ,sexual_violence,True,True,True,True,True,5
ID_SWIKEYN6,sexual_violence,True,True,True,True,True,5
ID_SWJB7PNQ,sexual_violence,True,True,True,True,True,5
ID_SWRCIFI2,sexual_violence,True,True,True,True,True,5
ID_SXC2EKNG,sexual_violence,True,True,True,True,True,5
ID_SXTZV928,sexual_violence,True,True,True,True,True,5
ID_SXV4TM0N,sexual_violence,True,True,True,True,True,5
ID_SY5LHODX,sexual_violence,True,True,True,True,True,5
ID_SY81QRYM,Physical_violence,True,True,True,True,True,5
ID_SYQLB5AH,sexual_violence,True,True,True,True,True,5
ID_SYSF5IG0,sexual_violence,True,True,True,True,True,5
ID_SZ3MO2RA,sexual_violence,True,True,True,True,True,5
ID_SZCCTBKY,sexual_violence,True,True,True,True,True,5
ID_SZG6C0TS,sexual_violence,True,True,True,True,True,5
ID_T048R1F6,Physical_violence,True,True,True,True,True,5
ID_T062EIVQ,sexual_violence,True,True,True,True,True,5
ID_T07G466L,sexual_violence,True,True,True,True,True,5
ID_T0SI5ZZS,sexual_violence,True,False,True,False,False,2
ID_T1JBKKEW,Physical_violence,True,True,True,True,True,5
ID_T1UV1A58,sexual_violence,True,True,True,True,True,5
ID_T24EX6G5,sexual_violence,True,True,True,True,True,5
ID_T25S2D1D,sexual_violence,True,True,True,True,True,5
ID_T274IDBS,Physical_violence,True,True,True,True,True,5
ID_T2B5B0YR,sexual_violence,True,True,True,True,True,5
ID_T2COXKDJ,sexual_violence,True,True,True,True,True,5
ID_T2G1WAI0,sexual_violence,True,True,True,True,True,5
ID_T2H0BWCZ,sexual_violence,True,True,True,True,True,5
ID_T2JCRZRN,Physical_violence,True,True,True,True,True,5
ID_T2LLWUHE,sexual_violence,True,True,True,True,True,5
ID_T2QYFKD7,sexual_violence,True,True,True,True,True,5
ID_T2S20XZP,sexual_violence,True,True,True,True,True,5
ID_T2SRRTU5,sexual_violence,True,True,True,True,True,5
ID_T2XBIIFW,sexual_violence,True,True,True,True,True,5
ID_T31UNSO5,sexual_violence,True,True,True,True,True,5
ID_T366GX28,sexual_violence,True,True,True,True,True,5
ID_T39N2M9A,sexual_violence,True,True,True,True,True,5
ID_T3AN4FG3,sexual_violence,True,True,True,True,True,5
ID_T3FW7AON,sexual_violence,True,True,True,True,True,5
ID_T3Q591EF,sexual_violence,True,True,True,True,True,5
ID_T3QMJ40M,sexual_violence,True,True,True,True,True,5
ID_T3T1Y3YT,sexual_violence,True,True,True,True,True,5
ID_T44WT06J,Physical_violence,True,True,True,True,True,5
ID_T4CNTK7R,sexual_violence,True,True,True,True,True,5
ID_T4SCT37C,sexual_violence,True,True,True,True,True,5
ID_T4ZTW89I,Physical_violence,True,True,True,True,True,5
ID_T51F4VGH,sexual_violence,True,True,True,True,True,5
ID_T59WAVRS,Physical_violence,True,True,True,True,True,5
ID_T5M6FSGE,sexual_violence,True,True,True,True,True,5
ID_T5PG3YPO,Physical_violence,True,True,True,True,True,5
ID_T5PU94E1,sexual_violence,True,True,True,True,True,5
ID_T64165RS,sexual_violence,True,True,True,True,True,5
ID_T6AVT3IU,sexual_violence,True,True,True,True,True,5
ID_T6H1QDB2,sexual_violence,True,True,True,True,True,5
ID_T6HSJZ40,sexual_violence,True,True,True,True,True,5
ID_T6I9KDH6,Physical_violence,True,True,True,True,True,5
ID_T6WOFGUU,sexual_violence,True,True,True,True,True,5
ID_T6ZAEIW2,sexual_violence,True,True,True,True,True,5
ID_T71KD9PB,sexual_violence,True,True,True,True,True,5
ID_T74VL6WX,sexual_violence,True,True,True,True,True,5
ID_T783JEBG,sexual_violence,True,True,True,True,True,5
ID_T7DIE3PD,sexual_violence,True,True,True,True,True,5
ID_T7GQMVYS,sexual_violence,True,True,True,True,True,5
ID_T7OL9KH1,sexual_violence,True,True,True,True,True,5
ID_T84I82A4,Physical_violence,True,True,True,True,True,5
ID_T85936XA,sexual_violence,True,True,True,True,True,5
ID_T87LRY3N,sexual_violence,True,True,True,True,True,5
ID_T8GFSST4,sexual_violence,True,True,True,True,True,5
ID_T8GOWOLQ,sexual_violence,True,True,True,True,True,5
ID_T90BPS06,sexual_violence,True,True,True,True,True,5
ID_T9BYCDQD,sexual_violence,True,True,True,True,True,5
ID_T9CZINEU,sexual_violence,True,True,True,True,True,5
ID_T9D4PR73,sexual_violence,True,True,True,True,True,5
ID_T9FDZ1OJ,Physical_violence,True,True,True,True,True,5
ID_T9FVSH5O,sexual_violence,True,True,True,True,True,5
ID_TA1LQQIQ,sexual_violence,True,True,True,True,True,5
ID_TA9MW1G5,Physical_violence,True,True,True,True,True,5
ID_TAAPEDG0,sexual_violence,True,True,True,True,True,5
ID_TABK5W0R,sexual_violence,True,True,True,True,True,5
ID_TAKOCT46,economic_violence,True,False,True,True,True,4
ID_TALF970K,sexual_violence,True,True,True,True,True,5
ID_TAQ3NWZM,sexual_violence,True,True,True,True,True,5
ID_TARK1OEW,sexual_violence,True,True,True,True,True,5
ID_TB0CP2FP,sexual_violence,True,True,True,True,True,5
ID_TB1YZYAJ,Physical_violence,True,True,True,True,True,5
ID_TB89XHSM,sexual_violence,True,True,True,True,True,5
ID_TBI2UQWK,sexual_violence,True,True,True,True,True,5
ID_TBNW597I,sexual_violence,True,True,True,True,True,5
ID_TBROPHZF,Harmful_Traditional_practice,True,False,True,True,True,4
ID_TC2NKQR1,sexual_violence,True,True,True,True,True,5
ID_TC4M48M9,sexual_violence,True,True,True,True,True,5
ID_TC7SC66A,sexual_violence,True,True,True,True,True,5
ID_TC9ISYIZ,sexual_violence,True,True,True,True,True,5
ID_TCHIAIHZ,sexual_violence,True,True,True,True,True,5
ID_TCOBF14S,sexual_violence,True,True,True,True,True,5
ID_TCYXA9UW,sexual_violence,True,True,True,True,True,5
ID_TD09ZR6R,sexual_violence,True,True,True,True,True,5
ID_TD43ZT4T,Physical_violence,True,True,True,True,True,5
ID_TDVIJPVK,sexual_violence,True,True,True,True,True,5
ID_TDXY3E87,sexual_violence,True,True,True,True,True,5
ID_TE1O2RST,sexual_violence,True,True,True,True,True,5
ID_TE706WIU,sexual_violence,True,True,True,True,True,5
ID_TE823GDQ,sexual_violence,True,True,True,True,True,5
ID_TETKTC5X,sexual_violence,True,True,True,True,True,5
ID_TEVLC0D7,sexual_violence,True,True,True,True,True,5
ID_TF21043T,sexual_violence,True,True,True,True,True,5
ID_TF4TNLHW,sexual_violence,True,True,True,True,True,5
ID_TF6HUTK2,sexual_violence,True,True,True,True,True,5
ID_TF89646M,sexual_violence,True,True,True,True,True,5
ID_TFE5TTKS,Physical_violence,True,True,True,True,True,5
ID_TFNHC8GV,sexual_violence,True,True,True,True,True,5
ID_TFR4C139,sexual_violence,True,True,True,True,True,5
ID_TGDZ41WY,emotional_violence,True,True,True,True,True,5
ID_TGGIRHWS,sexual_violence,True,True,True,True,True,5
ID_TGKNZZ8E,sexual_violence,True,True,True,True,True,5
ID_TGOA2T65,sexual_violence,True,True,True,True,True,5
ID_TGRSO3YW,sexual_violence,True,True,True,True,True,5
ID_TH5Q6F2Q,sexual_violence,True,True,True,True,True,5
ID_THJ34XT3,sexual_violence,True,True,True,True,True,5
ID_THNNYXE8,emotional_violence,True,True,True,True,True,5
ID_THS1KRZD,sexual_violence,True,True,True,True,True,5
ID_THTFC8GC,sexual_violence,True,True,True,True,True,5
ID_THUO5BHP,sexual_violence,True,True,True,True,True,5
ID_THW2TRO6,emotional_violence,True,True,True,True,True,5
ID_THXWM9M3,Physical_violence,True,True,True,True,True,5
ID_THXYH1PE,sexual_violence,True,True,True,True,True,5
ID_TI9TC627,sexual_violence,True,True,True,True,True,5
ID_TICW67OW,sexual_violence,True,True,True,True,True,5
ID_TIN1LZMY,sexual_violence,True,True,True,True,True,5
ID_TJB8Y6CD,sexual_violence,True,True,True,True,True,5
ID_TJF25U06,sexual_violence,True,True,True,True,True,5
ID_TJG2GC96,sexual_violence,True,True,True,True,True,5
ID_TJGCVQLI,sexual_violence,True,True,True,True,True,5
ID_TJPHNPFQ,sexual_violence,True,True,True,True,True,5
ID_TJV70556,Physical_violence,True,True,True,True,True,5
ID_TJZZ8QHX,sexual_violence,True,True,True,True,True,5
ID_TK11HXVX,Physical_violence,True,True,True,True,True,5
ID_TK7SH44I,sexual_violence,True,True,True,True,True,5
ID_TK8SAXTU,sexual_violence,True,True,True,True,True,5
ID_TKBEJUG0,sexual_violence,True,True,True,True,True,5
ID_TKD1A2AY,sexual_violence,True,True,True,True,True,5
ID_TKEHFPHP,sexual_violence,True,True,True,True,True,5
ID_TL574ISC,sexual_violence,True,True,True,True,True,5
ID_TLH4ST66,Physical_violence,True,True,True,True,True,5
ID_TLKK3NRS,sexual_violence,True,True,True,True,True,5
ID_TLLUE6ON,sexual_violence,True,True,True,True,True,5
ID_TLWDWGY9,sexual_violence,True,True,True,True,True,5
ID_TLZMWG8B,sexual_violence,True,True,True,True,True,5
ID_TLZTT5ST,sexual_violence,True,True,True,True,True,5
ID_TM35MLE5,Physical_violence,False,True,True,True,True,4
ID_TM6G2WPB,sexual_violence,True,True,True,True,True,5
ID_TMFY0Q9Y,Physical_violence,True,True,True,True,True,5
ID_TMWCTWP7,Physical_violence,True,True,True,True,True,5
ID_TNE4AKDY,sexual_violence,True,True,True,True,True,5
ID_TNF1AARJ,sexual_violence,True,True,True,True,True,5
ID_TNHWO62T,sexual_violence,True,True,True,True,True,5
ID_TNNCJBFL,economic_violence,True,True,True,True,True,5
ID_TNSCRS3N,sexual_violence,True,True,True,True,True,5
ID_TNSE93JI,Physical_violence,True,True,True,True,True,5
ID_TOLF3IPX,sexual_violence,True,True,True,True,True,5
ID_TOPY64G0,sexual_violence,True,True,True,True,True,5
ID_TORETEZ6,sexual_violence,True,True,True,True,True,5
ID_TOS2Y905,sexual_violence,True,True,True,True,True,5
ID_TOSRRQ6S,Physical_violence,True,True,True,True,True,5
ID_TOZ1LPNG,Physical_violence,True,True,True,True,True,5
ID_TP2AWK4J,sexual_violence,True,True,True,True,True,5
ID_TP30D1TI,sexual_violence,True,True,True,True,True,5
ID_TP3Z2PXJ,sexual_violence,True,True,True,True,True,5
ID_TPE2BGT8,sexual_violence,True,True,True,True,True,5
ID_TPLG2HJK,sexual_violence,True,True,True,True,True,5
ID_TPPPNKJD,sexual_violence,True,True,True,True,True,5
ID_TPT18ARY,Physical_violence,True,True,True,True,True,5
ID_TPX12C9X,sexual_violence,True,True,True,True,True,5
ID_TQ92AUG5,sexual_violence,True,True,True,True,True,5
ID_TQC8RL0W,Physical_violence,True,True,True,True,True,5
ID_TQEA3ZHF,sexual_violence,True,True,True,True,True,5
ID_TQOFKZFE,sexual_violence,True,True,True,True,True,5
ID_TQTDZ07C,Physical_violence,True,True,True,True,True,5
ID_TQVE8YDT,Physical_violence,True,True,True,True,True,5
ID_TR0QXT75,sexual_violence,True,True,True,True,True,5
ID_TR2XOUWO,sexual_violence,True,True,True,True,True,5
ID_TR40M03D,sexual_violence,True,True,True,True,True,5
ID_TRGFE9E0,sexual_violence,True,True,True,True,True,5
ID_TRMDXQB6,sexual_violence,True,True,True,True,True,5
ID_TRTZWALT,sexual_violence,True,True,True,True,True,5
ID_TSAEN60Z,Physical_violence,True,True,True,True,True,5
ID_TSD4H5YC,sexual_violence,True,True,True,True,True,5
ID_TSEZL4EL,sexual_violence,True,True,True,True,True,5
ID_TSSKM2H5,Physical_violence,True,True,True,True,True,5
ID_TSZS7JT9,sexual_violence,True,True,True,True,True,5
ID_TT9WI7PW,sexual_violence,True,True,True,False,True,4
ID_TTK0HANN,sexual_violence,True,True,True,True,True,5
ID_TTLST9QG,sexual_violence,True,True,True,True,True,5
ID_TTS5B11F,sexual_violence,True,True,True,True,True,5
ID_TU4G2XVN,sexual_violence,True,True,True,True,True,5
ID_TUCY47CV,sexual_violence,True,True,True,True,True,5
ID_TUHBNX2Y,sexual_violence,True,True,True,True,True,5
ID_TULJZZGL,emotional_violence,True,True,True,True,True,5
ID_TUSEUDKO,sexual_violence,True,True,True,True,True,5
ID_TV4PELL7,sexual_violence,True,True,True,True,True,5
ID_TVAPRS6Z,sexual_violence,True,True,True,True,True,5
ID_TVAUA34N,Physical_violence,True,True,True,True,True,5
ID_TVC5L5S7,sexual_violence,True,True,True,True,True,5
ID_TVQR183C,Physical_violence,True,True,True,True,True,5
ID_TW43K0LL,Physical_violence,True,True,True,True,True,5
ID_TWUWT0PA,sexual_violence,True,True,True,True,True,5
ID_TX9TT7SC,sexual_violence,True,True,True,True,True,5
ID_TXDIF8Y0,Physical_violence,True,True,True,True,True,5
ID_TXLA91M5,sexual_violence,True,True,True,True,True,5
ID_TXPOK73Q,sexual_violence,True,True,True,True,True,5
ID_TXTZ1RZK,sexual_violence,True,True,True,True,True,5
ID_TXX3685Q,sexual_violence,True,True,True,True,True,5
ID_TXZ1V99E,sexual_violence,True,False,True,False,True,3
ID_TY1GX36C,sexual_violence,True,True,True,True,True,5
ID_TY2KAWAZ,sexual_violence,True,True,True,True,True,5
ID_TY8E80MT,sexual_violence,True,True,True,True,True,5
ID_TYHC8XKL,sexual_violence,True,True,True,True,True,5
ID_TYLJBUXV,sexual_violence,True,True,True,True,True,5
ID_TYP1F1LU,sexual_violence,True,True,True,True,True,5
ID_TYPL5ZIJ,sexual_violence,True,True,True,True,True,5
ID_TYTV52C5,emotional_violence,True,True,True,True,True,5
ID_TYZI7I87,economic_violence,True,True,True,True,True,5
ID_TZ4Q1AB3,sexual_violence,True,True,True,True,True,5
ID_TZK3VO89,sexual_violence,True,True,True,True,True,5
ID_TZOGL2RO,sexual_violence,True,True,True,True,True,5
ID_TZP9T3B4,sexual_violence,True,True,True,True,True,5
ID_TZTZ74KS,sexual_violence,True,True,True,True,True,5
ID_TZZJA7L9,sexual_violence,True,True,True,True,True,5
ID_U0H3S1Z9,sexual_violence,True,True,True,True,True,5
ID_U0L832QQ,Physical_violence,True,True,True,True,True,5
ID_U106ECMR,sexual_violence,True,True,True,True,True,5
ID_U10NPDDA,sexual_violence,True,True,True,True,True,5
ID_U12ZRVTW,sexual_violence,True,True,True,True,True,5
ID_U15995AI,sexual_violence,True,True,True,True,True,5
ID_U16WWHFS,sexual_violence,True,True,True,True,True,5
ID_U19OO9L8,sexual_violence,True,True,True,True,True,5
ID_U1ER25CV,Physical_violence,True,True,True,True,True,5
ID_U1KMDWED,sexual_violence,True,True,True,True,True,5
ID_U1TVGPHG,sexual_violence,True,True,True,True,True,5
ID_U2H249IM,Physical_violence,True,True,True,True,True,5
ID_U2HDZV90,sexual_violence,True,True,True,True,True,5
ID_U2JQ8PCV,sexual_violence,True,True,True,True,True,5
ID_U34RX8GU,sexual_violence,True,True,True,True,True,5
ID_U3D3ATEK,sexual_violence,True,True,True,True,True,5
ID_U3F9KLQ8,Physical_violence,True,True,True,True,True,5
ID_U3WT15A1,sexual_violence,True,True,True,True,True,5
ID_U4AQW4ZH,sexual_violence,True,True,True,True,True,5
ID_U4CKBXWV,sexual_violence,True,True,True,True,True,5
ID_U4INUCKT,sexual_violence,True,True,True,True,True,5
ID_U4IR30S1,sexual_violence,False,True,True,True,True,4
ID_U4SRDWSJ,economic_violence,True,True,True,False,False,3
ID_U54V0HSA,Physical_violence,True,True,True,True,True,5
ID_U59GGZFA,sexual_violence,True,True,True,True,True,5
ID_U59SHWUR,sexual_violence,True,True,True,True,True,5
ID_U5AXMKMT,sexual_violence,True,True,True,True,True,5
ID_U5MXBFSJ,sexual_violence,True,True,True,True,True,5
ID_U5UMWX67,Physical_violence,True,True,True,True,True,5
ID_U5WG8MJH,Physical_violence,True,True,True,True,True,5
ID_U5WW487S,sexual_violence,True,True,True,True,True,5
ID_U5XKBIZZ,sexual_violence,True,True,True,True,True,5
ID_U64PJRKH,sexual_violence,True,True,True,True,True,5
ID_U67RC47D,Physical_violence,True,True,True,True,True,5
ID_U6CTX6OD,sexual_violence,True,True,True,True,True,5
ID_U7MSYT80,sexual_violence,True,True,True,True,True,5
ID_U7OX8JHW,sexual_violence,True,True,True,True,True,5
ID_U80D4FSC,Physical_violence,True,True,True,True,True,5
ID_U8E41K6J,Physical_violence,True,True,True,True,True,5
ID_U8IBMNSK,sexual_violence,True,True,True,True,True,5
ID_U8LHB2UA,sexual_violence,True,True,True,True,True,5
ID_U8MDMPTO,sexual_violence,True,True,True,True,True,5
ID_U8UEWFUZ,sexual_violence,True,True,True,True,True,5
ID_U8YNS4VD,sexual_violence,True,True,True,True,True,5
ID_U90M4RZA,sexual_violence,True,True,True,True,True,5
ID_U946TYYT,Physical_violence,True,True,True,True,True,5
ID_U97M0RA2,Physical_violence,True,True,True,True,True,5
ID_U9FBB7VM,sexual_violence,True,True,True,True,True,5
ID_U9IJ61FS,sexual_violence,True,True,True,True,True,5
ID_U9YYQVVV,sexual_violence,True,True,True,True,True,5
ID_U9ZJZ6RM,Physical_violence,True,True,True,True,True,5
ID_UA11C0V0,sexual_violence,True,True,True,True,True,5
ID_UA7GWLYK,sexual_violence,True,True,True,True,True,5
ID_UAASM2E8,sexual_violence,True,True,True,True,True,5
ID_UACAAL2I,sexual_violence,True,True,True,True,True,5
ID_UAI0AKRS,sexual_violence,True,True,True,True,True,5
ID_UAK9YMBW,economic_violence,True,True,True,True,True,5
ID_UAS9MPK4,sexual_violence,True,True,True,True,True,5
ID_UAUJL63C,sexual_violence,True,True,True,True,True,5
ID_UB8NCNAP,sexual_violence,True,True,True,True,True,5
ID_UBBOFF50,sexual_violence,True,True,True,True,True,5
ID_UBFF9ZLU,Physical_violence,True,True,True,True,True,5
ID_UBIRJ4PG,emotional_violence,True,True,True,True,True,5
ID_UBVIKOLB,sexual_violence,True,True,True,True,True,5
ID_UBYPOX0K,sexual_violence,True,True,True,True,True,5
ID_UC23NGNH,sexual_violence,True,True,True,True,True,5
ID_UC841RJZ,sexual_violence,True,True,True,True,True,5
ID_UCA1D670,sexual_violence,True,True,True,True,True,5
ID_UCVCFNGS,emotional_violence,True,True,True,True,True,5
ID_UCXI773B,Physical_violence,True,True,True,True,True,5
ID_UD1JYSAM,sexual_violence,True,True,True,True,True,5
ID_UD45R6VF,sexual_violence,True,True,True,True,True,5
ID_UDAPPXVZ,sexual_violence,True,True,True,True,True,5
ID_UDHHNQHS,Physical_violence,True,True,True,True,True,5
ID_UDK92MRX,sexual_violence,True,True,True,True,True,5
ID_UDN0QK1O,sexual_violence,True,True,True,True,True,5
ID_UDWPU4LR,sexual_violence,True,True,True,True,True,5
ID_UDZRPYXF,sexual_violence,True,True,True,True,True,5
ID_UE5QOIY6,sexual_violence,True,True,True,True,True,5
ID_UEFPI9TS,sexual_violence,True,True,True,True,True,5
ID_UEOB23DR,Physical_violence,True,True,True,True,True,5
ID_UF2F7MSV,sexual_violence,True,True,True,True,True,5
ID_UF2WHZ3Z,sexual_violence,True,True,True,True,True,5
ID_UF5ZJDNE,sexual_violence,True,True,True,True,True,5
ID_UF77KOM0,sexual_violence,True,True,True,True,True,5
ID_UFG0N093,sexual_violence,True,True,True,True,True,5
ID_UFI2SBOS,sexual_violence,True,True,True,True,True,5
ID_UFOMVM4S,sexual_violence,True,True,True,True,True,5
ID_UFT0FFPA,sexual_violence,True,True,True,True,True,5
ID_UFWEBSDW,Physical_violence,True,True,True,True,True,5
ID_UG2FVF8D,sexual_violence,True,True,True,True,True,5
ID_UG3NSIMS,sexual_violence,False,True,True,True,True,4
ID_UG426VCE,Physical_violence,True,True,True,True,True,5
ID_UGBBI1H0,sexual_violence,True,True,True,True,True,5
ID_UGN3Z5U0,sexual_violence,True,True,True,True,True,5
ID_UGUJ2BXD,sexual_violence,True,True,True,True,True,5
ID_UH16V6HE,sexual_violence,True,True,True,True,True,5
ID_UH2ME81E,sexual_violence,True,True,True,True,True,5
ID_UH9JJIUW,sexual_violence,True,True,True,True,True,5
ID_UHDUJ3E8,sexual_violence,True,True,True,True,True,5
ID_UHHCS6XZ,sexual_violence,True,True,True,True,True,5
ID_UI35PBHZ,sexual_violence,True,True,True,True,True,5
ID_UIAPUEW3,sexual_violence,True,True,True,True,True,5
ID_UIFAO6J7,sexual_violence,True,True,True,True,True,5
ID_UINXD8ER,sexual_violence,True,True,True,True,True,5
ID_UIRYII7U,sexual_violence,True,True,True,True,True,5
ID_UJX0XH0U,sexual_violence,True,True,True,True,True,5
ID_UK1YVAEV,sexual_violence,True,True,True,True,True,5
ID_UK5YHU5A,sexual_violence,True,True,True,True,True,5
ID_UKS5J97U,Physical_violence,True,True,True,True,True,5
ID_ULGE5O0N,sexual_violence,True,True,True,True,True,5
ID_ULJTMEUP,sexual_violence,True,True,True,True,True,5
ID_ULOR8OHO,sexual_violence,True,True,True,True,True,5
ID_ULVZ7QJ1,emotional_violence,True,True,True,True,True,5
ID_ULWU88GS,sexual_violence,True,True,True,True,True,5
ID_ULX91CBT,sexual_violence,True,True,True,True,True,5
ID_ULXJ680J,sexual_violence,False,True,True,True,True,4
ID_ULYNKXC8,sexual_violence,True,True,True,True,True,5
ID_UM7WMQVI,Physical_violence,True,True,True,True,True,5
ID_UMP1AOGU,sexual_violence,True,True,True,True,True,5
ID_UN804Z5C,sexual_violence,True,True,True,True,True,5
ID_UN9BCZXZ,Physical_violence,True,True,True,True,True,5
ID_UNB20LON,Physical_violence,True,True,True,True,True,5
ID_UNC4I3X5,sexual_violence,True,True,True,True,True,5
ID_UNEX9PFO,Physical_violence,True,True,True,True,True,5
ID_UNHEQKLX,sexual_violence,True,True,True,True,True,5
ID_UNV05EPX,sexual_violence,True,True,True,True,True,5
ID_UNVHNYBA,sexual_violence,True,True,True,True,True,5
ID_UO5OZC7Y,sexual_violence,True,True,True,True,True,5
ID_UOAXH3EZ,sexual_violence,True,True,True,True,True,5
ID_UOG0KWTI,sexual_violence,True,True,True,True,True,5
ID_UOQ0QD4D,sexual_violence,True,True,True,True,True,5
ID_UOXFO15D,sexual_violence,True,True,True,True,True,5
ID_UOYFI8J1,Physical_violence,True,True,True,True,True,5
ID_UP1I0ZZG,sexual_violence,True,True,True,True,True,5
ID_UP4ZQG0N,sexual_violence,True,True,True,True,True,5
ID_UPJ8NL0W,sexual_violence,True,True,True,True,True,5
ID_UQ8IY4NN,sexual_violence,True,True,True,True,True,5
ID_UQL5G7OJ,sexual_violence,True,True,True,True,True,5
ID_UQMYCV7P,sexual_violence,True,True,True,True,True,5
ID_UQT71KU0,sexual_violence,True,True,True,True,True,5
ID_UQTCCVE6,sexual_violence,True,True,True,True,True,5
ID_UQUHHS7M,sexual_violence,True,True,True,True,True,5
ID_UQVM7884,sexual_violence,True,True,True,True,True,5
ID_URH5CRMR,sexual_violence,True,True,True,True,True,5
ID_URPO54PR,Physical_violence,True,True,True,True,True,5
ID_URWO6QA5,sexual_violence,True,True,True,True,True,5
ID_URWOPMKN,sexual_violence,True,True,True,True,True,5
ID_URYW8ADO,sexual_violence,True,True,True,True,True,5
ID_USE69M33,sexual_violence,True,True,True,True,True,5
ID_USEWC8VD,sexual_violence,True,True,True,True,True,5
ID_USEYH1DC,sexual_violence,True,True,True,False,True,4
ID_USIWU3IX,sexual_violence,True,True,True,True,True,5
ID_USKAS07G,sexual_violence,True,True,True,True,True,5
ID_USS8MDH9,sexual_violence,True,True,True,True,True,5
ID_UT29MYYQ,sexual_violence,True,True,True,True,True,5
ID_UT2VJVG8,sexual_violence,True,True,True,True,True,5
ID_UT5SCRWI,sexual_violence,True,True,True,True,True,5
ID_UTD0YD3T,sexual_violence,True,True,True,True,True,5
ID_UTFDDJ1J,sexual_violence,True,True,True,True,True,5
ID_UTG25WEB,Physical_violence,True,True,True,True,True,5
ID_UTJXPP04,sexual_violence,True,True,True,True,True,5
ID_UTK4RTZP,sexual_violence,True,True,True,True,True,5
ID_UU0HM2S3,Physical_violence,True,True,True,True,True,5
ID_UU2WS6AY,sexual_violence,True,True,True,True,True,5
ID_UUHQ4XH5,sexual_violence,True,True,True,True,True,5
ID_UUHXS01O,sexual_violence,True,True,True,True,True,5
ID_UUQD37N8,sexual_violence,True,True,True,True,True,5
ID_UUWMEI0M,Physical_violence,True,True,True,True,True,5
ID_UUXDZPRH,sexual_violence,True,True,True,True,True,5
ID_UV0TVT2M,sexual_violence,True,True,True,True,True,5
ID_UV5W7B53,sexual_violence,True,True,True,True,True,5
ID_UVBS8FUT,sexual_violence,True,True,True,True,True,5
ID_UVDMSYKR,sexual_violence,True,True,True,True,True,5
ID_UVLHJ32Z,sexual_violence,True,True,True,True,True,5
ID_UVN5G28W,sexual_violence,True,True,True,True,True,5
ID_UVNHI64U,sexual_violence,True,True,True,True,True,5
ID_UVU9Y0G6,sexual_violence,True,True,True,True,True,5
ID_UW4ZX73W,sexual_violence,True,True,True,True,True,5
ID_UW77V5OC,sexual_violence,True,True,True,True,True,5
ID_UWEON3IW,sexual_violence,True,True,True,True,True,5
ID_UWF9ESFC,sexual_violence,True,True,True,True,True,5
ID_UWLX1UTI,Physical_violence,True,True,True,True,True,5
ID_UWM32KEC,sexual_violence,True,True,True,True,True,5
ID_UWZ5GPJ3,sexual_violence,True,True,True,True,True,5
ID_UX0TVOG0,sexual_violence,True,True,True,True,True,5
ID_UX5F2VEC,sexual_violence,True,True,True,True,True,5
ID_UXA0JYX9,sexual_violence,True,True,True,True,True,5
ID_UXGBULI6,Physical_violence,True,True,True,True,True,5
ID_UY01VG5J,sexual_violence,True,True,True,True,True,5
ID_UYBA5ABX,Physical_violence,True,True,True,True,True,5
ID_UYFDUA3J,Physical_violence,True,True,True,True,True,5
ID_UYH02SBN,sexual_violence,True,True,True,True,True,5
ID_UYQFIN7V,sexual_violence,True,True,True,True,True,5
ID_UZARX9MI,sexual_violence,True,True,True,True,True,5
ID_UZCS68L8,sexual_violence,True,True,True,True,True,5
ID_UZGWOZ15,sexual_violence,True,True,True,True,True,5
ID_UZQRP3SY,Physical_violence,True,True,True,True,True,5
ID_UZR4QLUK,Harmful_Traditional_practice,True,True,False,True,True,4
ID_UZWSBQ36,sexual_violence,True,True,True,True,True,5
ID_V08Z3VBJ,sexual_violence,True,True,True,True,True,5
ID_V0BZ6A5R,Physical_violence,True,True,True,True,True,5
ID_V0MCJ3C6,sexual_violence,True,True,True,True,True,5
ID_V0RZ53FI,sexual_violence,True,True,True,True,True,5
ID_V12YPHXX,sexual_violence,True,True,True,True,True,5
ID_V13YAZ5O,Harmful_Traditional_practice,True,False,True,False,True,3
ID_V19FL0IY,sexual_violence,True,True,True,True,True,5
ID_V1HCA981,Physical_violence,True,True,True,True,True,5
ID_V1MBGUQZ,Physical_violence,True,True,True,True,True,5
ID_V1URXB3K,sexual_violence,True,True,True,True,True,5
ID_V22B16HD,sexual_violence,True,True,True,True,True,5
ID_V24TD4MQ,sexual_violence,True,True,True,True,True,5
ID_V2KZBBBY,sexual_violence,True,True,True,True,True,5
ID_V2RT0LU3,Physical_violence,True,True,True,True,True,5
ID_V2T7CJQR,Physical_violence,True,True,True,True,True,5
ID_V2Y4FEEN,sexual_violence,True,True,True,True,True,5
ID_V36IUQ4N,Physical_violence,True,True,True,True,True,5
ID_V37LUIX9,Physical_violence,True,True,True,True,True,5
ID_V3MG7PA5,Physical_violence,True,True,True,True,True,5
ID_V3U6NG41,sexual_violence,True,True,True,True,True,5
ID_V3W02I0S,sexual_violence,True,True,True,True,True,5
ID_V3X1RUN2,sexual_violence,True,True,True,True,True,5
ID_V46VTBDW,sexual_violence,True,True,True,True,True,5
ID_V48UPCOF,sexual_violence,True,True,True,True,True,5
ID_V4T4MRAT,Physical_violence,True,True,True,True,True,5
ID_V4XZO26U,Physical_violence,True,True,True,True,True,5
ID_V5FHP1D7,sexual_violence,True,True,True,True,True,5
ID_V5HXLZ71,sexual_violence,True,True,True,True,True,5
ID_V5J1NGXI,sexual_violence,True,True,True,True,True,5
ID_V5MEJC48,sexual_violence,True,True,True,True,True,5
ID_V5P01TFC,sexual_violence,True,True,True,True,True,5
ID_V6AF6G1C,sexual_violence,True,True,True,True,True,5
ID_V6LUH6N4,sexual_violence,False,True,True,True,True,4
ID_V6SAGHTA,sexual_violence,True,True,True,True,True,5
ID_V73K0EH7,sexual_violence,True,True,True,True,True,5
ID_V740T051,sexual_violence,True,True,True,True,True,5
ID_V79SVMCB,Physical_violence,True,True,True,True,True,5
ID_V7M815NI,sexual_violence,True,True,True,True,True,5
ID_V7PCAB99,sexual_violence,True,True,True,True,True,5
ID_V7QP7MWC,Physical_violence,True,True,True,False,False,3
ID_V7Z1054P,Physical_violence,True,True,True,True,True,5
ID_V82MU91J,sexual_violence,True,True,True,True,True,5
ID_V86DO2A0,sexual_violence,True,True,True,True,True,5
ID_V8FS3GVV,sexual_violence,True,True,True,True,True,5
ID_V8IV8I2V,Physical_violence,True,True,True,True,True,5
ID_V8V3KF3F,Physical_violence,True,True,True,True,True,5
ID_V8XS4AZ6,sexual_violence,True,True,True,True,True,5
ID_V8ZSLJ9Z,Physical_violence,True,True,True,True,True,5
ID_V910KK6R,Physical_violence,True,True,True,True,True,5
ID_V97M05U2,sexual_violence,True,True,True,True,True,5
ID_V99JJ0M9,sexual_violence,True,True,True,True,True,5
ID_V9I6PY17,Physical_violence,True,True,True,True,True,5
ID_V9IFSC0M,sexual_violence,True,True,True,True,True,5
ID_VA1AQ8AC,sexual_violence,True,True,True,True,True,5
ID_VA1XUR1Q,sexual_violence,True,True,True,True,True,5
ID_VA1YXYNB,sexual_violence,True,True,True,True,True,5
ID_VAD7A8S4,sexual_violence,True,True,True,True,True,5
ID_VADC5E9V,Harmful_Traditional_practice,True,True,True,True,True,5
ID_VAIGA6SJ,sexual_violence,True,True,True,True,True,5
ID_VAKSARJ5,sexual_violence,True,True,True,True,True,5
ID_VALPQK4T,sexual_violence,True,True,True,True,True,5
ID_VAMBQX9E,sexual_violence,True,True,True,True,True,5
ID_VAT02UDB,sexual_violence,True,True,True,True,True,5
ID_VATSZUAW,sexual_violence,True,True,True,True,True,5
ID_VAVI3G5D,sexual_violence,True,True,True,True,True,5
ID_VB5HN0P8,Physical_violence,True,True,True,True,True,5
ID_VB8BO0DE,sexual_violence,True,True,True,True,True,5
ID_VBB0NUR8,Physical_violence,True,True,True,True,True,5
ID_VBBF6VX6,sexual_violence,True,True,True,True,True,5
ID_VBNK92DU,sexual_violence,True,True,True,True,True,5
ID_VBOF1M34,sexual_violence,True,True,True,True,True,5
ID_VBXN3KZW,sexual_violence,True,True,True,True,True,5
ID_VCH00GNQ,sexual_violence,True,True,True,True,True,5
ID_VCH57J3P,sexual_violence,True,True,True,True,True,5
ID_VCKET4YX,sexual_violence,True,True,True,True,True,5
ID_VCO14Z9K,sexual_violence,True,True,True,True,True,5
ID_VCP734L7,sexual_violence,True,True,True,True,True,5
ID_VCQO98LZ,Physical_violence,True,True,True,True,True,5
ID_VCQOO4T0,sexual_violence,True,True,True,True,True,5
ID_VCY8NG5N,sexual_violence,True,True,True,True,True,5
ID_VD3K27BE,sexual_violence,True,True,True,True,True,5
ID_VD80UF2K,sexual_violence,True,True,True,True,True,5
ID_VD9HANKJ,sexual_violence,True,True,True,True,True,5
ID_VE2WLSU9,Physical_violence,True,True,True,True,True,5
ID_VE36N20Q,sexual_violence,True,True,True,True,True,5
ID_VE4B85U1,sexual_violence,True,True,True,True,True,5
ID_VE76RMB5,sexual_violence,True,True,True,True,True,5
ID_VEO3P47V,sexual_violence,True,True,True,True,True,5
ID_VEU14HZX,sexual_violence,True,True,True,True,True,5
ID_VF2WPCJX,sexual_violence,True,True,True,True,True,5
ID_VF9SAAJR,sexual_violence,True,True,True,True,True,5
ID_VFLJR50P,sexual_violence,True,True,True,True,True,5
ID_VFRGIP8L,sexual_violence,True,True,True,True,True,5
ID_VFRMDXZM,sexual_violence,True,True,True,True,True,5
ID_VFTRAE1Q,sexual_violence,True,True,True,True,True,5
ID_VFVVY2BN,sexual_violence,True,True,True,True,True,5
ID_VFWK07WW,sexual_violence,True,True,True,True,True,5
ID_VG4GZ2XZ,sexual_violence,True,True,True,True,True,5
ID_VGAKTAC9,sexual_violence,True,True,True,True,True,5
ID_VGJB8QYN,sexual_violence,True,True,True,True,True,5
ID_VGP3NDHS,Physical_violence,True,True,True,True,True,5
ID_VH3DJ6N8,sexual_violence,True,True,True,True,True,5
ID_VH3YFKOG,sexual_violence,True,True,True,True,True,5
ID_VHTBRJJO,sexual_violence,True,True,True,True,True,5
ID_VHTX62I4,sexual_violence,True,True,True,True,True,5
ID_VI2D73UF,sexual_violence,True,True,True,True,True,5
ID_VI5W4P86,sexual_violence,True,True,True,True,True,5
ID_VICUWVMF,sexual_violence,True,True,True,True,True,5
ID_VIFRRYBK,sexual_violence,True,True,True,True,True,5
ID_VIH170Q9,sexual_violence,True,True,True,True,True,5
ID_VIICFWK8,sexual_violence,True,True,True,True,True,5
ID_VIY6D199,sexual_violence,True,True,True,True,True,5
ID_VIYRHI2I,sexual_violence,True,True,True,True,True,5
ID_VJ5LDLS8,Physical_violence,True,True,True,True,True,5
ID_VJ9LJV2Y,sexual_violence,True,True,True,True,True,5
ID_VJOUYXC2,sexual_violence,True,True,True,True,True,5
ID_VK8N7S6O,sexual_violence,True,True,True,True,True,5
ID_VKCNEXHE,sexual_violence,True,True,True,True,True,5
ID_VKII9GH6,sexual_violence,True,True,True,True,True,5
ID_VKTLTJLT,sexual_violence,True,True,True,True,True,5
ID_VL3BXZGU,sexual_violence,True,True,True,True,True,5
ID_VL3NOK60,sexual_violence,True,True,True,True,True,5
ID_VL8KPONY,sexual_violence,True,True,True,True,True,5
ID_VLB6XEA0,sexual_violence,True,True,True,True,True,5
ID_VLG9HGSY,sexual_violence,True,True,True,True,True,5
ID_VM6C00DP,sexual_violence,True,True,True,True,True,5
ID_VM6V06UH,sexual_violence,True,True,True,True,True,5
ID_VM7Z6Q15,sexual_violence,True,True,True,True,True,5
ID_VMASVXAT,sexual_violence,True,True,True,True,True,5
ID_VMR926X8,sexual_violence,True,True,True,True,True,5
ID_VMW3YP2K,sexual_violence,True,True,True,True,True,5
ID_VMX82A4X,sexual_violence,True,True,True,True,True,5
ID_VN6NVAUQ,sexual_violence,True,True,True,True,True,5
ID_VN91J6S8,sexual_violence,True,True,True,True,True,5
ID_VNC7H6RU,sexual_violence,True,True,True,True,True,5
ID_VNDKWUQB,Physical_violence,True,True,True,True,True,5
ID_VNFUKC0G,sexual_violence,True,True,True,True,True,5
ID_VNHE001O,Physical_violence,True,True,True,True,True,5
ID_VNN33KH7,sexual_violence,True,True,True,True,True,5
ID_VO93UG3B,sexual_violence,True,True,True,True,True,5
ID_VO9V8PTU,Physical_violence,True,True,True,True,True,5
ID_VOINNM8W,sexual_violence,True,True,True,True,True,5
ID_VOMVYKZ2,Physical_violence,True,True,True,True,True,5
ID_VOSJF0AN,Physical_violence,True,True,True,True,True,5
ID_VOTL0W6A,sexual_violence,True,True,True,True,True,5
ID_VOX9NLEO,Physical_violence,True,True,True,True,True,5
ID_VOYBUXPT,sexual_violence,True,True,True,True,True,5
ID_VP1NQKJZ,sexual_violence,True,True,True,True,True,5
ID_VP2G074E,emotional_violence,True,True,True,True,True,5
ID_VP9MI29E,sexual_violence,True,True,True,True,True,5
ID_VPE48RK6,sexual_violence,True,True,True,True,True,5
ID_VPGCEGTT,sexual_violence,True,True,True,True,True,5
ID_VQ5NBGOD,sexual_violence,True,True,True,True,True,5
ID_VQAJQC9C,Physical_violence,True,True,True,True,True,5
ID_VQHM775H,sexual_violence,True,True,True,True,True,5
ID_VQHT3ND7,sexual_violence,True,True,True,True,True,5
ID_VR2S5XOM,sexual_violence,True,True,True,True,True,5
ID_VR7COZUZ,sexual_violence,True,True,True,True,True,5
ID_VR7WDCZS,sexual_violence,True,True,True,True,True,5
ID_VRH983XE,sexual_violence,True,True,True,True,True,5
ID_VRNT6CE6,sexual_violence,True,True,True,True,True,5
ID_VS0R8APM,sexual_violence,True,True,True,True,True,5
ID_VSAOHB8H,Physical_violence,True,True,True,True,True,5
ID_VSH7EOFT,sexual_violence,True,True,True,True,True,5
ID_VSMWTRHA,Physical_violence,True,True,True,True,True,5
ID_VSOQWGML,sexual_violence,True,True,True,True,True,5
ID_VSYZZUAR,sexual_violence,True,True,True,True,True,5
ID_VT5LOY54,sexual_violence,True,True,True,True,True,5
ID_VT6RVWIB,sexual_violence,True,True,True,True,True,5
ID_VTLWJXLL,sexual_violence,True,True,True,True,True,5
ID_VTN4T8BX,sexual_violence,True,True,True,True,True,5
ID_VTSQIUQX,sexual_violence,True,True,True,True,True,5
ID_VTXARCLJ,sexual_violence,True,True,True,True,True,5
ID_VU1NWSRV,sexual_violence,True,True,True,True,True,5
ID_VU2JL7DY,sexual_violence,True,True,True,True,True,5
ID_VU7A3WZP,emotional_violence,True,True,True,True,True,5
ID_VUCEYILY,sexual_violence,True,True,True,True,True,5
ID_VUIVQKJH,sexual_violence,True,True,True,True,True,5
ID_VUKJBLVJ,sexual_violence,True,True,True,True,True,5
ID_VUL4TYSP,Physical_violence,True,True,True,True,True,5
ID_VV1D7PMN,sexual_violence,True,True,True,True,True,5
ID_VV1RCNRU,Harmful_Traditional_practice,True,False,True,True,True,4
ID_VV2P60QH,sexual_violence,True,True,True,True,True,5
ID_VV3X613N,sexual_violence,True,True,True,True,True,5
ID_VVIM595Z,Physical_violence,True,True,True,True,True,5
ID_VVMDKHFP,sexual_violence,True,True,True,True,True,5
ID_VW0A33DY,sexual_violence,True,True,True,True,True,5
ID_VWN0AYX8,sexual_violence,True,True,True,True,True,5
ID_VWU9ZATB,sexual_violence,True,True,True,True,True,5
ID_VX5S8JZD,sexual_violence,True,True,True,True,True,5
ID_VX89ROC4,sexual_violence,True,True,True,True,True,5
ID_VXH8TSLF,Physical_violence,True,True,True,True,True,5
ID_VXOT8IHY,sexual_violence,True,True,True,True,True,5
ID_VXRB0Y6U,economic_violence,True,True,True,False,True,4
ID_VXWD9JIM,sexual_violence,True,True,True,True,True,5
ID_VY3IBS7R,sexual_violence,True,True,True,True,True,5
ID_VY446K28,sexual_violence,True,True,True,True,True,5
ID_VY456RPC,sexual_violence,True,True,True,True,True,5
ID_VY7RQKPG,sexual_violence,True,True,True,True,True,5
ID_VYDSS8LH,sexual_violence,True,True,True,True,True,5
ID_VYHDS0PX,sexual_violence,True,True,True,True,True,5
ID_VYQKGD7L,sexual_violence,True,True,True,True,True,5
ID_VYVB454B,sexual_violence,True,True,True,True,True,5
ID_VYWU3WNW,Physical_violence,True,True,True,True,True,5
ID_VZ7M1O7I,Physical_violence,True,True,True,True,True,5
ID_VZCIG3NG,sexual_violence,True,True,True,True,True,5
ID_VZJ6C2JY,sexual_violence,True,True,True,True,True,5
ID_VZWGDY6L,sexual_violence,True,True,True,True,True,5
ID_W01J0SV3,sexual_violence,True,True,True,True,True,5
ID_W06IVYA5,sexual_violence,True,True,True,True,True,5
ID_W0AT225N,sexual_violence,True,True,True,True,True,5
ID_W0C6Q59C,sexual_violence,True,True,True,True,True,5
ID_W0C8L7TC,sexual_violence,True,True,True,True,True,5
ID_W0JMCUX5,sexual_violence,True,True,True,True,True,5
ID_W0YC9IH2,sexual_violence,True,True,True,True,True,5
ID_W10XA4DR,sexual_violence,True,True,True,True,True,5
ID_W1E0WQUE,emotional_violence,True,True,True,True,True,5
ID_W1FSI16S,sexual_violence,True,True,True,True,True,5
ID_W1TLJY03,sexual_violence,True,True,True,True,True,5
ID_W1TWJIMD,sexual_violence,False,True,True,True,True,4
ID_W1URDA47,sexual_violence,True,True,True,True,True,5
ID_W1W72XB1,sexual_violence,True,True,True,True,True,5
ID_W1Z1TP30,sexual_violence,True,True,True,True,True,5
ID_W2978FAY,sexual_violence,True,True,True,True,True,5
ID_W2DJGGFU,Physical_violence,True,True,True,True,True,5
ID_W2H5S5XA,sexual_violence,True,True,True,True,True,5
ID_W2L3YWSL,sexual_violence,True,True,True,True,True,5
ID_W2UW7TFT,sexual_violence,True,True,True,True,True,5
ID_W32L12ON,sexual_violence,True,True,True,True,True,5
ID_W3HFYL1K,sexual_violence,True,True,True,True,True,5
ID_W3KCKX5H,sexual_violence,True,True,True,True,True,5
ID_W3MX3I68,sexual_violence,True,True,True,True,True,5
ID_W3S5PSGN,sexual_violence,True,True,True,True,True,5
ID_W3Y8S4WV,Physical_violence,True,True,True,True,True,5
ID_W43A4119,sexual_violence,True,True,True,True,True,5
ID_W43GEPJT,sexual_violence,True,True,True,True,True,5
ID_W48U6XD9,Physical_violence,True,True,True,True,True,5
ID_W49PRMBO,sexual_violence,True,True,True,True,True,5
ID_W4Q5P3T2,Physical_violence,True,True,True,True,True,5
ID_W4YTMPY7,sexual_violence,True,True,True,True,True,5
ID_W4ZRXAJQ,emotional_violence,True,True,True,True,True,5
ID_W53T7MQX,sexual_violence,True,True,True,True,True,5
ID_W5I2ANO0,sexual_violence,True,True,True,True,True,5
ID_W5MIYQ1Q,sexual_violence,True,True,True,True,True,5
ID_W5VN4WNI,Physical_violence,True,True,True,True,True,5
ID_W5ZSHRQ2,sexual_violence,True,True,True,True,True,5
ID_W5ZYF12W,sexual_violence,True,True,True,True,True,5
ID_W6651QYM,sexual_violence,True,True,True,True,True,5
ID_W6IEFWYU,sexual_violence,True,True,True,True,True,5
ID_W6IPBA01,sexual_violence,True,True,True,True,True,5
ID_W6O37T7O,Physical_violence,True,True,True,True,True,5
ID_W6U9M9AA,sexual_violence,True,True,True,True,True,5
ID_W6XT7C9T,sexual_violence,True,True,True,True,True,5
ID_W74SGVN3,sexual_violence,True,True,True,True,True,5
ID_W7IRCFCO,sexual_violence,True,True,True,True,True,5
ID_W7P7S0MR,Physical_violence,True,True,True,True,True,5
ID_W8AO6ESF,sexual_violence,True,True,True,True,True,5
ID_W8D35KK8,sexual_violence,True,True,True,True,True,5
ID_W8EGZGJE,Physical_violence,True,True,True,True,True,5
ID_W8IP5GHK,sexual_violence,True,True,True,True,True,5
ID_W9AKBEUA,sexual_violence,True,True,True,True,True,5
ID_W9BC6WRM,sexual_violence,True,True,True,True,True,5
ID_W9KTX3Q6,sexual_violence,True,True,True,True,True,5
ID_WA9CDCVM,sexual_violence,True,True,True,True,True,5
ID_WACAPY6Z,sexual_violence,True,True,True,True,True,5
ID_WADC2RAE,sexual_violence,True,True,True,True,True,5
ID_WARRFPAY,sexual_violence,True,True,True,True,True,5
ID_WB5OD6JB,sexual_violence,True,True,True,True,True,5
ID_WBHHBST3,sexual_violence,True,True,True,True,True,5
ID_WBI69Z3A,sexual_violence,True,True,True,True,True,5
ID_WBKFYZ91,sexual_violence,True,True,True,True,True,5
ID_WBPVJVGT,sexual_violence,True,True,True,True,True,5
ID_WC147UOD,sexual_violence,True,True,True,True,True,5
ID_WC1WTWON,sexual_violence,True,True,True,True,True,5
ID_WC3ZUXVI,sexual_violence,True,True,True,True,True,5
ID_WC9IE1CS,sexual_violence,True,True,True,True,True,5
ID_WCA70P3L,Physical_violence,True,True,True,True,True,5
ID_WCALXVIS,sexual_violence,True,True,True,True,True,5
ID_WCCJM6ZH,sexual_violence,True,True,True,True,True,5
ID_WCFTBHT2,sexual_violence,True,True,True,True,True,5
ID_WCJPUBSD,sexual_violence,True,True,True,True,True,5
ID_WCP811BR,sexual_violence,True,True,True,True,True,5
ID_WDKZDMWJ,sexual_violence,True,True,True,True,True,5
ID_WDRNRJP0,sexual_violence,True,True,True,True,True,5
ID_WDXFD671,sexual_violence,True,True,True,True,True,5
ID_WEFDXVCU,sexual_violence,True,True,True,True,True,5
ID_WEGI2QK9,sexual_violence,True,True,True,True,True,5
ID_WEI66Z89,sexual_violence,True,True,True,True,True,5
ID_WEKN0Q69,Physical_violence,True,True,True,True,True,5
ID_WEWRH271,sexual_violence,True,True,True,True,True,5
ID_WEYDJONA,sexual_violence,True,True,True,True,True,5
ID_WF4OE0C5,sexual_violence,True,True,True,True,True,5
ID_WF4YTMXT,sexual_violence,True,True,True,True,True,5
ID_WFJ5ZDIV,sexual_violence,True,True,True,True,True,5
ID_WFMFT6LE,sexual_violence,True,True,True,True,True,5
ID_WFODEYBL,sexual_violence,True,True,True,True,True,5
ID_WG419XI4,sexual_violence,True,True,True,True,True,5
ID_WG7RMC00,sexual_violence,True,True,True,True,True,5
ID_WGATKB93,sexual_violence,True,True,True,True,True,5
ID_WGF3SG0S,sexual_violence,True,True,True,True,True,5
ID_WGY1L1QS,sexual_violence,True,True,True,True,True,5
ID_WH1FH4P2,sexual_violence,True,True,True,True,True,5
ID_WHDJPIZC,sexual_violence,True,True,True,True,True,5
ID_WHIZIS8E,sexual_violence,True,True,True,True,True,5
ID_WHR5L25T,sexual_violence,True,True,True,True,True,5
ID_WIHEWFOT,sexual_violence,True,True,True,True,True,5
ID_WIP2GD74,sexual_violence,True,True,True,True,True,5
ID_WIPE0V0C,Physical_violence,True,True,True,True,True,5
ID_WIQOR9YO,sexual_violence,True,True,True,True,True,5
ID_WISXW0SU,sexual_violence,True,True,True,True,True,5
ID_WJ4ATCMH,sexual_violence,True,True,True,True,True,5
ID_WJ4U6BH3,sexual_violence,True,True,True,True,True,5
ID_WJ8V6XAT,sexual_violence,True,True,True,True,True,5
ID_WJL5PRC6,sexual_violence,True,True,True,True,True,5
ID_WJSMY0RD,sexual_violence,True,True,True,True,True,5
ID_WK0POD7N,Physical_violence,True,True,True,True,True,5
ID_WK4D50XF,sexual_violence,True,True,True,True,True,5
ID_WK4PXUR4,sexual_violence,True,True,True,True,True,5
ID_WK7TQKT7,Physical_violence,True,True,True,True,True,5
ID_WKG6GLI3,sexual_violence,True,True,True,True,True,5
ID_WKIAR99E,sexual_violence,True,True,True,True,True,5
ID_WKIW82TA,sexual_violence,True,True,True,True,True,5
ID_WKKX93CU,sexual_violence,True,True,True,True,True,5
ID_WKV8YLCS,sexual_violence,True,True,True,True,True,5
ID_WKY8UIBC,sexual_violence,True,True,True,True,True,5
ID_WKZTA7OK,sexual_violence,True,True,True,True,True,5
ID_WL2970AS,sexual_violence,True,True,True,True,True,5
ID_WL70P8VJ,sexual_violence,True,True,True,True,True,5
ID_WL90681S,sexual_violence,True,True,True,True,True,5
ID_WLCAEJGX,sexual_violence,True,True,True,True,True,5
ID_WLQ6S2SQ,sexual_violence,True,True,True,True,True,5
ID_WM4NIQYW,sexual_violence,True,True,True,True,True,5
ID_WMFII97L,sexual_violence,True,True,True,True,True,5
ID_WMGXTS2D,sexual_violence,True,True,True,True,True,5
ID_WMHHF364,sexual_violence,True,True,True,True,True,5
ID_WMJT5LO8,sexual_violence,True,True,True,True,True,5
ID_WMPMBT9T,sexual_violence,True,True,True,True,True,5
ID_WMVQO0TR,sexual_violence,True,True,True,True,True,5
ID_WMXIUOPJ,sexual_violence,True,True,True,True,True,5
ID_WN3S9WJL,sexual_violence,True,True,True,True,True,5
ID_WN6ZR24S,sexual_violence,True,True,True,True,True,5
ID_WNANN6C8,sexual_violence,True,True,True,True,True,5
ID_WNHTEB9O,sexual_violence,True,True,True,True,True,5
ID_WNQLTQ28,sexual_violence,True,True,True,True,True,5
ID_WNY72OFY,sexual_violence,True,True,True,True,True,5
ID_WNYZNJLM,sexual_violence,True,True,True,True,True,5
ID_WO6CA86D,sexual_violence,True,True,True,True,True,5
ID_WO82M7OP,sexual_violence,True,True,True,True,True,5
ID_WOHQLYEG,sexual_violence,True,True,True,True,True,5
ID_WOOQI4E7,sexual_violence,True,True,True,True,True,5
ID_WP0OB6LW,sexual_violence,True,True,True,True,True,5
ID_WP1YM88D,sexual_violence,True,True,True,True,True,5
ID_WPC0WKBC,sexual_violence,True,True,True,True,True,5
ID_WPJ79JFF,sexual_violence,True,True,True,True,True,5
ID_WPMPNXFS,sexual_violence,True,True,True,True,True,5
ID_WPWKUTEI,sexual_violence,True,True,True,True,True,5
ID_WPWX6ABQ,sexual_violence,True,True,True,True,True,5
ID_WQ0PK918,sexual_violence,True,True,True,True,True,5
ID_WQDFB1CU,Physical_violence,True,True,True,True,True,5
ID_WQO8GK5H,sexual_violence,True,True,True,True,True,5
ID_WQPA9RJP,sexual_violence,True,True,True,True,True,5
ID_WR4FGFWI,Physical_violence,True,True,True,True,True,5
ID_WR4FHIZ2,sexual_violence,True,True,True,True,True,5
ID_WRFUO3DV,sexual_violence,True,True,True,True,True,5
ID_WRJY3NVB,Physical_violence,True,True,True,True,True,5
ID_WRN0IGIN,sexual_violence,True,True,True,True,True,5
ID_WRSC25JS,Physical_violence,True,True,True,True,True,5
ID_WRSYUHUR,Physical_violence,True,True,True,True,True,5
ID_WRUNVAHN,sexual_violence,True,True,True,True,True,5
ID_WRZJJMGW,sexual_violence,True,True,True,True,True,5
ID_WS0AA2UY,sexual_violence,True,True,True,True,True,5
ID_WS40L0IA,sexual_violence,True,True,True,True,True,5
ID_WS9564SH,sexual_violence,True,True,True,True,True,5
ID_WSDL5426,sexual_violence,True,True,True,True,True,5
ID_WSP5T828,sexual_violence,True,True,True,True,True,5
ID_WSTOPUKS,sexual_violence,True,True,True,True,True,5
ID_WSWSM6CO,sexual_violence,True,True,True,True,True,5
ID_WT2H2OZ5,sexual_violence,True,True,True,True,True,5
ID_WT6S0THG,sexual_violence,True,True,True,True,True,5
ID_WT7Y9B00,sexual_violence,True,True,True,True,True,5
ID_WTD2PHKP,sexual_violence,True,True,True,True,True,5
ID_WTHMMQJ9,sexual_violence,True,True,True,True,True,5
ID_WTJ17P6P,sexual_violence,True,True,True,True,True,5
ID_WTJPT07L,sexual_violence,True,True,True,True,True,5
ID_WTRMV4X0,sexual_violence,True,True,True,True,True,5
ID_WTWPQ0K2,Physical_violence,True,True,True,True,True,5
ID_WU6LTLGI,sexual_violence,True,True,True,True,True,5
ID_WUAHJMRO,Physical_violence,True,True,True,True,True,5
ID_WUBL77PV,sexual_violence,True,True,True,True,True,5
ID_WUIWCGKT,sexual_violence,True,True,True,True,True,5
ID_WULVF5SB,sexual_violence,True,True,True,True,True,5
ID_WUOXSJIR,sexual_violence,True,True,True,True,True,5
ID_WUZRYWI0,sexual_violence,True,True,True,True,True,5
ID_WV2IBP4Z,sexual_violence,True,True,True,True,True,5
ID_WV9HIJG1,sexual_violence,True,True,True,True,True,5
ID_WVDYRM8O,sexual_violence,True,True,True,True,True,5
ID_WVF1SHDN,sexual_violence,True,True,True,True,True,5
ID_WVGL4J3G,Physical_violence,True,True,True,True,True,5
ID_WVR2NG30,sexual_violence,True,True,True,True,True,5
ID_WVXZ5KM4,Physical_violence,True,True,True,True,True,5
ID_WVYOT6FU,sexual_violence,True,True,True,True,True,5
ID_WW0NX9H2,sexual_violence,True,True,True,True,True,5
ID_WW0PNBVV,sexual_violence,True,True,True,True,True,5
ID_WW142ESO,sexual_violence,True,True,True,True,True,5
ID_WW8NBEFO,Physical_violence,True,True,True,True,True,5
ID_WWA2E89I,sexual_violence,True,True,True,True,True,5
ID_WWAN0N7W,sexual_violence,True,True,True,True,True,5
ID_WWGICIWM,sexual_violence,True,True,True,True,True,5
ID_WWJYAPAE,sexual_violence,True,True,True,True,True,5
ID_WX0NVZ1H,sexual_violence,True,True,True,True,True,5
ID_WX3V9NJN,sexual_violence,True,True,True,True,True,5
ID_WXLGUTTE,sexual_violence,True,True,True,True,True,5
ID_WXRPJUKG,sexual_violence,True,True,True,True,True,5
ID_WXS2P8G1,sexual_violence,True,True,True,True,True,5
ID_WY0FETFS,economic_violence,True,False,True,True,True,4
ID_WY6VNBEA,Physical_violence,True,True,True,True,True,5
ID_WY7LJMU2,sexual_violence,True,True,True,True,True,5
ID_WYEYTWO9,sexual_violence,True,True,True,True,True,5
ID_WYFXAHB2,Physical_violence,True,True,True,True,True,5
ID_WYRGRMKD,sexual_violence,True,True,True,True,True,5
ID_WYRY72W1,sexual_violence,True,True,True,True,True,5
ID_WYTJBYYM,sexual_violence,True,True,True,True,True,5
ID_WYTK2FW4,Physical_violence,True,True,True,True,True,5
ID_WZ8VXPWY,sexual_violence,True,True,True,True,True,5
ID_WZGPPQFU,sexual_violence,True,True,True,True,True,5
ID_WZIENTYB,sexual_violence,True,True,True,True,True,5
ID_WZOZCA2O,sexual_violence,True,True,True,True,True,5
ID_WZVR2HU0,sexual_violence,True,True,True,True,True,5
ID_X00H477F,sexual_violence,True,True,True,True,True,5
ID_X01S2RGX,Physical_violence,True,True,True,True,True,5
ID_X0BUBAHB,sexual_violence,True,True,True,True,True,5
ID_X0DIVBU5,sexual_violence,True,True,True,True,True,5
ID_X0J27B15,sexual_violence,True,True,True,True,True,5
ID_X0M5YK3Y,sexual_violence,True,True,True,True,True,5
ID_X0O5DLZP,sexual_violence,True,True,True,True,True,5
ID_X11LABNH,sexual_violence,True,True,True,True,True,5
ID_X1ARU4H7,Physical_violence,True,True,True,True,True,5
ID_X1EAK3SF,sexual_violence,True,True,True,True,True,5
ID_X1MJLOWY,sexual_violence,True,True,True,True,True,5
ID_X1MYEGIE,sexual_violence,True,True,True,True,True,5
ID_X1OXJGAZ,sexual_violence,True,True,True,True,True,5
ID_X1WVT4VH,sexual_violence,True,True,True,True,True,5
ID_X1ZEAMAJ,sexual_violence,True,True,True,True,True,5
ID_X229J7O6,sexual_violence,True,True,True,True,True,5
ID_X24TU4R0,sexual_violence,True,True,True,True,True,5
ID_X2G2DC10,sexual_violence,True,True,True,True,True,5
ID_X2I3ZTWM,sexual_violence,True,True,True,True,True,5
ID_X2MH53C4,sexual_violence,True,True,True,True,True,5
ID_X2O02HFK,sexual_violence,True,True,True,True,True,5
ID_X2YCPY6L,sexual_violence,True,True,True,True,True,5
ID_X2ZTI41K,sexual_violence,True,True,True,True,True,5
ID_X3DWWG0A,sexual_violence,True,True,True,True,True,5
ID_X3FV0B3Y,sexual_violence,True,True,True,True,True,5
ID_X3NQFBKI,sexual_violence,True,True,True,True,True,5
ID_X3T5CL7R,sexual_violence,True,True,True,True,True,5
ID_X3TWY3DG,sexual_violence,True,True,True,True,True,5
ID_X419JZGX,sexual_violence,True,True,True,True,True,5
ID_X41P9I0X,Physical_violence,True,True,True,True,True,5
ID_X4JBLPAW,Physical_violence,True,True,True,True,True,5
ID_X4SSP0EC,sexual_violence,True,True,True,True,True,5
ID_X4TGUHRA,Physical_violence,True,True,True,True,True,5
ID_X4V8R1A5,sexual_violence,True,True,True,True,True,5
ID_X50QXSWB,sexual_violence,True,True,True,True,True,5
ID_X583AHQ1,sexual_violence,True,True,True,True,True,5
ID_X5QVO2PE,sexual_violence,True,True,True,True,True,5
ID_X5VO042U,sexual_violence,True,True,True,True,True,5
ID_X69MB0HG,sexual_violence,True,True,True,True,True,5
ID_X6AYLZJJ,sexual_violence,True,True,True,True,True,5
ID_X6G6PZUZ,sexual_violence,True,True,True,True,True,5
ID_X6OGCSVM,Physical_violence,True,True,True,True,True,5
ID_X6TIG35B,sexual_violence,True,True,True,True,True,5
ID_X722HSX0,sexual_violence,True,True,True,True,True,5
ID_X733S0KG,sexual_violence,True,True,True,True,True,5
ID_X7DM76AS,sexual_violence,True,True,True,True,True,5
ID_X7FXJ90P,sexual_violence,True,True,True,True,True,5
ID_X7PBEUWO,Physical_violence,True,True,True,True,True,5
ID_X7QTFMM5,sexual_violence,True,True,True,True,True,5
ID_X7SASRFY,sexual_violence,True,True,True,True,True,5
ID_X8283DKR,Physical_violence,True,True,True,True,True,5
ID_X843UNEW,sexual_violence,True,True,True,True,True,5
ID_X89DDIWR,sexual_violence,True,True,True,True,True,5
ID_X8C09UY0,sexual_violence,True,True,True,True,True,5
ID_X8G5Z2H8,sexual_violence,True,True,True,True,True,5
ID_X8GOV9RH,sexual_violence,True,True,True,True,True,5
ID_X8HPK24I,sexual_violence,True,True,True,True,True,5
ID_X8MMVVRI,sexual_violence,True,True,True,True,True,5
ID_X8O38WPK,sexual_violence,True,True,True,True,True,5
ID_X8UYIYPQ,sexual_violence,True,True,True,True,True,5
ID_X93N6MVO,Physical_violence,True,True,True,True,True,5
ID_X950JW2E,sexual_violence,True,True,True,True,True,5
ID_X95J0BUT,Physical_violence,True,True,True,True,True,5
ID_X9AVLY4O,sexual_violence,True,True,True,True,True,5
ID_X9B70J7E,sexual_violence,True,True,True,True,True,5
ID_X9I2H1BY,sexual_violence,True,True,True,True,True,5
ID_X9O858L8,Physical_violence,True,True,True,True,True,5
ID_XA06151B,Physical_violence,True,True,True,True,True,5
ID_XA5W2B7X,sexual_violence,True,True,True,True,True,5
ID_XA8R6ZZQ,sexual_violence,True,True,True,True,True,5
ID_XAUCY6BZ,sexual_violence,True,True,True,True,True,5
ID_XAYUM37L,sexual_violence,True,True,True,True,True,5
ID_XB4YZRMA,Physical_violence,True,True,True,True,True,5
ID_XBDKUO00,sexual_violence,True,True,True,True,True,5
ID_XBGRK8O2,Physical_violence,True,True,True,True,True,5
ID_XBH07HZ2,sexual_violence,True,True,True,True,True,5
ID_XBPD2T73,sexual_violence,True,True,True,True,True,5
ID_XBPOPUCI,sexual_violence,True,True,True,True,True,5
ID_XBULBD4I,sexual_violence,True,True,True,True,True,5
ID_XBYDRIMY,sexual_violence,True,True,True,True,True,5
ID_XC1APIC7,emotional_violence,True,True,True,True,True,5
ID_XC7AK2IT,sexual_violence,True,True,True,True,True,5
ID_XCO9M8GI,sexual_violence,True,True,True,True,True,5
ID_XCSUBY1D,Physical_violence,True,True,True,True,True,5
ID_XCWWQGK4,sexual_violence,True,True,True,True,True,5
ID_XD8K1X5T,sexual_violence,True,True,True,True,True,5
ID_XDA6EUMO,sexual_violence,True,True,True,True,True,5
ID_XDOX1QY5,sexual_violence,True,True,True,True,True,5
ID_XDVS7KGE,sexual_violence,True,True,True,True,True,5
ID_XE23LQT8,sexual_violence,True,True,True,True,True,5
ID_XE668P4S,sexual_violence,True,True,True,True,True,5
ID_XEFSPMEE,sexual_violence,True,True,True,True,True,5
ID_XEPQ6DV7,sexual_violence,True,True,True,True,True,5
ID_XEVI8INP,sexual_violence,True,True,True,True,True,5
ID_XEZYLZA0,sexual_violence,True,True,True,True,True,5
ID_XF6Q3FIY,Physical_violence,True,True,True,True,True,5
ID_XF83JYXM,Physical_violence,True,True,True,True,True,5
ID_XFDSKUYA,sexual_violence,True,True,True,True,True,5
ID_XFH0MXTC,sexual_violence,True,True,True,True,True,5
ID_XFIKR71Q,Harmful_Traditional_practice,True,True,True,True,True,5
ID_XFP3OLUX,sexual_violence,True,True,True,True,True,5
ID_XFQAXX9S,sexual_violence,True,True,True,True,True,5
ID_XFV4CSEG,sexual_violence,True,True,True,True,True,5
ID_XFVVFMUM,sexual_violence,True,True,True,True,True,5
ID_XFZ8F8UV,sexual_violence,True,True,True,True,True,5
ID_XGFB0RIK,Physical_violence,True,True,True,True,True,5
ID_XGLJEEVE,sexual_violence,True,True,True,True,True,5
ID_XGNLZL3E,sexual_violence,True,True,True,True,True,5
ID_XGUJK3YG,Physical_violence,True,True,True,True,True,5
ID_XH20LEKK,sexual_violence,True,True,True,True,True,5
ID_XH840EKZ,sexual_violence,True,True,True,True,True,5
ID_XHF84ELL,sexual_violence,True,True,True,True,True,5
ID_XHGZ2XTV,sexual_violence,True,True,True,True,True,5
ID_XHN9U6LW,sexual_violence,True,True,True,True,True,5
ID_XHOO28M0,sexual_violence,True,True,True,True,True,5
ID_XHPXHUOC,sexual_violence,True,True,True,True,True,5
ID_XHQGU7IE,sexual_violence,True,True,True,True,True,5
ID_XI0BVUPT,sexual_violence,True,True,True,True,True,5
ID_XI1B9SBY,sexual_violence,True,True,True,True,True,5
ID_XI651YNS,sexual_violence,True,True,True,True,True,5
ID_XI835DJO,sexual_violence,True,True,True,True,True,5
ID_XID3TRNG,sexual_violence,True,True,True,True,True,5
ID_XIEK89O7,sexual_violence,True,True,True,True,True,5
ID_XIQ8W1E6,sexual_violence,True,True,True,True,True,5
ID_XIUFXTTB,sexual_violence,True,True,True,True,True,5
ID_XJ9IHG8I,sexual_violence,True,True,True,True,True,5
ID_XJAY816X,sexual_violence,True,True,True,True,True,5
ID_XJEUGZ6G,sexual_violence,True,True,True,True,True,5
ID_XJHQ0WUJ,sexual_violence,True,True,True,True,True,5
ID_XJK5GZR7,sexual_violence,True,True,True,True,True,5
ID_XJLLUDW9,sexual_violence,True,True,True,True,True,5
ID_XJS07732,sexual_violence,True,True,True,True,True,5
ID_XJUYPLWH,sexual_violence,True,True,True,True,True,5
ID_XJX49PEK,sexual_violence,True,True,True,True,True,5
ID_XKHUZD0S,Physical_violence,True,True,True,True,True,5
ID_XKLBOOV9,sexual_violence,True,True,True,True,True,5
ID_XKLLUYVI,sexual_violence,True,True,True,True,True,5
ID_XKLU5FS2,sexual_violence,True,True,True,True,True,5
ID_XKWBRAQJ,Physical_violence,True,True,True,True,True,5
ID_XL1VRU8M,sexual_violence,True,True,True,True,True,5
ID_XL9DUWXL,sexual_violence,True,True,True,True,True,5
ID_XLHGM0JB,sexual_violence,True,True,True,True,True,5
ID_XLK3VT1D,sexual_violence,True,True,True,True,True,5
ID_XLKNAFJT,sexual_violence,True,True,True,True,True,5
ID_XLNNHH42,sexual_violence,True,True,True,True,True,5
ID_XLPAM7X5,sexual_violence,True,True,True,True,True,5
ID_XLS0GA07,sexual_violence,True,True,True,True,True,5
ID_XM5VZKCS,Harmful_Traditional_practice,True,False,True,False,True,3
ID_XM776DMU,sexual_violence,True,True,True,True,True,5
ID_XMIJS0AR,Physical_violence,True,True,True,True,True,5
ID_XMWG42WI,Physical_violence,True,True,True,True,True,5
ID_XN1AXFVB,Physical_violence,True,True,True,True,True,5
ID_XN5JT8O6,sexual_violence,True,True,True,True,True,5
ID_XNDYICBB,sexual_violence,False,True,True,True,True,4
ID_XNLDNZNH,sexual_violence,True,True,True,True,True,5
ID_XNT0Z4SG,sexual_violence,True,True,True,True,True,5
ID_XO0XMK4O,sexual_violence,True,True,True,True,True,5
ID_XO5W4C9T,sexual_violence,True,True,True,True,True,5
ID_XO95ROD8,sexual_violence,True,True,True,True,True,5
ID_XOEV9GZ6,sexual_violence,True,True,True,True,True,5
ID_XON892UF,Physical_violence,True,True,True,True,True,5
ID_XOO6RD60,sexual_violence,True,True,True,True,True,5
ID_XOOSWN1J,sexual_violence,True,True,True,True,True,5
ID_XOTH96AX,sexual_violence,True,True,True,True,True,5
ID_XP71OTCJ,Physical_violence,True,True,True,True,True,5
ID_XPF5GZAT,sexual_violence,True,True,True,True,True,5
ID_XPFSI96P,sexual_violence,True,True,True,True,True,5
ID_XPG271DW,sexual_violence,True,True,True,True,True,5
ID_XPGC0B6K,sexual_violence,True,True,True,True,True,5
ID_XPLMFYOH,sexual_violence,True,True,True,True,True,5
ID_XPRY34UB,sexual_violence,True,True,True,True,True,5
ID_XPX2ZTID,sexual_violence,True,True,True,True,True,5
ID_XPZ5H2S5,sexual_violence,True,True,True,True,True,5
ID_XQ04BPLT,sexual_violence,True,True,True,True,True,5
ID_XQB44LQR,economic_violence,True,True,True,True,True,5
ID_XQJEQ7CW,sexual_violence,True,True,True,True,True,5
ID_XQM90PBQ,sexual_violence,True,True,True,True,True,5
ID_XQO0WJC4,sexual_violence,True,True,True,True,True,5
ID_XQT2FXTS,sexual_violence,True,True,True,True,True,5
ID_XR3W588Z,sexual_violence,True,True,True,True,True,5
ID_XRAFLTOO,Physical_violence,True,True,True,True,True,5
ID_XRGT1S4K,Physical_violence,True,True,True,True,True,5
ID_XRIHHS3J,sexual_violence,True,True,True,True,True,5
ID_XRJ37KLO,sexual_violence,True,True,True,True,True,5
ID_XRLWGZEH,sexual_violence,True,True,True,True,True,5
ID_XRMYJ9H8,sexual_violence,True,True,True,True,True,5
ID_XRW4KZPG,sexual_violence,True,True,True,True,True,5
ID_XRZVMA5X,sexual_violence,True,True,True,True,True,5
ID_XS8ENA7Q,sexual_violence,True,True,True,True,True,5
ID_XSC3M3RK,Physical_violence,True,True,True,True,True,5
ID_XSE8SA37,sexual_violence,True,True,True,True,True,5
ID_XSLYF6ND,sexual_violence,True,True,True,True,True,5
ID_XSOHIA3L,sexual_violence,True,True,True,True,True,5
ID_XSV0JOAT,sexual_violence,True,True,True,True,True,5
ID_XT6PR3NZ,sexual_violence,True,True,True,True,True,5
ID_XT99PSWA,sexual_violence,True,True,True,True,True,5
ID_XTAG1R2W,sexual_violence,True,True,True,True,True,5
ID_XTCQH2SD,sexual_violence,True,True,True,True,True,5
ID_XTEA6O4K,sexual_violence,True,True,True,True,True,5
ID_XTG7Z03I,sexual_violence,True,True,True,True,True,5
ID_XTJHYNFX,sexual_violence,True,True,True,True,True,5
ID_XU4STMAZ,sexual_violence,True,True,True,True,True,5
ID_XU7Q3PJN,sexual_violence,True,True,True,True,True,5
ID_XU8MM07C,sexual_violence,True,True,True,True,True,5
ID_XVG5MKH2,sexual_violence,True,True,True,True,True,5
ID_XVPHSFD9,sexual_violence,True,True,True,True,True,5
ID_XVSWEIT9,sexual_violence,True,True,True,True,True,5
ID_XW41425R,sexual_violence,True,True,True,True,True,5
ID_XW4G8PR8,sexual_violence,True,True,True,True,True,5
ID_XW5B1J8X,sexual_violence,True,True,True,True,True,5
ID_XW7W0WRF,Physical_violence,True,True,True,True,True,5
ID_XWCAARIR,emotional_violence,True,True,True,True,True,5
ID_XWCXSRYK,sexual_violence,True,True,True,True,True,5
ID_XWGJBA50,sexual_violence,True,True,True,True,True,5
ID_XWPNF4L3,sexual_violence,True,True,True,True,True,5
ID_XX4WVBGH,emotional_violence,True,True,True,True,True,5
ID_XX99N37M,sexual_violence,True,True,True,True,True,5
ID_XX9P1B1K,sexual_violence,True,True,True,True,True,5
ID_XXDKC2N3,sexual_violence,True,True,True,True,True,5
ID_XXEVHHAV,sexual_violence,True,True,True,True,True,5
ID_XXICFU13,sexual_violence,True,True,True,True,True,5
ID_XXJRUA23,sexual_violence,True,True,True,True,True,5
ID_XXKJES5A,sexual_violence,True,True,True,True,True,5
ID_XXN6WTSP,sexual_violence,True,True,True,True,True,5
ID_XY3L607C,sexual_violence,True,True,True,True,True,5
ID_XY51O6OE,Physical_violence,True,True,True,True,True,5
ID_XY6N2GZR,sexual_violence,True,True,True,True,True,5
ID_XYDTKGWK,sexual_violence,True,True,True,True,True,5
ID_XYQFQOX9,sexual_violence,True,True,True,True,True,5
ID_XYRQH6CO,sexual_violence,True,True,True,True,True,5
ID_XYZXWMWQ,sexual_violence,True,True,True,True,True,5
ID_XZ891WDG,sexual_violence,True,True,True,True,True,5
ID_XZ8E81IW,sexual_violence,True,True,True,True,True,5
ID_XZE5J28C,sexual_violence,True,True,True,True,True,5
ID_XZQ593T7,sexual_violence,True,True,True,True,True,5
ID_XZQP8D48,sexual_violence,True,True,True,True,True,5
ID_XZU46XK1,sexual_violence,True,True,True,True,True,5
ID_XZXGW3WZ,sexual_violence,True,True,True,True,True,5
ID_Y01ECYMX,emotional_violence,True,True,True,True,True,5
ID_Y0SYIVL2,sexual_violence,True,True,True,True,True,5
ID_Y0TSEC6F,sexual_violence,True,True,True,True,True,5
ID_Y10FUMEO,sexual_violence,True,True,True,True,True,5
ID_Y1DLAMAY,sexual_violence,True,True,True,True,True,5
ID_Y1HYNQW1,sexual_violence,True,True,True,True,True,5
ID_Y1LGHZ7M,sexual_violence,True,True,True,True,True,5
ID_Y1MXYMNZ,sexual_violence,True,True,True,True,True,5
ID_Y1X2SYTP,sexual_violence,True,True,True,True,True,5
ID_Y22WZSP2,sexual_violence,True,True,True,True,True,5
ID_Y230DYGI,sexual_violence,True,True,True,True,True,5
ID_Y25VAXII,sexual_violence,True,True,True,True,True,5
ID_Y260QXC2,sexual_violence,True,True,True,True,True,5
ID_Y2AW9PYO,sexual_violence,True,True,True,True,True,5
ID_Y2IKBRFP,sexual_violence,True,True,True,True,True,5
ID_Y2IKDXW2,sexual_violence,True,True,True,True,True,5
ID_Y2X7BIR1,sexual_violence,True,True,True,True,True,5
ID_Y2Y5W2B8,sexual_violence,True,True,True,True,True,5
ID_Y3BA8O4O,sexual_violence,True,True,True,True,True,5
ID_Y3K6G2RC,sexual_violence,True,True,True,True,True,5
ID_Y3OWIHCJ,sexual_violence,True,True,True,True,True,5
ID_Y3WMP1Z7,sexual_violence,True,True,True,True,True,5
ID_Y3X5S4XP,Physical_violence,True,True,True,True,True,5
ID_Y3ZGXSOV,sexual_violence,True,True,True,True,True,5
ID_Y448EX2W,sexual_violence,True,True,True,True,True,5
ID_Y4A679SQ,sexual_violence,True,True,True,True,True,5
ID_Y4AMM90D,sexual_violence,True,True,True,True,True,5
ID_Y4GT51V4,sexual_violence,True,True,True,True,True,5
ID_Y4LT55ZA,sexual_violence,True,True,True,True,True,5
ID_Y4NGFDFY,sexual_violence,True,True,True,True,True,5
ID_Y5001Y8C,sexual_violence,True,True,True,True,True,5
ID_Y534ITEN,sexual_violence,True,True,True,True,True,5
ID_Y55GMDSB,sexual_violence,True,True,True,True,True,5
ID_Y5KVQHB0,sexual_violence,True,True,True,True,True,5
ID_Y5NAFYH5,sexual_violence,True,True,True,True,True,5
ID_Y5P72RZR,sexual_violence,True,True,True,True,True,5
ID_Y5TLUTOS,sexual_violence,True,True,True,True,True,5
ID_Y5VP47BH,sexual_violence,True,True,True,True,True,5
ID_Y6NOEDVG,sexual_violence,True,True,True,True,True,5
ID_Y7A7FYWH,sexual_violence,True,True,True,True,True,5
ID_Y7AYMPNS,sexual_violence,True,True,True,True,True,5
ID_Y7B1N8K2,Physical_violence,True,True,True,True,True,5
ID_Y7D56LVO,sexual_violence,True,True,True,True,True,5
ID_Y7DIEKFO,sexual_violence,True,True,True,True,True,5
ID_Y7DIIIYW,sexual_violence,True,True,True,True,True,5
ID_Y7LHAIJF,sexual_violence,True,True,True,True,True,5
ID_Y7PVUNUU,economic_violence,True,True,True,False,True,4
ID_Y7TZANAI,Physical_violence,True,True,True,True,True,5
ID_Y7X2OAJW,Physical_violence,True,True,True,True,True,5
ID_Y7Y6O3PL,sexual_violence,True,True,True,True,True,5
ID_Y82QL1B2,sexual_violence,True,True,True,True,True,5
ID_Y83YY0SU,sexual_violence,True,True,True,True,True,5
ID_Y8U7K6Z2,sexual_violence,True,True,True,True,True,5
ID_Y8Z3DLVE,sexual_violence,True,True,True,True,True,5
ID_Y8ZVL50A,sexual_violence,True,True,True,True,True,5
ID_Y9ERN4CF,sexual_violence,True,True,True,True,True,5
ID_Y9FK3HTU,sexual_violence,True,True,True,True,True,5
ID_Y9M5RNA3,sexual_violence,True,True,True,True,True,5
ID_Y9X31HK2,sexual_violence,True,True,True,True,True,5
ID_Y9ZGK3OM,sexual_violence,True,True,True,True,True,5
ID_YA7RLPX5,sexual_violence,True,True,True,True,True,5
ID_YAA4RK0B,sexual_violence,True,True,True,True,True,5
ID_YAD30PFB,sexual_violence,True,True,True,True,True,5
ID_YAG7K7AZ,sexual_violence,True,True,True,True,True,5
ID_YAK7FO9Q,sexual_violence,True,True,True,True,True,5
ID_YAOA3RO1,sexual_violence,True,True,True,True,True,5
ID_YAOJ447H,sexual_violence,True,True,True,True,True,5
ID_YAV6NN9N,Harmful_Traditional_practice,True,False,True,True,True,4
ID_YB5MT61U,Physical_violence,True,True,True,True,True,5
ID_YB7IMV9D,sexual_violence,True,True,True,True,True,5
ID_YBFSVUR1,Physical_violence,True,True,True,True,True,5
ID_YBN2K8V1,Physical_violence,True,True,True,True,True,5
ID_YBRP2G45,Physical_violence,True,True,True,True,True,5
ID_YBRQIWUL,sexual_violence,True,True,True,True,True,5
ID_YBUDEYT0,Physical_violence,True,True,True,True,True,5
ID_YC25B41M,sexual_violence,True,True,True,True,True,5
ID_YCAVEHFA,Physical_violence,True,True,True,True,True,5
ID_YCKTHDPD,sexual_violence,True,True,True,True,True,5
ID_YCLMFEJY,sexual_violence,True,True,True,True,True,5
ID_YCOGT0U7,sexual_violence,True,True,True,True,True,5
ID_YCOPC3NS,sexual_violence,True,True,True,True,True,5
ID_YCPUN5PB,Physical_violence,True,True,True,True,True,5
ID_YD6K9RSX,sexual_violence,True,True,True,True,True,5
ID_YDH0OQFL,Physical_violence,True,True,True,True,True,5
ID_YDPPAKQN,sexual_violence,True,True,True,True,True,5
ID_YDWJGU5M,economic_violence,True,True,True,True,True,5
ID_YDXS93YD,sexual_violence,True,True,True,True,True,5
ID_YDZDJKR3,sexual_violence,True,False,True,True,True,4
ID_YE0WRC61,sexual_violence,True,True,True,True,True,5
ID_YE6QR8TE,sexual_violence,True,True,True,True,True,5
ID_YECFT3CN,sexual_violence,True,True,True,True,True,5
ID_YECTI5I0,sexual_violence,True,True,True,True,True,5
ID_YEHBOIDQ,sexual_violence,True,True,True,True,True,5
ID_YEUS4ULC,sexual_violence,True,True,True,True,True,5
ID_YF0A0IQD,sexual_violence,True,True,True,True,True,5
ID_YF0TH0HJ,sexual_violence,True,True,True,True,True,5
ID_YF4S26NF,sexual_violence,True,True,True,True,True,5
ID_YF5NM6VF,sexual_violence,True,True,True,True,True,5
ID_YF72UJYC,sexual_violence,True,True,True,True,True,5
ID_YF7ZZ6EN,sexual_violence,True,True,True,True,True,5
ID_YFAYBAMJ,sexual_violence,True,True,True,True,True,5
ID_YFFM33J6,sexual_violence,True,True,True,True,True,5
ID_YFXPR72R,Physical_violence,True,True,True,True,True,5
ID_YFXW9LLU,Physical_violence,True,True,True,True,True,5
ID_YFYDAPE7,Physical_violence,True,False,True,True,True,4
ID_YG1PNGM7,Physical_violence,True,True,True,True,True,5
ID_YG494MRO,sexual_violence,True,True,True,True,True,5
ID_YG4Q2P33,Physical_violence,True,True,True,True,True,5
ID_YGJ6VGKQ,sexual_violence,True,True,True,True,True,5
ID_YGZ2ABQI,sexual_violence,True,True,True,True,True,5
ID_YGZNYMSY,sexual_violence,True,True,True,True,True,5
ID_YGZUDVJ9,sexual_violence,True,True,True,True,True,5
ID_YH2MUA71,sexual_violence,True,True,True,True,True,5
ID_YH4XSVBQ,sexual_violence,True,True,True,True,True,5
ID_YH529I55,sexual_violence,True,True,True,True,True,5
ID_YHJ424OS,sexual_violence,True,True,True,True,True,5
ID_YHJ622WV,sexual_violence,True,True,True,True,True,5
ID_YHQDTGSL,sexual_violence,True,True,True,True,True,5
ID_YHYV3R11,sexual_violence,True,True,True,True,True,5
ID_YI4COBPW,sexual_violence,True,True,True,True,True,5
ID_YIMTX12Q,Physical_violence,True,True,True,True,True,5
ID_YIMZJCO3,sexual_violence,True,True,True,True,True,5
ID_YIPXR00L,Physical_violence,True,True,True,True,True,5
ID_YIR5PTS3,sexual_violence,True,True,True,True,True,5
ID_YISG0R30,sexual_violence,True,True,True,True,True,5
ID_YIXI0I73,sexual_violence,True,True,True,True,True,5
ID_YJ5ON469,sexual_violence,True,True,True,True,True,5
ID_YJA4BE8L,sexual_violence,True,True,True,True,True,5
ID_YJED655P,sexual_violence,True,True,True,True,True,5
ID_YJEO9AI9,sexual_violence,True,True,True,True,True,5
ID_YJNI63Z9,sexual_violence,True,True,True,True,True,5
ID_YJTBN9ZB,sexual_violence,True,True,True,True,True,5
ID_YK2C9SDW,sexual_violence,True,True,True,True,True,5
ID_YK751GYW,sexual_violence,True,True,True,True,True,5
ID_YKM4F26Z,sexual_violence,True,True,True,True,True,5
ID_YL0RWZXF,emotional_violence,True,True,True,True,True,5
ID_YL9UWH96,Physical_violence,True,True,True,True,True,5
ID_YLA7L2II,Physical_violence,True,True,True,True,True,5
ID_YLBKZ8YJ,sexual_violence,True,True,True,True,True,5
ID_YLMA6ZK9,sexual_violence,True,True,True,True,True,5
ID_YLQR5ZIW,sexual_violence,True,True,True,True,True,5
ID_YLRM0PGD,Physical_violence,True,True,True,True,True,5
ID_YLS97T3Z,Physical_violence,True,True,True,True,True,5
ID_YLUEZ2KO,sexual_violence,True,True,True,True,True,5
ID_YM23Z2DC,sexual_violence,True,True,True,True,True,5
ID_YM7KEIKJ,economic_violence,True,True,True,False,True,4
ID_YMLMYA1J,Physical_violence,True,True,True,True,True,5
ID_YMLXA7LN,sexual_violence,True,True,True,True,True,5
ID_YMM2BVXE,sexual_violence,True,True,True,True,True,5
ID_YMOK6AJZ,sexual_violence,True,True,True,True,True,5
ID_YMT4DS2M,Physical_violence,True,True,True,True,True,5
ID_YMV1ZWPK,sexual_violence,True,True,True,True,True,5
ID_YNQD4CHU,sexual_violence,True,True,True,True,True,5
ID_YNV13MS9,sexual_violence,True,True,True,True,True,5
ID_YNVM802K,sexual_violence,True,True,True,True,True,5
ID_YNYOXI4U,sexual_violence,True,True,True,True,True,5
ID_YO2ZH7OF,Physical_violence,True,True,True,True,True,5
ID_YO3GJE6R,sexual_violence,True,True,True,True,True,5
ID_YO3IMO1J,sexual_violence,True,True,True,True,True,5
ID_YOHRAZME,sexual_violence,True,True,True,True,True,5
ID_YOM9N49K,sexual_violence,True,True,True,True,True,5
ID_YPD5QVYT,sexual_violence,True,True,True,True,True,5
ID_YPI8Z3NW,sexual_violence,True,True,True,True,True,5
ID_YPP01MKQ,sexual_violence,True,True,True,True,True,5
ID_YPRC4A95,sexual_violence,True,True,True,True,True,5
ID_YPSRA0ER,sexual_violence,True,True,True,True,True,5
ID_YPT0T444,sexual_violence,True,True,True,True,True,5
ID_YPX6J304,sexual_violence,True,True,True,True,True,5
ID_YQ32NEBO,sexual_violence,True,True,True,True,True,5
ID_YQ3RA8ST,sexual_violence,True,True,True,True,True,5
ID_YQ7GT1WI,sexual_violence,True,True,True,True,True,5
ID_YQ8N6G08,sexual_violence,True,True,True,True,True,5
ID_YQDBB0JB,sexual_violence,True,True,True,True,True,5
ID_YQDYM8QR,Physical_violence,True,True,True,True,True,5
ID_YQJ6VMCF,sexual_violence,True,True,True,True,True,5
ID_YQTV8GRB,sexual_violence,True,True,True,True,True,5
ID_YQYGDYM1,sexual_violence,True,True,True,True,True,5
ID_YR37WX5T,Physical_violence,True,True,True,True,True,5
ID_YRE4BBNO,sexual_violence,True,True,True,True,True,5
ID_YRKZAZBK,Physical_violence,True,True,True,True,True,5
ID_YRNXIB29,sexual_violence,True,True,True,True,True,5
ID_YRQBUEZ8,sexual_violence,True,True,True,True,True,5
ID_YS51CBSH,sexual_violence,True,True,True,True,True,5
ID_YS7BIVUD,sexual_violence,True,True,True,True,True,5
ID_YSDGCTJ9,sexual_violence,True,True,True,True,True,5
ID_YSGYTPF5,Physical_violence,True,True,True,True,True,5
ID_YSHREMM4,Physical_violence,True,True,True,True,True,5
ID_YSJPWZ2B,sexual_violence,True,True,True,True,True,5
ID_YSKRN3DF,sexual_violence,True,True,True,True,True,5
ID_YSKZOR76,sexual_violence,True,True,True,True,True,5
ID_YSMAUJ9X,sexual_violence,True,True,True,True,True,5
ID_YSP8GISS,sexual_violence,True,True,True,True,True,5
ID_YT029UX7,sexual_violence,True,True,True,True,True,5
ID_YT27ZP6N,sexual_violence,True,True,True,True,True,5
ID_YT5NYU5Q,sexual_violence,True,True,True,True,True,5
ID_YTO5374K,Physical_violence,True,True,True,True,True,5
ID_YTRH9MRA,sexual_violence,True,True,True,True,True,5
ID_YTUG3XHK,sexual_violence,True,True,True,True,True,5
ID_YTZ0XENT,sexual_violence,True,True,True,True,True,5
ID_YU7A0S28,sexual_violence,True,True,True,True,True,5
ID_YU9OBDVG,sexual_violence,True,True,True,True,True,5
ID_YUOT2JZW,sexual_violence,True,True,True,True,True,5
ID_YUS5X4P1,sexual_violence,True,True,True,True,True,5
ID_YV0AOUDS,sexual_violence,True,True,True,True,True,5
ID_YV35ZF03,sexual_violence,True,True,True,True,True,5
ID_YV731MM5,Physical_violence,True,True,True,True,True,5
ID_YV9X3U1H,sexual_violence,True,True,True,True,True,5
ID_YVE0V09A,sexual_violence,True,True,True,True,True,5
ID_YVR0J80U,sexual_violence,True,True,True,True,True,5
ID_YVV7N8MZ,sexual_violence,True,True,True,True,True,5
ID_YVVGW7C7,sexual_violence,True,True,True,True,True,5
ID_YWW0MULD,sexual_violence,True,True,True,True,True,5
ID_YWY264T2,sexual_violence,True,True,True,True,True,5
ID_YX0UDUHL,sexual_violence,True,True,True,True,True,5
ID_YX2VXFMN,sexual_violence,True,True,True,True,True,5
ID_YXGRZAQO,sexual_violence,True,True,True,True,True,5
ID_YXHYPIEZ,sexual_violence,True,True,True,True,True,5
ID_YXS6AWS5,sexual_violence,True,True,True,True,True,5
ID_YXUVHZOS,sexual_violence,True,True,True,True,True,5
ID_YXWV5ZVN,sexual_violence,True,True,True,True,True,5
ID_YXZVAO8H,sexual_violence,True,True,True,True,True,5
ID_YY2FYR3I,sexual_violence,True,True,True,True,True,5
ID_YY2IR26H,sexual_violence,True,True,True,True,True,5
ID_YY814HRX,sexual_violence,True,True,True,True,True,5
ID_YY927T5O,sexual_violence,True,True,True,True,True,5
ID_YYBRYNE3,sexual_violence,True,True,True,True,True,5
ID_YYQ7TP73,sexual_violence,True,True,True,True,True,5
ID_YYR67BXB,sexual_violence,True,True,True,True,True,5
ID_YZD41XDX,sexual_violence,True,True,True,True,True,5
ID_YZVBFJRF,Physical_violence,True,True,True,True,True,5
ID_YZWIXJT2,sexual_violence,True,True,True,True,True,5
ID_Z06PBL5C,sexual_violence,True,True,True,True,True,5
ID_Z09ZB54O,sexual_violence,True,True,True,True,True,5
ID_Z0BFJK7K,Physical_violence,True,True,True,True,True,5
ID_Z0H63MNL,sexual_violence,True,True,True,True,True,5
ID_Z0HEOZ68,sexual_violence,True,True,True,True,True,5
ID_Z0NHGTRC,sexual_violence,True,True,True,True,True,5
ID_Z0NWXXKX,sexual_violence,True,True,True,True,True,5
ID_Z0OPBGZ5,sexual_violence,True,True,True,True,True,5
ID_Z0YJR1EM,sexual_violence,True,True,True,True,True,5
ID_Z0YQ5G20,sexual_violence,True,True,True,True,True,5
ID_Z1E4V1BF,sexual_violence,True,True,True,True,True,5
ID_Z1PIZE5F,sexual_violence,True,True,True,True,True,5
ID_Z220XZW7,sexual_violence,True,True,True,True,True,5
ID_Z2DAZKW5,sexual_violence,True,True,True,True,True,5
ID_Z2FYP1C9,sexual_violence,True,True,True,True,True,5
ID_Z2HKC6BE,sexual_violence,True,True,True,True,True,5
ID_Z2RIF326,sexual_violence,True,True,True,True,True,5
ID_Z30ZK1XA,sexual_violence,True,True,True,True,True,5
ID_Z37138UK,sexual_violence,True,True,True,True,True,5
ID_Z38DH8GA,sexual_violence,True,True,True,True,True,5
ID_Z3F1Y5Q5,sexual_violence,True,True,True,True,True,5
ID_Z3FTNEG5,Physical_violence,True,True,True,True,True,5
ID_Z3I61H17,sexual_violence,True,True,True,True,True,5
ID_Z3UQ2QHW,sexual_violence,True,True,True,True,True,5
ID_Z41GWRN7,sexual_violence,True,True,True,True,True,5
ID_Z44SF658,sexual_violence,True,True,True,True,True,5
ID_Z4A99X2Z,Physical_violence,True,True,True,True,True,5
ID_Z4BE8FRS,sexual_violence,True,True,True,True,True,5
ID_Z4WK5BVH,sexual_violence,True,True,True,True,True,5
ID_Z4ZE1LJW,sexual_violence,True,True,True,True,True,5
ID_Z534CCRF,sexual_violence,True,True,True,True,True,5
ID_Z53A5GWZ,Physical_violence,True,True,True,True,True,5
ID_Z585BFFR,sexual_violence,True,True,True,True,True,5
ID_Z5BCEFIP,Physical_violence,True,True,True,True,True,5
ID_Z5KMHUX1,sexual_violence,True,True,True,True,True,5
ID_Z5R3I7CB,sexual_violence,True,True,True,True,True,5
ID_Z68SZV8U,sexual_violence,True,True,True,True,True,5
ID_Z6AG6FR5,sexual_violence,True,True,True,True,True,5
ID_Z6I37HHV,sexual_violence,True,True,True,True,True,5
ID_Z6LS1RTT,sexual_violence,True,True,True,True,True,5
ID_Z6S6VMQS,sexual_violence,True,True,True,True,True,5
ID_Z6XNZZGL,sexual_violence,True,True,True,True,True,5
ID_Z76F8CPA,sexual_violence,True,True,True,True,True,5
ID_Z7AUZYA7,sexual_violence,True,True,True,True,True,5
ID_Z7EGT701,sexual_violence,True,True,True,True,True,5
ID_Z7K5MG8E,sexual_violence,True,True,True,True,True,5
ID_Z7LBU9BE,sexual_violence,True,True,True,True,True,5
ID_Z7P10CV5,Physical_violence,True,True,True,True,True,5
ID_Z7VVMLH5,sexual_violence,True,True,True,True,True,5
ID_Z7YV7JTF,sexual_violence,True,True,True,True,True,5
ID_Z8443OV7,sexual_violence,True,True,True,True,True,5
ID_Z85PZEWG,sexual_violence,True,True,True,True,True,5
ID_Z8885ABR,sexual_violence,True,True,True,True,True,5
ID_Z8A3R2NU,sexual_violence,True,True,True,True,True,5
ID_Z8G47156,Physical_violence,True,True,True,True,True,5
ID_Z8Q0O3DY,Physical_violence,True,True,True,True,True,5
ID_Z8TE1WRX,sexual_violence,True,True,True,True,True,5
ID_Z8UA8I8S,sexual_violence,True,True,True,True,True,5
ID_Z8XZKTJO,sexual_violence,True,True,True,True,True,5
ID_Z94HFRVF,sexual_violence,True,True,True,True,True,5
ID_Z9DZNA21,Physical_violence,True,True,True,True,True,5
ID_Z9EZTUT7,Physical_violence,True,True,True,True,True,5
ID_Z9HBX1DV,sexual_violence,True,True,True,True,True,5
ID_Z9P2HFAV,sexual_violence,True,True,True,True,True,5
ID_Z9RHBGAF,sexual_violence,True,True,True,True,True,5
ID_ZAGIOXFZ,sexual_violence,True,True,True,True,True,5
ID_ZAIL6SUG,sexual_violence,True,True,True,True,True,5
ID_ZANOPXBT,sexual_violence,True,True,True,True,True,5
ID_ZAPF0WD0,sexual_violence,True,True,True,True,True,5
ID_ZAT9AO51,sexual_violence,True,True,True,True,True,5
ID_ZAUM6P9K,sexual_violence,True,True,True,True,True,5
ID_ZAZVM2PC,sexual_violence,True,True,True,True,True,5
ID_ZB302GEX,sexual_violence,True,True,True,True,True,5
ID_ZB3XDJNG,sexual_violence,True,True,True,True,True,5
ID_ZB507M78,Physical_violence,True,True,True,True,True,5
ID_ZB5FCIKR,sexual_violence,True,True,True,True,True,5
ID_ZBAUB342,sexual_violence,True,True,True,True,True,5
ID_ZBD2VULI,sexual_violence,True,True,True,True,True,5
ID_ZBIB5AJW,sexual_violence,True,True,True,True,True,5
ID_ZBKDSL4U,sexual_violence,True,True,True,True,True,5
ID_ZBLXYZ0K,sexual_violence,True,True,True,True,True,5
ID_ZBMDS38M,sexual_violence,True,True,True,True,True,5
ID_ZBRKJDET,sexual_violence,True,True,True,True,True,5
ID_ZBY6ADOI,sexual_violence,True,True,True,True,True,5
ID_ZC4ZZCSS,sexual_violence,True,True,True,True,True,5
ID_ZC6NQ3SV,sexual_violence,True,True,True,True,True,5
ID_ZC8M51JZ,sexual_violence,True,True,True,True,True,5
ID_ZCC7YJK0,Physical_violence,True,True,True,True,True,5
ID_ZCME0SWN,sexual_violence,True,True,True,True,True,5
ID_ZCYUOJ3X,sexual_violence,True,True,True,True,True,5
ID_ZD3KCLWR,sexual_violence,True,True,True,True,True,5
ID_ZD4VHH7T,sexual_violence,True,True,True,True,True,5
ID_ZD6F6EPD,sexual_violence,True,True,True,True,True,5
ID_ZDAI424E,sexual_violence,True,True,True,True,True,5
ID_ZDEQ0FK0,sexual_violence,True,True,True,True,True,5
ID_ZDHSRWW0,sexual_violence,True,True,True,True,True,5
ID_ZDHTE24C,sexual_violence,True,True,True,True,True,5
ID_ZDJUVST4,sexual_violence,True,True,True,True,True,5
ID_ZDLTUQCQ,sexual_violence,True,True,True,True,True,5
ID_ZDQHSK2V,sexual_violence,True,True,True,True,True,5
ID_ZDWZXZWJ,sexual_violence,True,True,True,True,True,5
ID_ZE8S5CL8,sexual_violence,True,True,True,True,True,5
ID_ZECS50PK,sexual_violence,True,True,True,True,True,5
ID_ZEHTK1JO,sexual_violence,True,True,True,True,True,5
ID_ZEOGPQ3J,sexual_violence,True,True,True,True,True,5
ID_ZEUKQ089,sexual_violence,True,True,True,True,True,5
ID_ZEVO0MEF,sexual_violence,True,True,True,True,True,5
ID_ZFFN87UC,Physical_violence,True,True,True,True,True,5
ID_ZFQJYTXI,Physical_violence,True,True,True,True,True,5
ID_ZFRAT49P,sexual_violence,True,True,True,True,True,5
ID_ZFTPWW8E,Physical_violence,True,True,True,True,True,5
ID_ZFU7KOGG,sexual_violence,True,True,True,True,True,5
ID_ZFWCMFQF,Physical_violence,True,True,True,True,True,5
ID_ZGTWCVBW,sexual_violence,True,True,True,True,True,5
ID_ZGXFBRBY,sexual_violence,True,True,True,True,True,5
ID_ZH2SU7QJ,sexual_violence,True,True,True,True,True,5
ID_ZHDW1NFM,sexual_violence,True,True,True,True,True,5
ID_ZHE53TA5,sexual_violence,True,True,True,True,True,5
ID_ZHKU1DP8,sexual_violence,True,True,True,True,True,5
ID_ZHN8Y4JT,sexual_violence,True,True,True,True,True,5
ID_ZHU2IS9G,sexual_violence,True,True,True,True,True,5
ID_ZI58EH5B,sexual_violence,True,True,True,True,True,5
ID_ZI69OIGA,sexual_violence,True,True,True,True,True,5
ID_ZI8I547V,sexual_violence,True,True,True,True,True,5
ID_ZIAGMZRZ,sexual_violence,True,True,True,True,True,5
ID_ZICFD81F,sexual_violence,True,True,True,True,True,5
ID_ZIJ9E0R9,sexual_violence,True,True,True,True,True,5
ID_ZIJP12J2,Harmful_Traditional_practice,True,True,True,True,True,5
ID_ZIQC9OSY,Physical_violence,True,True,True,True,True,5
ID_ZIXT1NFA,sexual_violence,True,True,True,True,True,5
ID_ZJ18DLBN,sexual_violence,True,True,True,True,True,5
ID_ZJ2EY7J3,sexual_violence,True,True,True,True,True,5
ID_ZJ2QAXGK,sexual_violence,True,True,True,True,True,5
ID_ZJ4G3UYB,Physical_violence,True,True,True,True,True,5
ID_ZJF4LCSP,sexual_violence,True,True,True,True,True,5
ID_ZJHVRTZ6,Physical_violence,True,True,True,True,True,5
ID_ZJSLNCOS,sexual_violence,True,True,True,True,True,5
ID_ZJYBXYO9,Physical_violence,True,True,True,True,True,5
ID_ZK2WJK3U,sexual_violence,True,True,True,True,True,5
ID_ZKBAURIP,sexual_violence,True,True,True,True,True,5
ID_ZKBFQQQ2,sexual_violence,True,True,True,True,True,5
ID_ZKBQ13CM,Physical_violence,True,True,True,True,True,5
ID_ZKF1HZIH,sexual_violence,True,True,True,True,True,5
ID_ZKV3Q9IV,sexual_violence,True,True,True,True,True,5
ID_ZL1OVOG4,sexual_violence,True,True,True,True,True,5
ID_ZL2OEV5H,sexual_violence,True,True,True,True,True,5
ID_ZL44H3VQ,sexual_violence,True,True,True,True,True,5
ID_ZLB8FWL9,sexual_violence,True,True,True,True,True,5
ID_ZLCEQV1B,sexual_violence,True,True,True,True,True,5
ID_ZLDNQLQ6,sexual_violence,True,True,True,True,True,5
ID_ZLDZI611,sexual_violence,True,True,True,True,True,5
ID_ZLE9P1VN,sexual_violence,True,True,True,True,True,5
ID_ZLJWBXZO,sexual_violence,True,True,True,True,True,5
ID_ZLMYMT6K,Physical_violence,True,True,True,True,True,5
ID_ZLP6IS6P,sexual_violence,True,True,True,True,True,5
ID_ZM5D9152,sexual_violence,True,True,True,True,True,5
ID_ZMALO9K3,sexual_violence,True,True,True,True,True,5
ID_ZMF7HMT4,sexual_violence,True,True,True,True,True,5
ID_ZMJRNSPZ,sexual_violence,True,True,True,True,True,5
ID_ZMLQK75D,sexual_violence,True,True,True,True,True,5
ID_ZMPB3XHE,sexual_violence,True,True,True,True,True,5
ID_ZMPC1SHK,sexual_violence,True,True,True,True,True,5
ID_ZMQBNI1R,sexual_violence,True,True,True,True,True,5
ID_ZMRBAZ9Y,sexual_violence,True,True,True,True,True,5
ID_ZMXFX5OF,sexual_violence,True,True,True,True,True,5
ID_ZN5EVB27,sexual_violence,True,True,True,True,True,5
ID_ZN6TPU7G,sexual_violence,True,True,True,True,True,5
ID_ZN7JLBZF,Physical_violence,True,True,True,True,True,5
ID_ZNL7IFMD,sexual_violence,True,True,True,True,True,5
ID_ZNM9FBOW,sexual_violence,True,True,True,True,True,5
ID_ZNVY5JJ5,economic_violence,True,True,True,True,True,5
ID_ZNYRBPMF,sexual_violence,True,True,True,True,True,5
ID_ZO07ALTI,Physical_violence,True,True,True,True,True,5
ID_ZO43GR59,sexual_violence,True,True,True,True,True,5
ID_ZO7KEX22,sexual_violence,True,True,True,True,True,5
ID_ZOACH63Z,sexual_violence,True,True,True,True,True,5
ID_ZOFSSNB1,Physical_violence,True,True,True,True,True,5
ID_ZOMOJBL5,sexual_violence,True,True,True,True,True,5
ID_ZOT7NR8X,sexual_violence,True,True,True,True,True,5
ID_ZOXDPUSQ,sexual_violence,True,True,True,True,True,5
ID_ZP0UFZ6C,sexual_violence,True,True,True,True,True,5
ID_ZP88E8YH,Physical_violence,True,True,True,True,True,5
ID_ZPCJRTJ7,sexual_violence,True,True,True,True,True,5
ID_ZPKYTC14,sexual_violence,True,True,True,True,True,5
ID_ZPUPY7U2,sexual_violence,True,True,True,True,True,5
ID_ZPWAZ64G,sexual_violence,True,True,True,True,True,5
ID_ZQ2YW4P5,sexual_violence,True,True,True,True,True,5
ID_ZQQ3WKAG,sexual_violence,True,True,True,True,True,5
ID_ZRBLANZ1,sexual_violence,True,True,True,True,True,5
ID_ZREZGTWN,sexual_violence,True,True,True,True,True,5
ID_ZRK9I455,sexual_violence,True,True,True,True,True,5
ID_ZRMW8ZNK,sexual_violence,True,True,True,True,True,5
ID_ZRWKYGQ7,sexual_violence,True,True,True,True,True,5
ID_ZSC2A6LO,sexual_violence,True,True,True,True,True,5
ID_ZSISLNOY,Physical_violence,True,True,True,True,True,5
ID_ZSKVU5BE,Physical_violence,True,True,True,True,True,5
ID_ZSMBR3S1,sexual_violence,True,True,True,True,True,5
ID_ZSOYXNV9,sexual_violence,True,True,True,True,True,5
ID_ZSZUT73E,sexual_violence,True,True,True,True,True,5
ID_ZT0X0WC4,Physical_violence,True,True,True,True,True,5
ID_ZT30SHLK,sexual_violence,True,True,True,True,True,5
ID_ZT68JIQA,sexual_violence,True,True,True,True,True,5
ID_ZT693KHJ,sexual_violence,True,True,True,True,True,5
ID_ZT843TPV,sexual_violence,True,True,True,True,True,5
ID_ZTCSEQB4,sexual_violence,True,True,True,True,True,5
ID_ZTIOP2TT,sexual_violence,True,True,True,True,True,5
ID_ZTMTN2GC,sexual_violence,True,True,True,True,True,5
ID_ZTQT7QME,sexual_violence,True,True,True,True,True,5
ID_ZTYSX7LZ,sexual_violence,True,True,True,True,True,5
ID_ZU2BW3BH,sexual_violence,True,True,True,True,True,5
ID_ZU2SIEV2,sexual_violence,True,True,True,True,True,5
ID_ZU5EREE5,sexual_violence,True,True,True,True,True,5
ID_ZUB8ATMC,Physical_violence,True,True,True,True,True,5
ID_ZUDEM96C,sexual_violence,True,True,True,True,True,5
ID_ZUGH2KOU,sexual_violence,True,True,True,True,True,5
ID_ZUII0O4O,sexual_violence,True,True,True,True,True,5
ID_ZURBKGWF,Physical_violence,True,True,True,True,True,5
ID_ZUT4UN5I,sexual_violence,True,True,True,True,True,5
ID_ZUTBHAWA,sexual_violence,True,True,True,True,True,5
ID_ZV3HHDNM,sexual_violence,True,True,True,True,True,5
ID_ZV3KP5OW,Physical_violence,True,True,True,True,True,5
ID_ZV8QO7D5,sexual_violence,True,True,True,True,True,5
ID_ZVAKYBHQ,sexual_violence,True,True,True,True,True,5
ID_ZVD2402S,sexual_violence,True,True,True,True,True,5
ID_ZVHUAB2X,sexual_violence,True,True,True,True,True,5
ID_ZVQRTWWC,sexual_violence,True,True,True,True,True,5
ID_ZVTCGL4S,sexual_violence,True,True,True,True,True,5
ID_ZW2A04I3,sexual_violence,True,True,True,True,True,5
ID_ZW6PQBVS,sexual_violence,True,True,True,True,True,5
ID_ZWD2DT1L,sexual_violence,True,True,True,True,True,5
ID_ZWDBGPTP,sexual_violence,True,True,True,True,True,5
ID_ZWF8Y2R8,sexual_violence,True,True,True,True,True,5
ID_ZWGIXGA3,sexual_violence,True,True,True,True,True,5
ID_ZWLX1QB0,sexual_violence,True,True,True,True,True,5
ID_ZWTO0GSD,sexual_violence,True,True,True,True,True,5
ID_ZWTUUTWM,sexual_violence,True,True,True,True,True,5
ID_ZWUH5ZF5,sexual_violence,True,True,True,True,True,5
ID_ZWUU95X3,sexual_violence,True,True,True,True,True,5
ID_ZX3373PY,sexual_violence,True,True,True,True,True,5
ID_ZX58LZ4R,sexual_violence,True,True,True,True,True,5
ID_ZX5JI129,sexual_violence,True,True,True,True,True,5
ID_ZXFBQ9BG,sexual_violence,True,True,True,True,True,5
ID_ZXOOAWFU,sexual_violence,True,True,True,True,True,5
ID_ZY11QH2M,sexual_violence,True,True,True,True,True,5
ID_ZYCD93WR,sexual_violence,True,True,True,True,True,5
ID_ZYEZ0MJ1,sexual_violence,True,True,True,True,True,5
ID_ZYJ4TZYZ,sexual_violence,True,True,True,True,True,5
ID_ZYVVHG2Y,sexual_violence,True,True,True,True,True,5
ID_ZZ0MWI19,sexual_violence,True,True,True,True,True,5
ID_ZZ1CEOZ9,sexual_violence,True,True,True,True,True,5
ID_ZZ5UG9V8,sexual_violence,True,True,True,True,True,5
ID_ZZ75IRIZ,sexual_violence,True,True,True,True,True,5
ID_ZZAB1FH1,sexual_violence,True,True,True,True,True,5
ID_ZZEZH7HZ,sexual_violence,True,True,True,True,True,5
ID_ZZF4J8OZ,sexual_violence,True,True,True,True,True,5
ID_ZZJ0AP5E,sexual_violence,True,True,True,True,True,5
ID_ZZJZ2CV6,sexual_violence,True,True,True,True,True,5
ID_ZZLP8ZDP,Physical_violence,True,True,True,True,True,5
ID_ZZT58Z40,sexual_violence,True,True,True,True,True,5
ID_ZZY8B7FJ,Physical_violence,True,True,True,True,True,5
